{"type":"FeatureCollection","features":[{"type":"Feature","geometry":{"type":"MultiPolygon","coordinates":[[[[-89.97746134053666,29.46328661376071],[-89.97743863921112,29.46012457185206],[-89.97693131116284,29.46100850825759],[-89.97603018954176,29.461005218514988],[-89.9732593055052,29.461965726534558],[-89.97223969609816,29.46213566197071],[-89.97133337682484,29.462742571806878],[-89.96802470286868,29.463731837293608],[-89.96558897217977,29.464122380914223],[-89.96380279350987,29.463628579171036],[-89.96017459958692,29.46104790147029],[-89.95759959948626,29.45798379985004],[-89.9501967000108,29.458544400134812],[-89.94912390045748,29.459086201008027],[-89.94541169968244,29.45945980045284],[-89.94502539985575,29.459814801012776],[-89.94470359906647,29.45960929975937],[-89.94350190025303,29.45940379965398],[-89.9429870003052,29.45947850127282],[-89.94287970103609,29.459104901114706],[-89.94081970059624,29.458338800882363],[-89.93946789958702,29.458189400604134],[-89.93931769947487,29.45880590001238],[-89.93875979986935,29.459628001333954],[-89.93704320020977,29.46104790147029],[-89.935806346726,29.461134041659115],[-89.93608648814399,29.461421555479813],[-89.9373930212494,29.46192509553869],[-89.93804724271126,29.462428635444198],[-89.93904287877832,29.462520187672357],[-89.93951399394086,29.46297795148441],[-89.93948919954072,29.46403080823264],[-89.93917257933566,29.46464878946284],[-89.9391992817575,29.46583897581754],[-89.93883307095551,29.46618611256776],[-89.937942339249,29.46654850948135],[-89.93781263869165,29.467166491011668],[-89.93720991584841,29.46808583272533],[-89.93841345441156,29.467788286217726],[-89.93909437739693,29.46787983908229],[-89.93925268749945,29.468108720882054],[-89.9391992826558,29.46845204417725],[-89.93883307095551,29.468955583741614],[-89.93891127199593,29.469184465459524],[-89.94158156178868,29.469070025056205],[-89.94254858741226,29.469482011780606],[-89.94322951039763,29.46941334744282],[-89.94335921005666,29.469527788240708],[-89.94309981073859,29.47046620463733],[-89.94357092679944,29.47154194844779],[-89.94377559895378,29.47257881141745],[-89.9442766459816,29.472961017026403],[-89.94415076056926,29.47348744460246],[-89.9432581208411,29.47348744460246],[-89.94247229349519,29.47410542607276],[-89.94111426087282,29.474132129291572],[-89.94006331283879,29.474589892300546],[-89.93967039781836,29.474567004042743],[-89.93859655891426,29.473788806460416],[-89.93823034811226,29.473102161220382],[-89.93812353752666,29.47238881156911],[-89.93836004777128,29.471152849742243],[-89.93804724271126,29.470992632654173],[-89.93681890974797,29.470923967775207],[-89.93624289022485,29.4712444026972],[-89.93603308240203,29.471129961490558],[-89.93587286517615,29.470214434226097],[-89.93511755539708,29.46989399917734],[-89.93427832141087,29.469916887708024],[-89.93370611703277,29.470283098803534],[-89.93370611703277,29.47058064581107],[-89.93412191933001,29.471175737988684],[-89.93409521600988,29.471770830583853],[-89.93375952277471,29.472205706861256],[-89.93310148706617,29.47209508010904],[-89.93284017972644,29.470260210355523],[-89.93255407708824,29.470260210355523],[-89.93163855008326,29.471793718690847],[-89.93137342849683,29.47204548909078],[-89.93118841507417,29.472022601040617],[-89.93111212115708,29.471911974870693],[-89.93163664206159,29.47035176333442],[-89.9321859591629,29.469733782446372],[-89.93323118672521,29.4691158017023],[-89.93336279350758,29.468337602947305],[-89.93372900520788,29.467925614701453],[-89.93407232693643,29.46801716822415],[-89.93475134369676,29.468909807023255],[-89.936582398605,29.469390459580577],[-89.93757612934535,29.470214434226097],[-89.93817826648703,29.470511692847154],[-89.93859655891426,29.47042042781886],[-89.93862326223439,29.470099993421123],[-89.93760283086885,29.468909807023255],[-89.93679220642782,29.468749590301318],[-89.93652899376137,29.468337602947305],[-89.9368417988214,29.467010087442134],[-89.93524725415779,29.466437882813732],[-89.93395714854397,29.46568253265884],[-89.93371729926142,29.46626030081711],[-89.93279459920892,29.46680210192599],[-89.9326015000504,29.46745599930515],[-89.93163590005317,29.468408701119287],[-89.93054149961051,29.468857101712377],[-89.92846010040226,29.46924940015984],[-89.92560629917001,29.469473600409568],[-89.92582079979188,29.47001530066662],[-89.9254774996229,29.470407600889693],[-89.92622850108188,29.470762600668674],[-89.92706540034666,29.470631800924686],[-89.92770909894328,29.470968101220794],[-89.92809529995527,29.47190209888287],[-89.93223670050172,29.47373290038224],[-89.93255849949438,29.474031699500966],[-89.93298770016408,29.473994401763637],[-89.93371730015974,29.474592199347818],[-89.93401770038402,29.475825100569104],[-89.93363140055732,29.477170000927455],[-89.93318080022092,29.477879900269688],[-89.93122820055979,29.477973298981997],[-89.93107800044764,29.478328200322366],[-89.93155000045074,29.478982000685924],[-89.93174309960928,29.47982260188292],[-89.9321294012326,29.480308199719058],[-89.93213211144982,29.48054489461479],[-89.93308050601439,29.480338643200607],[-89.93375796329939,29.480589834809653],[-89.93451674057549,29.480498861157898],[-89.93537799945581,29.480910581695202],[-89.93578067018024,29.480808015153116],[-89.9360864890423,29.480178425772067],[-89.9360864890423,29.478023120925496],[-89.93637449790555,29.47781712714007],[-89.93791754305222,29.477954456116258],[-89.93865187357618,29.478297778915532],[-89.93912298963704,29.478850910470193],[-89.93878157323522,29.480269978395928],[-89.93875677703844,29.48120839388767],[-89.93844397287673,29.481391499537946],[-89.93755133225025,29.481597493096828],[-89.93623907687646,29.481597493096828],[-89.93503983585363,29.48125441763826],[-89.93427832141087,29.481437276094315],[-89.93385889620808,29.481139865740165],[-89.93321020657174,29.48134572296084],[-89.93260618925618,29.481139954106073],[-89.93214030947509,29.481260563364366],[-89.93215080000098,29.482176198879056],[-89.9317216999426,29.48198939894845],[-89.9309277994372,29.482979401735605],[-89.93021970061787,29.483259499844266],[-89.9304556997211,29.48443630006393],[-89.93069169972267,29.484847200738994],[-89.93139979944031,29.48494060006837],[-89.93189329972142,29.486079999895633],[-89.93058439955522,29.486565699117435],[-89.93056299988854,29.486939200439515],[-89.9277735000643,29.48822800049665],[-89.9277519997863,29.48875100050915],[-89.92736614552399,29.489339782910356],[-89.92820532201802,29.48924596304438],[-89.9285486455432,29.489017082054318],[-89.92883665440644,29.48812444203439],[-89.92993719573238,29.488101553705267],[-89.93043310709172,29.488559317740975],[-89.93058950917256,29.489314628022473],[-89.93037970045144,29.49000127289849],[-89.9304598086152,29.49027593204799],[-89.93161184855975,29.491786552661196],[-89.93161566190813,29.492316795149186],[-89.9313753365185,29.493003440788648],[-89.93255407888485,29.493827415823826],[-89.9328153862246,29.494445396806743],[-89.93349630920994,29.494788719249005],[-89.93399221967098,29.495406699840295],[-89.9343326838586,29.495566471752536],[-89.93490965559592,29.49520070698942],[-89.93600828710356,29.493964744996344],[-89.93635351775208,29.493918968626165],[-89.9366625085654,29.494262290507088],[-89.93655951222652,29.4955669182106],[-89.93488295227579,29.49700887370253],[-89.93341620104617,29.49762685482173],[-89.93337805498597,29.498044564462756],[-89.93420393641378,29.498450829775965],[-89.93420393641378,29.499003960778342],[-89.93367941640757,29.499278618973438],[-89.93312628416128,29.499278618973438],[-89.93247626681494,29.49845113861293],[-89.93058950917256,29.498775079161906],[-89.93045599436851,29.49792440208456],[-89.93030177968538,29.49781016379845],[-89.92993719573238,29.49785573668744],[-89.9292963259306,29.49835737018817],[-89.92901976070574,29.498336388798315],[-89.92880804486127,29.498107507236952],[-89.92899115205888,29.49700887370253],[-89.92962057552734,29.49526937105897],[-89.9304598086152,29.49423940278275],[-89.93048460481201,29.492751670844232],[-89.92909796174617,29.489635061886652],[-89.9288385624281,29.489703727382977],[-89.92875654624265,29.491168571096132],[-89.92836553924388,29.49142034106555],[-89.92776281729896,29.49121434714532],[-89.92708225274139,29.490711072193665],[-89.92630507527333,29.490958890676165],[-89.92562770063334,29.492075599680998],[-89.92575650107878,29.494111401259612],[-89.92528440046436,29.49534410020107],[-89.92421150029972,29.496838199992336],[-89.92388960069576,29.497566599826904],[-89.92440460035657,29.49825760084544],[-89.92712969995804,29.49861239986584],[-89.92873910006152,29.49937810115013],[-89.93067030005595,29.500536000571866],[-89.93232249949281,29.502160799407942],[-89.93378160066946,29.503878900096048],[-89.933996200106,29.50778200003395],[-89.93062730039826,29.509929500542537],[-89.92833139966983,29.51080720029124],[-89.92429730018914,29.511367400537104],[-89.92202279912742,29.511386000313163],[-89.9209929004171,29.510993900174356],[-89.91904020014466,29.509649400346387],[-89.91680859992597,29.507744599014682],[-89.91691590009339,29.506045199861457],[-89.91734500015178,29.504887399399866],[-89.91740940037451,29.503337400395548],[-89.9182463005376,29.50034930094956],[-89.91843939969613,29.497846699829218],[-89.91899730019996,29.49685690017231],[-89.92034910031086,29.49644600207399],[-89.92084260059198,29.49381259878982],[-89.92037059969056,29.492075599680998],[-89.91850380081716,29.490506700893924],[-89.9165082006,29.48641620202219],[-89.91130174038474,29.48427570672755],[-89.91161138427329,29.488788200547116],[-89.91111547381226,29.490001273680434],[-89.91004163670478,29.49153478282011],[-89.90980512556182,29.492152764496907],[-89.9097536260449,29.49297673863255],[-89.9101999468073,29.493800713103028],[-89.91116888045252,29.494765831643686],[-89.91195470779844,29.496505334334252],[-89.91302473065923,29.497901513624026],[-89.9132364465037,29.499000146857785],[-89.9127882195163,29.49954946330571],[-89.9122904010336,29.499774530844288],[-89.9105585300142,29.499740198778778],[-89.9085214788349,29.498176172463364],[-89.9081247513644,29.49806173117535],[-89.9075792485098,29.49675710433135],[-89.908788508443,29.496596887061823],[-89.91147977749091,29.49776418431598],[-89.91137487402862,29.497123315398337],[-89.91001493338464,29.495338036645737],[-89.90912420077981,29.494742944033177],[-89.90823156194999,29.493732048819805],[-89.90757543336478,29.49258763933229],[-89.90758115653145,29.49185521748127],[-89.90784246387119,29.491351676732634],[-89.90791875778828,29.490733695642454],[-89.90836698387739,29.49006993892856],[-89.90852147973321,29.489131522613985],[-89.90894109627715,29.488215995299054],[-89.90896970582233,29.486999106748716],[-89.90828496769196,29.484710287727843],[-89.90828878373526,29.483863425107245],[-89.90861972757752,29.48303305450778],[-89.90749599983579,29.48251239988182],[-89.90642309967114,29.48346500008587],[-89.90532880073813,29.486154700628276],[-89.90258219996029,29.490114501136684],[-89.89966390058895,29.492206300597992],[-89.88919259954639,29.492056899400165],[-89.88181110063596,29.48802250131309],[-89.88146780046698,29.483539701182295],[-89.88670350084476,29.47875780113112],[-89.88891920627283,29.475864455962366],[-89.8883951300344,29.47421605375952],[-89.88855534815858,29.473712513730412],[-89.88941880162315,29.474009788685144],[-89.89096432971328,29.473208973546402],[-89.8913572438354,29.473231861328674],[-89.89151555483623,29.473346302508954],[-89.89148694349444,29.473712513730412],[-89.8910878983705,29.474177645574628],[-89.89580150060009,29.474947100013296],[-89.89516343444029,29.471947380763957],[-89.89415532436722,29.47224766951021],[-89.89386922172899,29.472018788450626],[-89.89384251930719,29.47176701720231],[-89.8950262607981,29.471302489009386],[-89.8949432007703,29.470912001195867],[-89.89376459764281,29.469944515673337],[-89.89300328532099,29.469752856773834],[-89.89216977360316,29.468974658215473],[-89.89162175636406,29.468833761674034],[-89.8909395335165,29.469111987438804],[-89.89028697573454,29.46906252244256],[-89.88942128366828,29.469382831856212],[-89.8884027594261,29.469108172393057],[-89.88790684806676,29.46952016052665],[-89.88732701429694,29.46942860757897],[-89.88722401705974,29.469085284461922],[-89.88664799753661,29.468467303675958],[-89.88688260245452,29.468078204902802],[-89.88766842980046,29.467711993664995],[-89.88821965312678,29.467666217167274],[-89.88923817736897,29.468490192528627],[-89.88968317670958,29.468650220393283],[-89.89148576759972,29.468073880670946],[-89.88777826231868,29.46492600994816],[-89.8870981316474,29.464961596605097],[-89.88686162050445,29.465190477952433],[-89.8868330109593,29.46617848538441],[-89.88657170361954,29.46672780144905],[-89.88531285398771,29.467551776614698],[-89.88442212138291,29.467872211244266],[-89.88287907623624,29.46778065837282],[-89.88094120894576,29.466746875559892],[-89.88029270975225,29.466746875559892],[-89.8797910779212,29.467181750703837],[-89.87944966241767,29.468188830563047],[-89.8803918936411,29.469726153965713],[-89.88042241030962,29.47000081331905],[-89.87963276781868,29.469977924025265],[-89.87923985369656,29.46892506801724],[-89.87894993681164,29.46864659459733],[-89.87830143851647,29.46864659459733],[-89.87772351276833,29.46898991841764],[-89.87727909912927,29.46949345843938],[-89.8762281492986,29.47217519055087],[-89.87565403779713,29.47277028431829],[-89.87403088358836,29.473453115359764],[-89.87167342850006,29.473155858324123],[-89.87096958859347,29.473384450583044],[-89.8709161828515,29.473681997091514],[-89.87115269399447,29.474231313172805],[-89.87196331753717,29.475421498883367],[-89.87209873946458,29.476729940731005],[-89.87162571628038,29.477645467808856],[-89.87063389535832,29.478423666283405],[-89.8707101892754,29.479636740719453],[-89.87055378629624,29.479888510408788],[-89.86982517893895,29.480392051039182],[-89.86895733450929,29.480323385488727],[-89.86890583678898,29.480758261830708],[-89.86832981726587,29.480872703115896],[-89.86830692909074,29.48138005813261],[-89.86806851082443,29.481563163472746],[-89.86678852383399,29.481494544853497],[-89.8657396365352,29.481700492065208],[-89.8636968666808,29.48071630035866],[-89.86107426125996,29.478911947664784],[-89.86160068928781,29.478404593587374],[-89.86369114441243,29.477393698022045],[-89.86395626510055,29.477099966204744],[-89.86387424891512,29.47535665025067],[-89.86369114441243,29.474944661590225],[-89.86311789888691,29.474578754344897],[-89.862256817873,29.474830220650205],[-89.86144047206193,29.474761556806218],[-89.86065464381768,29.474052022742278],[-89.86041630011157,29.47356279042983],[-89.86005309956411,29.473826300569403],[-89.85820769945907,29.473957000781407],[-89.85696320041393,29.47429330099636],[-89.85522509957804,29.47515260146813],[-89.84902380010135,29.476553600644642],[-89.84679220078095,29.476348101247904],[-89.83964680068677,29.476254699474044],[-89.83541969996392,29.474853700858826],[-89.83164309986448,29.472705400360876],[-89.82765200004148,29.47066920000535],[-89.82604270054934,29.46947359962747],[-89.82488389988397,29.468128500187085],[-89.82398270010947,29.468109801744138],[-89.82194419994761,29.466503200161554],[-89.82241630056203,29.465998799823197],[-89.8192619993925,29.463476700274878],[-89.81816770045945,29.462467799719377],[-89.81765269990035,29.46175790118162],[-89.81561420063682,29.460431400827037],[-89.81518510057842,29.459310401043474],[-89.81316800098156,29.458245400509078],[-89.81179480030565,29.457778300362516],[-89.80872629992386,29.456283600482614],[-89.80846880054261,29.456283600482614],[-89.80606559964676,29.457666200669127],[-89.80340479965668,29.458245399726902],[-89.80140920033783,29.4580959007568],[-89.7971821005133,29.45732990084565],[-89.79430679900302,29.456470500182753],[-89.79312660046759,29.456414399959872],[-89.79061600058962,29.4570310001065],[-89.79016540025322,29.45693760087567],[-89.78898529963416,29.457124400815704],[-89.78771920059799,29.456545200832895],[-89.78677509998046,29.45699359990726],[-89.78647470065451,29.457684901037567],[-89.78628160059766,29.45746070053823],[-89.78471520015192,29.457572800458763],[-89.78456500003978,29.458432299723622],[-89.78523019981272,29.459385099602425],[-89.78533740026715,29.460449999787194],[-89.7846936998739,29.460543499811173],[-89.78471520015192,29.462056799724735],[-89.7842216001578,29.462916201552897],[-89.78413580026839,29.463999799847567],[-89.783363300328,29.464298699604996],[-89.7838569003221,29.464859200854217],[-89.78334190066131,29.46540089995184],[-89.78347060049545,29.465868000190994],[-89.78293419937131,29.466297700728013],[-89.78224749932033,29.46648450063679],[-89.78235479948776,29.468595501049855],[-89.7810459002199,29.469380200905082],[-89.77862120084265,29.473116400993398],[-89.7787285010101,29.47429330099636],[-89.77847099983221,29.476478899873207],[-89.77810619938522,29.476721701226545],[-89.77754830067802,29.477861201279115],[-89.77774139983654,29.478627101634792],[-89.77722640107406,29.479094101059406],[-89.77731229977815,29.479878600789668],[-89.7757243999527,29.480494999620404],[-89.77465150068637,29.481279601115045],[-89.77074619985449,29.482138800133697],[-89.76804260053099,29.482194800106615],[-89.76598260098945,29.48187730021336],[-89.76387980031787,29.48124220125681],[-89.76212019920395,29.47956109989633],[-89.76051089971179,29.477525000487752],[-89.75982430027216,29.476983200372302],[-89.75926639976834,29.4761800016105],[-89.75896600044237,29.47528330075223],[-89.75855830005068,29.474947100013296],[-89.75836519999383,29.474143800656737],[-89.75763559999817,29.473788901089232],[-89.75754980010876,29.47087469996461],[-89.75692749938221,29.47031419989933],[-89.75662710095456,29.469809801311715],[-89.75724940078278,29.46874499940372],[-89.75694889994722,29.46717570032333],[-89.75632670073028,29.466054800109223],[-89.75684169949278,29.464933900801597],[-89.75714210061537,29.463700900773503],[-89.75776429983229,29.4631776995455],[-89.75836519999383,29.45945980045284],[-89.75802180101017,29.45906750168011],[-89.7582149998817,29.458488300276624],[-89.75812910027928,29.457834400613365],[-89.75875140100584,29.456956201258667],[-89.75842949960524,29.456358400608572],[-89.75888009994163,29.45514390096157],[-89.75851540010598,29.453723901759783],[-89.75973839977144,29.45321940032445],[-89.75969549982672,29.45295780156745],[-89.76029630027527,29.452546801370463],[-89.75978140122577,29.452247799712897],[-89.75950239976987,29.452565501118123],[-89.75928780033334,29.452434699807657],[-89.75982429937383,29.451145400123078],[-89.76057530083284,29.450640900729535],[-89.76055379965652,29.450099100907025],[-89.76319309936859,29.44880980127187],[-89.76390119998456,29.448847201358827],[-89.76422309958852,29.449071401335814],[-89.76445909959008,29.44838000083961],[-89.76611139963825,29.44780080100331],[-89.76639030048283,29.448417401084967],[-89.76868630002595,29.4486043011946],[-89.76928710047447,29.448230600759565],[-89.76954460075403,29.448473501036002],[-89.76909400041764,29.448921899799117],[-89.76883650013805,29.449594600222802],[-89.7693944006419,29.449426401480952],[-89.77031710069441,29.45006170128144],[-89.77123980074691,29.45019249939297],[-89.7712183004689,29.450865199998404],[-89.77087500119823,29.451164099346773],[-89.7712611995153,29.451556500646017],[-89.77113249968117,29.451855500429613],[-89.77008100097986,29.4516499009195],[-89.76917980030704,29.451164099346773],[-89.76866479974792,29.451145399340827],[-89.76849319996907,29.45150040161713],[-89.76973770081088,29.453761300817725],[-89.77098230136566,29.45387340013268],[-89.77450129967592,29.455312100394526],[-89.77671150022793,29.45406020023921],[-89.77669000084822,29.453798599739034],[-89.77832079972008,29.45314470035439],[-89.77977989999839,29.45213570173081],[-89.78278400015748,29.450827799872926],[-89.78392119993353,29.45086520078059],[-89.78565930076942,29.451986200015366],[-89.78864189975218,29.453537101034087],[-89.78915689941299,29.453537101034087],[-89.79033710064337,29.454845000821674],[-89.79205370030296,29.45460210093511],[-89.79261160080678,29.454078900490185],[-89.79640960057293,29.454845001603886],[-89.7984695004015,29.455629700687766],[-89.7999072001148,29.45548019942741],[-89.80316879965511,29.45641440074207],[-89.80475659976756,29.45587259967857],[-89.80791090003878,29.45389209963586],[-89.80982070036652,29.45409760073765],[-89.81080770003042,29.454639400329416],[-89.81345770047417,29.454340501049874],[-89.81386540086586,29.454125601432217],[-89.81597900018548,29.450220501165195],[-89.81576439985062,29.4494264006987],[-89.81619359962201,29.449258301805397],[-89.81638669967886,29.44875380085239],[-89.81627940040975,29.44834270070881],[-89.81576439985062,29.448025000163025],[-89.81580729979534,29.447763401312958],[-89.81649399984629,29.44798770146624],[-89.81859680051787,29.446306001075115],[-89.82029199961242,29.44529689925025],[-89.82082839983826,29.445184801412697],[-89.82127900017467,29.445390400722502],[-89.8217940007338,29.444829800511375],[-89.82162240005663,29.444437399017023],[-89.82321020016909,29.444306601310913],[-89.82411149965658,29.445950900835708],[-89.8255276990919,29.44690390084628],[-89.82542039982279,29.447146801169065],[-89.82559200049991,29.447969000874956],[-89.82717990032538,29.44869770027406],[-89.8272872004928,29.4496693012419],[-89.82771640026421,29.450173800772486],[-89.82775930020891,29.45054749952737],[-89.82805970043319,29.45073440040723],[-89.82887509941996,29.45194890042781],[-89.82944369975712,29.452397300260735],[-89.8304483764692,29.451910845979693],[-89.83026294173668,29.45136601476034],[-89.83057765392006,29.45122868497607],[-89.83076266734271,29.45125157380785],[-89.83098960873293,29.451648784681797],[-89.8319328002554,29.451192099286402],[-89.83251210042592,29.451369700623456],[-89.83317730109718,29.45116410012901],[-89.83391760002787,29.451444400335806],[-89.8343253013179,29.449725401283096],[-89.83443259968868,29.44777280091015],[-89.83426090019685,29.446875899723384],[-89.83448619946675,29.446175200301145],[-89.8345183995781,29.444110400524316],[-89.83486179946009,29.44359649981339],[-89.83455059968948,29.44269960083539],[-89.8339176009262,29.442979800818744],[-89.83371379923936,29.442802300578737],[-89.83353122204777,29.441669646054926],[-89.83238009928311,29.44179112132747],[-89.83232669354116,29.44142491063454],[-89.8326394986012,29.44121891761484],[-89.83369420967796,29.441146594067796],[-89.83387470008317,29.440961700929645],[-89.83433600025293,29.440971001021147],[-89.83460430097716,29.441139201258935],[-89.83497979946087,29.440382400086218],[-89.83592390007838,29.439765701122848],[-89.83614920024658,29.438859399951284],[-89.83656760047162,29.438840700025192],[-89.83687880024223,29.439233200604793],[-89.83794090086054,29.43850440196261],[-89.83831639934424,29.43795309929465],[-89.83905670007158,29.437560700945994],[-89.83947520000962,29.436364700189888],[-89.83923909939675,29.43612170130758],[-89.83749030052412,29.436916001312532],[-89.83647109985054,29.43709350167437],[-89.83561280091907,29.436645001369193],[-89.83426090019685,29.434944400677406],[-89.83163240003113,29.435841400248336],[-89.83211519958057,29.43842030086929],[-89.83112810110197,29.43943870088005],[-89.8297656002594,29.439681700428963],[-89.82903600026374,29.439672300864775],[-89.82852099970462,29.439420000278332],[-89.82684730088806,29.437224299286548],[-89.82672487668452,29.436526838639605],[-89.82607058695069,29.436526838639605],[-89.8260991982925,29.436275068489877],[-89.82659453023848,29.435784252008943],[-89.8268366001564,29.434449199681087],[-89.8273301004375,29.43330920097503],[-89.82775930020891,29.43289810165307],[-89.82890729953131,29.432281399477514],[-89.82908960004181,29.431748800245742],[-89.8299265002049,29.43156190039675],[-89.83106369908262,29.43189830125667],[-89.83110670053696,29.431636601386078],[-89.83245849974956,29.43217860146513],[-89.83278040025182,29.43187960004852],[-89.83473299991296,29.43141240123776],[-89.8349260999698,29.430963799947673],[-89.83329530109796,29.430440601266824],[-89.8332309996899,29.430870400981377],[-89.83290910008594,29.431150700897405],[-89.8321795009886,29.43083300131254],[-89.83162159958646,29.430889100810575],[-89.82936860059938,29.430440601266824],[-89.8281240009429,29.43042190135505],[-89.8273301004375,29.43001070036939],[-89.8272657002148,29.42890810073698],[-89.82537319604955,29.428375012023363],[-89.82473735052515,29.428622784114495],[-89.8248495662738,29.428142763868227],[-89.82430460061174,29.427786699542594],[-89.82477660061484,29.427338199599482],[-89.82588748154971,29.427272381332468],[-89.8266537947927,29.427639619520672],[-89.82799530021046,29.42705790011506],[-89.82795240026574,29.4276372003032],[-89.82852104372206,29.429176174810205],[-89.8296793781618,29.429194958668155],[-89.83067749986726,29.428291299220604],[-89.83190059924571,29.427824100333165],[-89.8317289006522,29.427412999932393],[-89.8312783003158,29.427506400513433],[-89.83117100014836,29.42709520102475],[-89.83170750008719,29.42655320120139],[-89.83140709986291,29.426048600712683],[-89.83205080025617,29.425861701327772],[-89.83213660014557,29.427319501463653],[-89.83256579991696,29.42776800070689],[-89.83383180013847,29.427263399993876],[-89.83484030008039,29.427712001198344],[-89.83488320002509,29.428347401687482],[-89.83509780035995,29.42872120035456],[-89.83584880092062,29.428366100416437],[-89.83662129996267,29.427674601148844],[-89.83795170040689,29.4258431015058],[-89.8385096000124,29.42625419965395],[-89.8385524999571,29.425544000847008],[-89.83962540012176,29.423861900513042],[-89.8389816000155,29.42352550120305],[-89.8385524999571,29.422628400675503],[-89.8353767003062,29.422441501257374],[-89.83344550031178,29.422964801391302],[-89.83357430075722,29.423450800507567],[-89.83417510030745,29.423675001799385],[-89.83374600024905,29.424422599285435],[-89.83301639935507,29.42468429974845],[-89.8318148002546,29.424646899366568],[-89.83134270053851,29.424011500766614],[-89.8309134998688,29.424161000647732],[-89.82803820015516,29.42371240175662],[-89.82443330044586,29.424871201299723],[-89.8241758001663,29.425357101316024],[-89.82245919960842,29.427338199599482],[-89.82108590011781,29.428272700625957],[-89.82001299995318,29.428310001089592],[-89.81958389989478,29.429207100731126],[-89.81859679961956,29.43036580003411],[-89.8174380995655,29.431113301331855],[-89.81585030035136,29.43103859995758],[-89.8156357000165,29.432197301053442],[-89.81507780041099,29.432122501114655],[-89.81383319985619,29.43152449941783],[-89.81348989968721,29.43238420129779],[-89.81185909991706,29.433505399948306],[-89.81138709991396,29.43309429985586],[-89.81177116113895,29.432194320198015],[-89.81070039986301,29.430702200944204],[-89.8111724995791,29.430029399574536],[-89.81070039986301,29.429580899363735],[-89.81035709969403,29.42808579985664],[-89.81108669968968,29.426628000547577],[-89.81336119985309,29.424123600073198],[-89.81372590058707,29.422684500792943],[-89.814734500242,29.421039700061012],[-89.81413360008047,29.419469700791332],[-89.81329679963036,29.418778199648713],[-89.81329679963036,29.41845645974987],[-89.81285647152924,29.4182048435547],[-89.81212786507028,29.418292581941756],[-89.81178644956675,29.418063699680314],[-89.81233576576976,29.41712528460819],[-89.81296328391147,29.416873514877597],[-89.81329679963036,29.416367001615036],[-89.81306079962883,29.416161400661647],[-89.81208980075675,29.41606330012137],[-89.81088280008649,29.414423099803884],[-89.81104370003197,29.413226900928713],[-89.81097940042058,29.411245501653333],[-89.81310370047184,29.410067900958015],[-89.81477814758503,29.408840343084496],[-89.81071367875953,29.407109360812616],[-89.80400560010521,29.40887160073924],[-89.80065819977716,29.409955800229937],[-89.79615210029336,29.410180100945755],[-89.79495050029459,29.41074080166087],[-89.79168890075427,29.41130160101272],[-89.79113100114874,29.41313340035948],[-89.78889940003174,29.414292300998422],[-89.78718280037216,29.415525901258963],[-89.78555200060201,29.41608670159415],[-89.7837925000994,29.41720810126907],[-89.77855680061994,29.417694100536067],[-89.77503780051305,29.41840440116989],[-89.77456570079696,29.416722200619585],[-89.77481791449107,29.416086219573632],[-89.77393319790372,29.41675525950289],[-89.77380159112133,29.41705280696555],[-89.77455117953038,29.41783100462468],[-89.77385499596497,29.41802555428196],[-89.7731988682781,29.417533457875862],[-89.77327516219516,29.416503489637986],[-89.7727563626607,29.416251719931797],[-89.77024629189044,29.41013294469375],[-89.76920106432813,29.412791789117215],[-89.76836217080343,29.41437750741846],[-89.76867654342362,29.41528660151051],[-89.77007031821451,29.416375350875605],[-89.75820279357363,29.41702387896299],[-89.75558092836457,29.418353817544485],[-89.7505512098848,29.422546933466073],[-89.740625984822,29.430001019030588],[-89.73049136695805,29.436755126183716],[-89.71953004750442,29.446379700083526],[-89.71715459736433,29.449405665755563],[-89.71748311485698,29.45167792028079],[-89.71553937977109,29.451842179132765],[-89.71529299075328,29.453457396699942],[-89.71373252637491,29.454141809557637],[-89.71288385289171,29.455702274385043],[-89.71031045538551,29.457043725479128],[-89.70842917207646,29.458410806347107],[-89.70465137811601,29.46188640503555],[-89.70653823547137,29.46499078938638],[-89.70949070136625,29.46618226378101],[-89.7123419756376,29.466787377922163],[-89.71292649412162,29.46884602334815],[-89.7132070415781,29.471513400417027],[-89.71125623315766,29.471790724921135],[-89.71013996322941,29.471086526510145],[-89.7108248846161,29.47053806228176],[-89.70965229301449,29.470290806232676],[-89.70759094959327,29.47177815859516],[-89.70584397070742,29.47121495675946],[-89.70423832017195,29.471635714317202],[-89.70381855181273,29.472088709373384],[-89.70272794046393,29.472068969944303],[-89.70247660532218,29.46880227064105],[-89.7014990298839,29.468841023419643],[-89.70192906239357,29.46737558011352],[-89.7004631591736,29.466244045354767],[-89.69735502332485,29.466580650366957],[-89.69426136292857,29.466143709425662],[-89.69246609151136,29.466802970068095],[-89.69141140468909,29.466902648373182],[-89.69022341776014,29.46626845435711],[-89.69088715327919,29.464776234566497],[-89.69141022070954,29.46432547501606],[-89.68996839862741,29.462651859799916],[-89.68864766225903,29.46269678289815],[-89.68777979896473,29.462079347444202],[-89.68753557758167,29.461542298480186],[-89.6888617119266,29.461586396119177],[-89.68969115786948,29.46099775675889],[-89.69022789226857,29.45997829581502],[-89.69194868346727,29.459905000893638],[-89.69277361627415,29.460365234054123],[-89.69244135280674,29.45977939948715],[-89.69145311885762,29.458928017271656],[-89.69063766058206,29.456960891245302],[-89.69042593305949,29.455184700499906],[-89.69006248367867,29.454762891459108],[-89.68898858548576,29.45484921454489],[-89.68941388028061,29.453294949724082],[-89.68711422908588,29.452668979354808],[-89.68680933818351,29.451327230273613],[-89.68682838606078,29.450563080871696],[-89.68792758260874,29.451561394261496],[-89.68766835127562,29.449958900934593],[-89.68685986751991,29.4483419333193],[-89.6860686224345,29.447968482239776],[-89.6857921533294,29.44566646287672],[-89.6854719964571,29.445061218834173],[-89.68553344930737,29.443510505104193],[-89.68470140992828,29.442679849428636],[-89.68429453688496,29.44282242668098],[-89.68416413204842,29.44157048665825],[-89.68311891975746,29.44063659851601],[-89.68258072020615,29.43946400739504],[-89.67971312983427,29.439318996316185],[-89.67866199495063,29.43731989390583],[-89.67788022349822,29.437052965552176],[-89.67713490298509,29.43757129533172],[-89.67540121557217,29.437432534764582],[-89.6748323565202,29.43794171948695],[-89.6723887458096,29.441157428247816],[-89.67162829137887,29.44174444756576],[-89.67167803109615,29.4400863588594],[-89.67067256027336,29.439466179117417],[-89.67000763987647,29.438665721810615],[-89.67092981621116,29.438419650754067],[-89.67006461732001,29.43709086362715],[-89.67061808104465,29.436240797064656],[-89.66901387859342,29.436386532297032],[-89.66815262689961,29.437633931426767],[-89.66639788567139,29.437804931688948],[-89.6656186142304,29.438670788159563],[-89.66642051872496,29.439140036118463],[-89.6661495769538,29.43987377600955],[-89.66474867852273,29.440555605751403],[-89.66427956301,29.439473811438226],[-89.66366648887974,29.439468679414464],[-89.66363569822506,29.43872092434686],[-89.66170199552425,29.439519472356803],[-89.66097325431801,29.43919425032302],[-89.65824501690122,29.43677748394033],[-89.65908679132303,29.4360522304784],[-89.65881111273538,29.435035112419502],[-89.65774405700998,29.435426918118168],[-89.65692201947326,29.434605275566657],[-89.65751074925932,29.43377488344261],[-89.65742653220143,29.43272637960315],[-89.65906679033323,29.43301640160853],[-89.65905521194755,29.434446579559438],[-89.65984487779467,29.433529995206257],[-89.66115339977014,29.433136083090716],[-89.66278957955052,29.42976917674493],[-89.66362188033935,29.42977990182126],[-89.66375268043461,29.428151749041103],[-89.66319355822199,29.428106876372535],[-89.66285971641464,29.428394464986674],[-89.6618338475467,29.430173747933612],[-89.65937628869469,29.430619308438406],[-89.6604842806476,29.429354698778198],[-89.66151224438678,29.428469076764422],[-89.66124511686232,29.427811985489242],[-89.66003555060361,29.427909163960294],[-89.65991054015035,29.427094298899036],[-89.66112563374301,29.426498660237563],[-89.66203649489839,29.425145858448733],[-89.66301972882464,29.423010231869238],[-89.66280076537244,29.422033380569882],[-89.66219598089562,29.421262858958706],[-89.66446720939477,29.420965664978848],[-89.66453458393939,29.420127443054508],[-89.66556782078929,29.41920434368323],[-89.6673163780151,29.418567913378688],[-89.66797524466527,29.41734025237871],[-89.66654207874922,29.418096267508762],[-89.66417073929985,29.418382767860418],[-89.66314921198969,29.41815367061876],[-89.6609325938733,29.417312486457732],[-89.66104786569055,29.41587691603306],[-89.66049176990212,29.414362718685336],[-89.66109800156487,29.412349471475455],[-89.66177529086491,29.411765938249378],[-89.66182213621035,29.41037477793685],[-89.66104036475792,29.40876189018675],[-89.66021885363396,29.408054137480892],[-89.65974894850211,29.4070011610675],[-89.66122103752112,29.40630538282195],[-89.6615025066491,29.407673186034753],[-89.66204149581957,29.408212175109618],[-89.6626199605569,29.408442062454146],[-89.66290314097547,29.40882274964479],[-89.66395006365873,29.40947069440963],[-89.66593969277419,29.409840526924967],[-89.66647802258123,29.41051288057],[-89.66773548970585,29.410872382882847],[-89.66869043119223,29.411570001692997],[-89.66932271848978,29.410494458705763],[-89.67033723804242,29.41027876590261],[-89.67040688083314,29.41145946691204],[-89.67145933085035,29.41221669724149],[-89.6716378970642,29.413013271963855],[-89.67317749088356,29.412668178854528],[-89.67360778749791,29.411213001275176],[-89.67443127222056,29.4100073803061],[-89.67513172098694,29.411022065647586],[-89.67528607490895,29.41253520862235],[-89.67585835654215,29.41248921864804],[-89.67556399119998,29.410610585806072],[-89.67686369710924,29.410769085072435],[-89.67703950100359,29.411922726662162],[-89.67767454972234,29.41159020128282],[-89.67952995705963,29.409554780346095],[-89.67979431956965,29.41167974755863],[-89.68014368875669,29.413119398664115],[-89.67937126068152,29.4144332513529],[-89.68007999999966,29.414345086293263],[-89.68064662134827,29.414678204410432],[-89.68112021226774,29.414619318041634],[-89.68169183543587,29.4151235676116],[-89.68189711395301,29.414565300431974],[-89.68336617564954,29.415184296493997],[-89.68530474632087,29.4169514067255],[-89.68519473773284,29.417835883433582],[-89.68537251522591,29.418298418488607],[-89.68488379308378,29.41843816687024],[-89.68414491977944,29.41922671547577],[-89.68390516482,29.419743662058742],[-89.68468193535124,29.420290810081124],[-89.68254795415614,29.42048707567334],[-89.68337696531441,29.421691905661834],[-89.68335683317056,29.422748894844773],[-89.68275599678942,29.425164280786568],[-89.68173131279934,29.42462206722678],[-89.68139786535238,29.42532837128537],[-89.68186434880134,29.426209821420724],[-89.68039199747425,29.42693981307795],[-89.68120048122996,29.42732135500319],[-89.6815474815596,29.428417229870405],[-89.68231004074302,29.428386964059715],[-89.68225635293008,29.427033437865234],[-89.68282810815053,29.42652313591732],[-89.68278455063903,29.42762381323509],[-89.68338143982282,29.427750006820176],[-89.68399596113903,29.42811760240676],[-89.68495090352371,29.426951392852605],[-89.68483352605543,29.425574772170734],[-89.68655326442861,29.424720297994195],[-89.68606019983041,29.42313754460742],[-89.686310614199,29.421372473857616],[-89.68733937743878,29.419117562270984],[-89.6888158089139,29.420567476468023],[-89.68825076500693,29.42244439789427],[-89.69149048967175,29.425198624803805],[-89.69054910106807,29.426525570809762],[-89.68846328125032,29.427588809681914],[-89.68707633185898,29.43017966907868],[-89.68649865494419,29.430578516237556],[-89.68647641714931,29.431719393699215],[-89.68675380612926,29.432422210647815],[-89.68648141717217,29.433466107921834],[-89.68661550689802,29.4340638525231],[-89.68650444548449,29.434558890321064],[-89.68709238565143,29.435656146955427],[-89.68736898680889,29.434578168416337],[-89.68768795700669,29.434358019564236],[-89.68795008360996,29.433657175839123],[-89.68903599137992,29.432954592760513],[-89.69065239834262,29.43274105221916],[-89.69090478630989,29.43333392693597],[-89.69171879650122,29.43406121987368],[-89.69082793813227,29.43622599352027],[-89.6905694973166,29.437442469654176],[-89.69083951831462,29.438647168144037],[-89.69116125352686,29.439381370037662],[-89.69372684736821,29.440396975371304],[-89.69394344375964,29.441557590367346],[-89.69495260037003,29.44207427543893],[-89.696432057371,29.442542666696422],[-89.69715389053272,29.443399282241195],[-89.69638007995034,29.44454848149633],[-89.69737752522438,29.444922457552938],[-89.69804428806592,29.445476250682844],[-89.69878816139314,29.446957090051097],[-89.698847245386,29.448751307042084],[-89.69791401528174,29.450874431910414],[-89.69873013022578,29.451577512840373],[-89.69839786765671,29.452172954316296],[-89.69857774900414,29.453332715016256],[-89.69952861213913,29.453205534002894],[-89.69978284344936,29.45265141306174],[-89.70081976608687,29.45199195249226],[-89.70275491597361,29.451810359764977],[-89.70395527270402,29.45188187862596],[-89.70498021990049,29.452438829933286],[-89.70490245094972,29.453743996754405],[-89.70724428074197,29.45537375561599],[-89.70787394136565,29.454853600352344],[-89.70861310931741,29.45222545083927],[-89.70833934414131,29.450692363149283],[-89.71159715458776,29.450172208917756],[-89.7126374638739,29.44850223859859],[-89.71471808244617,29.447188163239794],[-89.71785911549894,29.443973556890747],[-89.73620868380404,29.42928389167604],[-89.74250529273573,29.425013148663783],[-89.74365510845163,29.423699072854394],[-89.74236841014769,29.423288425225874],[-89.74335396621895,29.42243975091246],[-89.7445585342514,29.422877775937373],[-89.75482474632133,29.415184963190598],[-89.75586505470915,29.412775824798775],[-89.75580311766694,29.411876910133053],[-89.754939683067,29.411607787983243],[-89.7547602688435,29.411809630249294],[-89.75419508479935,29.411489127387398],[-89.75534490051524,29.408559834490227],[-89.75466522169653,29.40785633909197],[-89.7539760710415,29.407683785102925],[-89.75351067006245,29.40721838292267],[-89.75268937363586,29.407245759534483],[-89.75343507413638,29.406205586314947],[-89.75444147381715,29.406643475502275],[-89.75504375738423,29.406725604997444],[-89.75594718498063,29.403413041190333],[-89.75758977783383,29.40313927615831],[-89.76049169373103,29.403413041190333],[-89.76374950507581,29.400976526447554],[-89.76618601909566,29.401250292607312],[-89.77430529356914,29.405339475015264],[-89.7741707331261,29.406763581688608],[-89.77328279158688,29.4080539340146],[-89.77351930272982,29.408282816126214],[-89.77315309192784,29.409267006933245],[-89.7733857888241,29.41029697651866],[-89.77351548758482,29.414832652536553],[-89.77396180834721,29.415175975305853],[-89.77416970904667,29.415565074242068],[-89.77437509625997,29.415610296752504],[-89.77514139063835,29.415270549160677],[-89.77538110068203,29.41466610051898],[-89.77591771470689,29.41436955238085],[-89.77582147280062,29.403358039376474],[-89.77375030001356,29.404796499076163],[-89.76892230002748,29.402403800399664],[-89.77022050036032,29.398216300762165],[-89.76856830002515,29.397225399790923],[-89.76151940145036,29.396309400832166],[-89.75934679988457,29.397052499829474],[-89.75867089937996,29.397875100365695],[-89.75863870016691,29.398973401210792],[-89.75883190083508,29.40014179920422],[-89.7576033998868,29.401441000848624],[-89.75673970028384,29.402095301270997],[-89.75594580067677,29.40224489991667],[-89.75463150073742,29.40157660108467],[-89.75399850017752,29.40058110052929],[-89.75383760023203,29.40068390155496],[-89.75538250039978,29.40416100139292],[-89.75482460079425,29.406217199755734],[-89.75349430006305,29.405731201168408],[-89.75164889995803,29.40808649957297],[-89.74877360024439,29.412983899902393],[-89.74598409952188,29.414030601155403],[-89.7429371003164,29.422142500908837],[-89.74203589964357,29.42311439983619],[-89.74040510077174,29.42270320134685],[-89.73783020038405,29.421656501010943],[-89.73710059949008,29.419264100638607],[-89.73645689999515,29.41806790084548],[-89.73851680072201,29.413096001203183],[-89.73838744152447,29.41295202375253],[-89.73824097301402,29.41310459487994],[-89.73789765038717,29.413035929958355],[-89.73806458162146,29.412592676693386],[-89.73774429988332,29.41223620103318],[-89.73594189943603,29.412385700242538],[-89.7351491137399,29.411538253435516],[-89.7349450731012,29.41150242189474],[-89.73495480005911,29.408983801265016],[-89.73413940017404,29.406890201077054],[-89.73233700062504,29.404048801022178],[-89.73053460017772,29.40326370017352],[-89.72697260041313,29.402104701181905],[-89.72629254520035,29.40107777905828],[-89.72575927919655,29.401565134244986],[-89.7255742666722,29.40110736977952],[-89.72590942540975,29.400499244683346],[-89.72568510081196,29.40016050077584],[-89.72379679986392,29.399225800688324],[-89.72361336208627,29.39887418448182],[-89.72319580268433,29.39863163124826],[-89.7229884571437,29.397676361785244],[-89.72250939997573,29.39675810111768],[-89.72298861255224,29.395386229934438],[-89.72287918247928,29.39494663223531],[-89.7233235943217,29.39380222294655],[-89.72434021144053,29.392589148660306],[-89.72481323372644,29.392886694853747],[-89.72594260019319,29.394589501437085],[-89.72697260041313,29.39234599968555],[-89.72070690071374,29.389728599311166],[-89.71632960077707,29.388980701236754],[-89.70242499980405,29.391672999151304],[-89.69787600037554,29.39324339959353],[-89.69203950044755,29.393991200582466],[-89.67839240065241,29.392944300825807],[-89.67598920065487,29.39346769961188],[-89.67332840066477,29.395262501457648],[-89.6711826003355,29.395561601234736],[-89.669895199549,29.391598199123994],[-89.66835020056656,29.389952900035823],[-89.64646339904925,29.390252100741012],[-89.6515273999352,29.394066000415343],[-89.65298650021353,29.397805001531843],[-89.65135570044337,29.40984360077714],[-89.64938159960592,29.410441801313286],[-89.64723590078626,29.40999310115819],[-89.64517589944808,29.406404099276926],[-89.64277270034886,29.40588069977196],[-89.64088440029913,29.40505820156524],[-89.63710780019969,29.400048301468725],[-89.63676450003071,29.398478000622347],[-89.63170050094139,29.39758059994368],[-89.6286105999946,29.399076200731308],[-89.628696399884,29.40154380022234],[-89.62406159966777,29.39967440045168],[-89.62200160012623,29.397281499060735],[-89.62380409938821,29.395711200883557],[-89.62155100068813,29.393635999633375],[-89.61936240012713,29.39339300108683],[-89.61597200014137,29.392159001534125],[-89.61365459913495,29.389822101055216],[-89.61219549975492,29.38866290034117],[-89.61052179914175,29.388532000297396],[-89.60955620004286,29.387896299218447],[-89.60867639993504,29.38769070173745],[-89.60749629931598,29.386438000929143],[-89.60329060005645,29.374471400658035],[-89.60037229978678,29.373648701685962],[-89.59796910068756,29.367963999410104],[-89.59384920041914,29.355321901006132],[-89.58243369994439,29.36519630097387],[-89.56282140038712,29.360034800858745],[-89.55496790057528,29.357790600729665],[-89.55239300018759,29.35371349991674],[-89.54329490071927,29.351618800709787],[-89.53853129915929,29.34900030134389],[-89.53269480102792,29.34492280098681],[-89.52866080036192,29.34806510081819],[-89.52376840015312,29.344025000130127],[-89.52672959946918,29.34080780180915],[-89.52539920082158,29.340246699278953],[-89.52531340003385,29.337291201286895],[-89.52093599948587,29.33152969938339],[-89.5187473001102,29.332165699903417],[-89.51149459984858,29.331941199824975],[-89.50518610081579,29.33036979977751],[-89.48548790075779,29.319107600755267],[-89.48050980037257,29.318995301159486],[-89.47128300017181,29.322175799824002],[-89.45085529983116,29.33355000014694],[-89.4497394997218,29.332614700143683],[-89.44458960013176,29.337702699619125],[-89.4438171001914,29.338974701120463],[-89.42939760016888,29.332277899635937],[-89.42090030025078,29.32460790129769],[-89.4196129012609,29.32644130101472],[-89.42021369991281,29.32760120066226],[-89.41931250013832,29.32816240098304],[-89.41776750025758,29.327863100064086],[-89.41746710093163,29.328761000969084],[-89.41888330036693,29.329696401322888],[-89.41819670002897,29.330369800560693],[-89.41489220054393,29.329322200389775],[-89.41437719998481,29.326628401064415],[-89.41300390049423,29.326516101133123],[-89.41133019988104,29.324458201872847],[-89.41038610016183,29.321390099650056],[-89.40454960023384,29.325281400707027],[-89.40240379990455,29.325356200892895],[-89.39987180035989,29.324682701194266],[-89.39364910031819,29.317423800339434],[-89.3986272995181,29.312858600643093],[-89.39489360026168,29.306684000379633],[-89.39364910031819,29.303652700436302],[-89.39201830054805,29.300733600525433],[-89.39043049953727,29.29878750086689],[-89.39081669965096,29.29762730108547],[-89.38944340016035,29.295830901098096],[-89.3896151005505,29.292125500881376],[-89.38914299993608,29.289954701901124],[-89.38643930000129,29.281645200019614],[-89.38558100017148,29.280484801591026],[-89.38386440051192,29.27936180143934],[-89.38214779995403,29.277303000026684],[-89.38124660017952,29.276591701064433],[-89.36875820043845,29.28404079956051],[-89.36442379954818,29.27812650080858],[-89.37017440077206,29.274046200544078],[-89.37133310082615,29.272661101023246],[-89.37412260065035,29.27093909970222],[-89.37502380042486,29.270003199279635],[-89.3753241997508,29.26876780042293],[-89.37515260087028,29.267719501403235],[-89.37867159918055,29.26663390091825],[-89.38948630010506,29.2652861003281],[-89.39085960049398,29.2646497011153],[-89.39103129998581,29.263189600386145],[-89.3986701994628,29.263002400529196],[-89.40008639979644,29.264088101482624],[-89.4007730001344,29.263563999071895],[-89.40562249950015,29.263638799023447],[-89.40630909983811,29.264200401123812],[-89.40695289994436,29.26423780165734],[-89.40841199932439,29.263039800717227],[-89.42308900052477,29.261093000249492],[-89.42248820007623,29.2583598991767],[-89.42390440040984,29.258322400880424],[-89.43909650008574,29.25573900029693],[-89.45596219976348,29.25746129994311],[-89.45664880010143,29.259820000684442],[-89.45630550083078,29.261280201250816],[-89.45939539998095,29.262291001271013],[-89.4623137002506,29.261729500750885],[-89.4645881995157,29.26038159946329],[-89.46566099996734,29.261654600658108],[-89.46746349922934,29.262628001354567],[-89.46780679939832,29.261729500750885],[-89.47205539950086,29.26064370187129],[-89.47475909943567,29.259033801100497],[-89.47706162344268,29.259674931992933],[-89.47774351840519,29.258686960666537],[-89.47849270077573,29.259258400388976],[-89.47909914983079,29.258647616068917],[-89.47945786059844,29.257688856516573],[-89.48037372267503,29.25789426790641],[-89.48051241626668,29.256466920642158],[-89.48039161801378,29.255927931388253],[-89.48054583988346,29.255240773261384],[-89.48016238861453,29.25432096517748],[-89.48095087317708,29.252414501795084],[-89.48205016674308,29.250531064605386],[-89.4811090422441,29.248410637240184],[-89.48116577983745,29.245962274725436],[-89.4796302428099,29.245903863811524],[-89.47825592552809,29.2462161253388],[-89.47735401338957,29.246719322519787],[-89.47575809969346,29.246847489682054],[-89.47413508023199,29.246251523555962],[-89.47184490177193,29.246067430276092],[-89.47130407105512,29.248546700512133],[-89.47203281136305,29.249852722993793],[-89.47033136448567,29.25159312089679],[-89.4682427814501,29.251760898046445],[-89.46481093589209,29.250229594717496],[-89.46303000877333,29.248695134106185],[-89.46076009630607,29.244517310041257],[-89.46189307849187,29.24153155290447],[-89.46257234139058,29.240946506146106],[-89.46266024243945,29.239850632052068],[-89.46419141455303,29.239341512754333],[-89.46513017109292,29.238668697667887],[-89.46594049729327,29.237392151877497],[-89.4662526259219,29.23581360826338],[-89.46548177708502,29.234804188101936],[-89.46635579204238,29.234976964218923],[-89.46693557460821,29.234608909223756],[-89.46763931300517,29.234747998644597],[-89.46827251927928,29.2343461255414],[-89.46979301671234,29.234107523663564],[-89.47002762073193,29.23371842485266],[-89.47021072613292,29.23282578561197],[-89.47112434601453,29.232390909355452],[-89.47141044865275,29.23204758695945],[-89.47138565335426,29.23167756085693],[-89.47070663749226,29.231177836179377],[-89.4707047294706,29.23089936288407],[-89.47156685163192,29.230487374572505],[-89.47198456015418,29.230876474688056],[-89.47282188701705,29.231219797091452],[-89.47284668231552,29.231563119911453],[-89.47175377127961,29.23264267942597],[-89.47086303957312,29.233054667687906],[-89.470504350365,29.233791338612708],[-89.4709724409,29.23453592157594],[-89.47203987391782,29.235274822197688],[-89.47272270492483,29.23525193262812],[-89.47313660009873,29.2355037027178],[-89.47394722364146,29.2368808090343],[-89.47491424926501,29.237704784279092],[-89.47486275064642,29.238299876783245],[-89.47439354350553,29.23896363442862],[-89.47400062938341,29.240153820151935],[-89.47387092972437,29.241115123790262],[-89.47405403512538,29.241553813996784],[-89.47543877106784,29.24331620460972],[-89.47609489875474,29.24391129740818],[-89.47698026751898,29.24409428545929],[-89.47903984485235,29.243518383358456],[-89.48074120099987,29.243472607117358],[-89.48228233992153,29.24267152154264],[-89.48340386229924,29.241618664293703],[-89.48640221324048,29.236621409702373],[-89.48757713956353,29.233596354117523],[-89.48526515449993,29.229794588657086],[-89.48420244033231,29.227353872747198],[-89.48337790278414,29.22628997426323],[-89.48340843113075,29.22577756779469],[-89.48249493880994,29.22372714406454],[-89.48051241626668,29.22210872850314],[-89.47879728265764,29.221709750471817],[-89.47692608653094,29.220886002440686],[-89.4757057279124,29.220758887829305],[-89.47469459680502,29.219256665390397],[-89.47378900067551,29.219258771246377],[-89.47333028136558,29.218259482849117],[-89.47409408830895,29.214427496088874],[-89.47372787750696,29.212848211141278],[-89.47337883171342,29.212218785463786],[-89.47298591938794,29.21076920069613],[-89.47283714490216,29.20945694401639],[-89.47259300346917,29.2089991813019],[-89.47231071687429,29.207557224991547],[-89.46980636657577,29.2044863931395],[-89.46570365826524,29.20045807213495],[-89.46284072745476,29.198085329772045],[-89.46003501663292,29.195418855294932],[-89.45820968309472,29.193011781903518],[-89.45672195081336,29.19195892469327],[-89.4558846248488,29.19113494927617],[-89.44121042190052,29.190844988759512],[-89.43147365170623,29.202300805094826],[-89.42460288006912,29.199857864243864],[-89.42582435170029,29.1922236749213],[-89.42154920458447,29.18672705862564],[-89.41391501587282,29.186421692132715],[-89.41271257505093,29.179420266104135],[-89.39872317760668,29.19373087105095],[-89.38308643971293,29.214752763732157],[-89.3866430307212,29.219041649115372],[-89.38340830607923,29.224930527068167],[-89.3752924146611,29.222517050889184],[-89.37238502712553,29.21680576467518],[-89.36826256396358,29.216195029624636],[-89.36841524791748,29.223218483181117],[-89.36398741774607,29.230547304908924],[-89.35833811863844,29.227798997764058],[-89.3549790743477,29.223676535156308],[-89.36032300734416,29.21879065392526],[-89.35574249411718,29.214668190966915],[-89.35788006677676,29.206423266909013],[-89.36749914509242,29.20489642927768],[-89.36810988000968,29.185505588767914],[-89.37641434307731,29.176846666729347],[-89.39806707597093,29.160675675415114],[-89.39779679086826,29.15558646567068],[-89.38596403102886,29.15419372544359],[-89.3675794472923,29.169732167724987],[-89.35766709957909,29.1886890320298],[-89.35062997522273,29.19533191555895],[-89.35107395677213,29.18332914325521],[-89.35449001084577,29.17486875001135],[-89.35552745989604,29.158573801211098],[-89.35457791279295,29.14301970078586],[-89.35246643349741,29.13479577347951],[-89.335838038175,29.14961231767516],[-89.3357943513061,29.153027056116603],[-89.34064656897391,29.154313603111305],[-89.3367662682564,29.170821198946413],[-89.32856168437362,29.1886890320298],[-89.31789191045051,29.197298647429836],[-89.31579990483371,29.18702600897551],[-89.3106323991624,29.179377915351598],[-89.30457666628764,29.17737025927238],[-89.29409792270296,29.178995173466078],[-89.28983052265814,29.17850363668219],[-89.288012751138,29.174011578205313],[-89.28819092209314,29.166777200892405],[-89.28791800582499,29.163379569362565],[-89.28908020212214,29.160583299735176],[-89.29382978008222,29.161864319751604],[-89.29598336880501,29.156294283481817],[-89.3056035879811,29.15484903971375],[-89.30932703476516,29.151432722172835],[-89.29302945482591,29.15381369585317],[-89.28957997623718,29.150106698678535],[-89.28888176427587,29.14576965034741],[-89.28671975564392,29.14463666868501],[-89.28133591588927,29.145086439731394],[-89.28004581656364,29.1411487659215],[-89.27507701014837,29.136913174202327],[-89.27748245952738,29.13709081998122],[-89.27879756166229,29.13500052650609],[-89.27723770454506,29.12981499317697],[-89.27994107120489,29.126564740907156],[-89.28639815158567,29.129055328230137],[-89.29157355255,29.12987433889551],[-89.2960117915006,29.129761961872244],[-89.29631786728085,29.126783573270526],[-89.2946053666339,29.124549321652857],[-89.29206385393039,29.120471109925454],[-89.2939316292725,29.116702790842],[-89.300948490331,29.118765188543964],[-89.30308918194127,29.11279985790526],[-89.30280758165928,29.107159156629553],[-89.2991762472261,29.106050649697057],[-89.29900412911934,29.102678018848323],[-89.2976798156595,29.098981286071428],[-89.3006442560971,29.097165486705748],[-89.29866304958576,29.0946505548606],[-89.30174223542785,29.090986454812644],[-89.30500854214024,29.0918636282342],[-89.30579097115945,29.086898637933963],[-89.3112953450623,29.08593632655921],[-89.3126615029464,29.08277766062749],[-89.31252017729095,29.077189726247184],[-89.3141874109324,29.07385828366171],[-89.30888857965141,29.071997876651764],[-89.30957547463679,29.067489895634548],[-89.31627283638976,29.06344747648203],[-89.31679814062518,29.058851331342346],[-89.31957940918646,29.05600887345108],[-89.32264306675056,29.056489437752216],[-89.32490613854694,29.054914841288305],[-89.32268017525662,29.051997641870546],[-89.32295993489062,29.050168815522213],[-89.32355182135659,29.04866304096219],[-89.32702603864993,29.04807299590122],[-89.33054052292589,29.051844866199183],[-89.33527457440461,29.05281086242621],[-89.33407132150572,29.04931809134025],[-89.35199981709779,29.04187185639808],[-89.34757605359968,29.03789194176202],[-89.35189244057356,29.03248599766262],[-89.35862033157147,29.031718437306676],[-89.36325569053983,29.02889045412465],[-89.36210375929143,29.02471157875447],[-89.35778763552392,29.017700507846204],[-89.36216744804845,29.008715205774926],[-89.36703782605805,29.00602104928676],[-89.37000305611478,29.00252393647517],[-89.37272879441845,28.99491939864136],[-89.37972038856294,28.99257026880164],[-89.39165710414197,28.983061374185382],[-89.40143707341996,28.958768700451273],[-89.4197803373484,28.92898310148657],[-89.40582030852572,28.930920093466966],[-89.39041595491449,28.946852118989476],[-89.38071888756082,28.95491248034859],[-89.36520005175149,28.963946076114425],[-89.35913879244107,28.97221500637365],[-89.3522472050422,28.98313203760671],[-89.34072552280254,28.995109808188168],[-89.32203486328577,29.009836872065936],[-89.32074107727423,29.01378165142504],[-89.30893961024775,29.02517722700559],[-89.29767455243025,29.0330928851338],[-89.2950019764251,29.036853045258237],[-89.29473011388079,29.04060136315909],[-89.29340132681082,29.04394438443107],[-89.28861990177728,29.04660340780721],[-89.28553808476973,29.04763283018856],[-89.28423245716611,29.04909662687214],[-89.29017449656358,29.04787824299558],[-89.29526094365353,29.046566036313507],[-89.29313841058843,29.052513470804712],[-89.2890166535023,29.05565860217838],[-89.27589760049915,29.05624494533714],[-89.26001768416643,29.061428505007477],[-89.25790067753694,29.07060355846453],[-89.26375586871106,29.072378433116167],[-89.26533520220195,29.0787836661373],[-89.25660294612467,29.07907697884594],[-89.25391168426329,29.084394627270882],[-89.25498966260423,29.095174411632016],[-89.25111199395049,29.09682598663666],[-89.24615108192991,29.08626516731598],[-89.22786361146547,29.06410397508214],[-89.21537395857456,29.06391303945828],[-89.21493945065816,29.059047794186636],[-89.22239160835387,29.0556687155519],[-89.2231893015464,29.050707804204887],[-89.21731937261173,29.042171090531596],[-89.21187816195147,29.041241017270192],[-89.21294850730744,29.038580548024772],[-89.20800628204142,29.037942734883398],[-89.20825709077043,29.03361963807457],[-89.21230450957182,29.02911862975368],[-89.21712251490204,29.02904520387815],[-89.22053909628677,29.03073967717772],[-89.22082253901343,29.02557940874723],[-89.2032190691625,29.019858306980368],[-89.1903741253902,29.01359584835798],[-89.1600815119766,28.99507638516508],[-89.14886932720009,28.99814899053463],[-89.15320492644297,29.002871331841906],[-89.15192298471845,29.012720515862007],[-89.15374075803521,29.014176419281494],[-89.1573102443594,29.014809099422457],[-89.16162031617684,29.02275010977763],[-89.16400892214426,29.028820054483884],[-89.15920460354569,29.03031582837679],[-89.15784686467245,29.030965088652668],[-89.1589272118708,29.03250191925879],[-89.16222299500264,29.03245481030326],[-89.16671307932154,29.031044042717923],[-89.16832057230164,29.03120800253604],[-89.16832609873728,29.034144415340748],[-89.17235746464455,29.03463497936893],[-89.17999121497833,29.036587367888174],[-89.1824611427335,29.038513569088746],[-89.18909613086305,29.041637363976722],[-89.19187924186896,29.04844039161689],[-89.19584981339108,29.050599244482115],[-89.1974938875662,29.052359642828993],[-89.19687673418622,29.054670349066555],[-89.19851896681499,29.05619217766756],[-89.19938692892399,29.058291288156],[-89.20201423792365,29.059936546817628],[-89.20276824424727,29.06187248608773],[-89.20422598896783,29.06328878085565],[-89.20550319297755,29.06693419427968],[-89.20482949693864,29.069696303778777],[-89.19986775577307,29.069877712642494],[-89.19893031436675,29.068381017350887],[-89.19636301103141,29.068152315335908],[-89.19337462061004,29.066579035487173],[-89.19011015724061,29.063157191005782],[-89.18977565786645,29.06019038174054],[-89.18734073206804,29.057574521820527],[-89.1865169832407,29.054884970532544],[-89.18275081168339,29.05161597986849],[-89.17627487386817,29.049510869620093],[-89.17675464789174,29.050370673434273],[-89.18373176748207,29.05468666537077],[-89.18305408382162,29.058130617562117],[-89.1820729555464,29.060261440770326],[-89.18342674362904,29.06191012136356],[-89.19018621579906,29.066305593083623],[-89.19074073234924,29.06827219357424],[-89.19728578294914,29.071803815098537],[-89.1958103360276,29.07437779849221],[-89.19254008211784,29.075273393887723],[-89.19072520586785,29.077575809441626],[-89.19176028516242,29.078066768292455],[-89.19692358042997,29.078859987329594],[-89.19448128575127,29.081635071451046],[-89.19156606041483,29.08137110390652],[-89.19236033102612,29.083047154475555],[-89.19462287461309,29.086550584132944],[-89.1902654328341,29.088493366476886],[-89.18624854148096,29.085492606933986],[-89.18151001729045,29.075981212574835],[-89.17936669181978,29.069063833676683],[-89.17621223703836,29.06428872615606],[-89.17366993561402,29.06426675089869],[-89.17231377687735,29.062118821399952],[-89.1711092097432,29.062220144272008],[-89.17158108757542,29.0668018152701],[-89.16719337975786,29.065732522569796],[-89.16452448774369,29.064594408433013],[-89.16740392240258,29.058253653914967],[-89.16605644947641,29.05717567486112],[-89.16416998648144,29.058253653129714],[-89.16161978976407,29.05828707690966],[-89.16262960394126,29.061923411881455],[-89.1613552952017,29.064463476671627],[-89.1619471834643,29.06547065941617],[-89.16798975691849,29.069801917131162],[-89.1699491199954,29.07080002011222],[-89.17181400096567,29.07218749633144],[-89.17349307889414,29.073695639975288],[-89.17487713301531,29.07564776573289],[-89.17619934172245,29.078256256686153],[-89.17644699287322,29.080809349151867],[-89.17643725513554,29.083456529324156],[-89.17110105124378,29.08776923084279],[-89.16659543774857,29.082238670816338],[-89.16497847203378,29.083047155260555],[-89.1583461141714,29.081598094980123],[-89.15660861251177,29.080509852656686],[-89.1547376768965,29.07981322023687],[-89.15540141331385,29.081035945789235],[-89.15701838082526,29.08200260036402],[-89.15602356671668,29.08244658231595],[-89.15569090799056,29.08319190229374],[-89.15481294583586,29.08345626554765],[-89.15511665275868,29.084263039247723],[-89.15636017174185,29.08517047733875],[-89.15522313366256,29.087144045195632],[-89.15506533470143,29.08800122405959],[-89.15354363711916,29.08834703881489],[-89.15988862571879,29.090503409845667],[-89.15985807491428,29.09328794850113],[-89.15752815588438,29.095580362963272],[-89.15608514982267,29.09436592818895],[-89.155195870692,29.094216048261025],[-89.15411789145274,29.096143170626416],[-89.15581565523745,29.09786935664126],[-89.15543115204133,29.098916412312718],[-89.15371207123493,29.099433952262125],[-89.1503491785615,29.099010893653567],[-89.14937752391926,29.098469008402947],[-89.14778898090007,29.099052344254257],[-89.14437213541065,29.097994103026195],[-89.14356365255327,29.097931862114812],[-89.14746132399345,29.100294807429748],[-89.1501562698458,29.101642280601308],[-89.14950253437253,29.102896456988443],[-89.15115660949168,29.10338886414757],[-89.15194798662944,29.10281276690062],[-89.15301543851189,29.10126764688558],[-89.15564669470892,29.10123882879056],[-89.15703838091675,29.10176702790859],[-89.15784818070435,29.102322991912228],[-89.15781186271573,29.101870983620884],[-89.15858087000628,29.100978545651643],[-89.16023520833181,29.101445949200883],[-89.16106079870549,29.102595513001795],[-89.16242827262145,29.102845005939546],[-89.16302963541538,29.1041924794772],[-89.16458949343092,29.104592115358894],[-89.165726160506,29.105315197099006],[-89.16694072948252,29.106674381552722],[-89.16731470532181,29.107885397458375],[-89.16720574955933,29.109713697153776],[-89.1675836734943,29.11076706724699],[-89.16993280299657,29.110349667641277],[-89.1702259834609,29.110677981495538],[-89.17105394269197,29.110933527143246],[-89.17292092931326,29.112337189779396],[-89.17237351753869,29.11282630651531],[-89.17236535903928,29.11363479093819],[-89.17025519577564,29.113382665970374],[-89.16837189305383,29.113390034653342],[-89.16707784473422,29.113874151023076],[-89.16668518214038,29.114923837008316],[-89.1670617909418,29.116457246071672],[-89.16690809458656,29.117143089240763],[-89.16592933427044,29.117954335931913],[-89.16490872773342,29.11820856625823],[-89.16348861883,29.115259390233806],[-89.16293331266073,29.113243444146185],[-89.16187165131859,29.11229495028186],[-89.1613792451855,29.11122197175884],[-89.16103290152432,29.11307711591318],[-89.15737972365673,29.113505043017128],[-89.15675204381824,29.112802620490413],[-89.15525271608318,29.11279275131175],[-89.15488005627577,29.112073880147136],[-89.15648175961388,29.11086010066719],[-89.15459608713635,29.111200917709684],[-89.15285121479984,29.111074591754544],[-89.1524622370953,29.10963974395812],[-89.15190035076655,29.108883764793653],[-89.15087264035228,29.10947236290866],[-89.15044471169702,29.110503625667164],[-89.14791820085874,29.1107611464076],[-89.1476084401892,29.110388354165124],[-89.1463512371693,29.11014386171408],[-89.1468070621074,29.110939844316654],[-89.14649256372306,29.11148896601872],[-89.14787793477446,29.111735827040256],[-89.14866167982554,29.112096644163756],[-89.14789056598565,29.112737220192273],[-89.14895591221708,29.11362228955629],[-89.14760370247441,29.113545178701262],[-89.14872378934429,29.114720400941163],[-89.14707629348625,29.115334659433987],[-89.14558223077707,29.114336028993353],[-89.14439134767964,29.115036215334655],[-89.14356470537878,29.114933312008404],[-89.14237750806896,29.115396374203858],[-89.141058194632,29.11559138955705],[-89.13910699095281,29.11511701052891],[-89.14027787126382,29.116312103179425],[-89.14102740397732,29.119603937386664],[-89.14259436587012,29.122249932510716],[-89.14453741284653,29.124451155880678],[-89.14599647359898,29.12736164404201],[-89.1454551146728,29.130358324319147],[-89.14092371144407,29.130353850793647],[-89.13918331271766,29.131857781653114],[-89.1318632711491,29.129420487544113],[-89.1262549406083,29.124552479429223],[-89.1204955466744,29.12092601390548],[-89.11827853329929,29.12136973226016],[-89.11418716352429,29.118474245141957],[-89.1108461142853,29.116360001776968],[-89.10798799844473,29.11552888460599],[-89.10773745202378,29.11691043890225],[-89.10615338261469,29.116816089358803],[-89.10611259011765,29.11866281082697],[-89.10559886606454,29.120976543234274],[-89.10416507042945,29.119757501734103],[-89.10245572736073,29.118984810510366],[-89.10068664273238,29.118772557626144],[-89.09993974208265,29.118321863901343],[-89.09807801958893,29.119973439438184],[-89.09651500309685,29.120520456834726],[-89.09553966446363,29.121243275180408],[-89.09287129976055,29.121702258053368],[-89.09123117188446,29.122674175508195],[-89.09065875909722,29.122232299104162],[-89.09021109355685,29.12062427981059],[-89.0895199863711,29.119967913083503],[-89.08892204615843,29.119875669531705],[-89.0883135767923,29.1179457825489],[-89.08694847173373,29.117283493961427],[-89.0869679481074,29.1163380258564],[-89.08641079859515,29.11418377975015],[-89.08561231488518,29.112567601930564],[-89.08512859366427,29.112528783590296],[-89.08481383297185,29.11391428577845],[-89.0828813142506,29.114647632484974],[-89.08010688905513,29.115070428260406],[-89.07754984897194,29.114865017902293],[-89.07505675995382,29.109815546155655],[-89.07279763894807,29.11016596924207],[-89.07150043215194,29.107992379697667],[-89.06999163078387,29.106348436234164],[-89.06943737654179,29.104757127709334],[-89.07156148974349,29.103102657300884],[-89.07089143637306,29.10232601850675],[-89.06948282410865,29.103874923873068],[-89.06679322502885,29.104666857854195],[-89.06063695809736,29.10892982008615],[-89.05814018418995,29.1112969770683],[-89.05644979108214,29.113934813445184],[-89.05516942949421,29.11942602909942],[-89.05633399285215,29.12036215363003],[-89.05624740603852,29.11768721012576],[-89.05863364494519,29.113910864761838],[-89.06002033023184,29.114163778743844],[-89.06027245499274,29.11609050801246],[-89.0619446904537,29.114366031628258],[-89.06402853667278,29.112863151693684],[-89.06673400988197,29.111779646636403],[-89.06700718935649,29.11439656007933],[-89.06433224449391,29.115514409670638],[-89.0646935873254,29.11631973612963],[-89.06723352258726,29.115840618685755],[-89.06715193669484,29.11808145078124],[-89.06405248575825,29.1187695307306],[-89.06003506889071,29.12240415445351],[-89.06311846513654,29.122127554095865],[-89.06541759171513,29.121736996903557],[-89.06715193669484,29.12060177900793],[-89.06918656781278,29.122287435075815],[-89.07073510975069,29.124411942593824],[-89.07272894837156,29.122802474988774],[-89.07402141655457,29.12414771119594],[-89.08022242407878,29.12790971288797],[-89.08415430695824,29.12680462726925],[-89.08781274985172,29.127936820692597],[-89.08912100951912,29.12955405099022],[-89.09153856459491,29.129526812567452],[-89.09368636277739,29.130390695186264],[-89.09237862952274,29.13222728440214],[-89.09885834385543,29.137326496523126],[-89.10117747052553,29.1344761435432],[-89.1062491789566,29.133858332637644],[-89.10712314630325,29.134971346717744],[-89.10848329894966,29.135513065611242],[-89.10878358688454,29.13708595129016],[-89.10934205063207,29.13764599519296],[-89.11040397518055,29.13789812031073],[-89.11289022083284,29.137357946385087],[-89.1156464740084,29.13860694348417],[-89.11607046804271,29.13977063259286],[-89.11157011867506,29.140317649807052],[-89.11360770075869,29.14113835259058],[-89.1151706606569,29.14353381929615],[-89.11658076951458,29.14252387340316],[-89.1203621172103,29.143294063769197],[-89.12333445204263,29.14418597535076],[-89.12455428335008,29.14530040437793],[-89.12790796469861,29.146151127415923],[-89.12783032690186,29.14709185878502],[-89.12851195865798,29.14899187380656],[-89.12963494079801,29.149400854510823],[-89.13063396531032,29.151903021996116],[-89.12999444208315,29.15291981084357],[-89.1303644707251,29.153250493738476],[-89.12912305918957,29.154573623399795],[-89.12809587428973,29.1548598297861],[-89.12515696127757,29.15319851636471],[-89.1236578985455,29.153229176852083],[-89.12307969521794,29.151356400668707],[-89.12227121146223,29.150278421914724],[-89.12125402750645,29.14948520258232],[-89.12253781077732,29.153297734961736],[-89.1219861894973,29.15403792411954],[-89.1197607535181,29.154590861358823],[-89.1208142563608,29.155021946682076],[-89.12200461214717,29.1548460123114],[-89.12382659496934,29.15565041798681],[-89.1244021653348,29.156454559264084],[-89.1235563116633,29.15759556843424],[-89.12369921745533,29.158563011528937],[-89.12235911340942,29.15893619862977],[-89.12154325987511,29.159993122477122],[-89.12001945843843,29.16025208975711],[-89.11927492664613,29.161216638286046],[-89.11718423795952,29.161587456108915],[-89.11568622715465,29.160998595450593],[-89.1158778216351,29.162295274134305],[-89.11407741814266,29.16202933354472],[-89.11359422243618,29.162194608293834],[-89.11285100667574,29.16280110344703],[-89.11323551077017,29.163087046864923],[-89.11306698682287,29.163789835730856],[-89.10984472091559,29.164816523256818],[-89.10933126096717,29.16546315128193],[-89.1082951279488,29.16607214668],[-89.10757033393989,29.16726539656305],[-89.10804010791773,29.169332663454277],[-89.10900307674949,29.17010390625363],[-89.10990630491989,29.172972550444886],[-89.10905439660334,29.17365483904128],[-89.10879279820945,29.17515679873543],[-89.10813037782401,29.175687497440162],[-89.10719714771973,29.175571435471454],[-89.10610890522837,29.176441898213923],[-89.10479590874446,29.17672599887501],[-89.10115589029745,29.178479951674994],[-89.10098587604509,29.183672327729106],[-89.10344027731888,29.18427500593934],[-89.1052217317487,29.182976220680487],[-89.10617259488369,29.184229870644575],[-89.10783535491503,29.182907399260483],[-89.10913256171116,29.183650220326523],[-89.10900070879039,29.184942952649855],[-89.10927994021499,29.186463727840994],[-89.11241544773044,29.191015265180447],[-89.1114961657676,29.192233649398673],[-89.11243413268836,29.192640391432402],[-89.11437559952819,29.192208121510298],[-89.11625811352917,29.189801618965195],[-89.11671393846726,29.18623871084438],[-89.1171705530245,29.185859339454243],[-89.11662840537747,29.185408909396116],[-89.11765796003303,29.18496229520721],[-89.116886056574,29.184174997706677],[-89.11906359528061,29.184170261438087],[-89.12428110387555,29.184914792489796],[-89.13258016896664,29.18482386365211],[-89.13306310146676,29.189176702323547],[-89.13946938840643,29.189590287201973],[-89.144603732769,29.191239230245664],[-89.14495928775509,29.18890496916302],[-89.14880879602131,29.184646613360304],[-89.15245460500864,29.183326642949076],[-89.15587197511418,29.184504234109436],[-89.15658545214711,29.18257526839951],[-89.15784212785594,29.18155255766171],[-89.15816057343766,29.179884533425728],[-89.16002808737001,29.179634513726175],[-89.16210640625516,29.17461623090621],[-89.16276119365565,29.173705501669026],[-89.16583774833228,29.173952758401654],[-89.168224249547,29.174931913025407],[-89.16940039398557,29.17591277758782],[-89.16971673391622,29.176943779279675],[-89.16918379669583,29.177909249428353],[-89.16971673391622,29.178291252608496],[-89.17014992490242,29.178895640875137],[-89.17156950829141,29.17932212138295],[-89.17216981825982,29.180440893012037],[-89.17297277468158,29.18064525074199],[-89.17373704515562,29.180272064128516],[-89.17453894965018,29.180663672548878],[-89.17509451902585,29.18013534231729],[-89.17753470805354,29.181522686795876],[-89.17795342448557,29.18264198421832],[-89.17899218956772,29.183299140362124],[-89.1788824441861,29.184671615312666],[-89.17851583722707,29.185541814981086],[-89.17660016191738,29.186705457729644],[-89.17548560148312,29.186566894418156],[-89.16890430206485,29.188490990965942],[-89.17160319601288,29.18860731594333],[-89.17297734980131,29.189648386736785],[-89.1753684863229,29.188839043230523],[-89.17602616989187,29.188018059760857],[-89.17779446400277,29.187760671437537],[-89.18060152499248,29.18614146670833],[-89.18183688457795,29.185874208378465],[-89.18407600459389,29.184803468570944],[-89.18450182669982,29.185335219282965],[-89.18596904684999,29.185652612638442],[-89.19002567697633,29.184651877425075],[-89.19064177753077,29.185222579027247],[-89.19109944401522,29.184252897882327],[-89.1931667100291,29.184794650961674],[-89.19267930302057,29.186906788287814],[-89.1908499513181,29.189228021539815],[-89.18983092491769,29.192015212121593],[-89.19026253666561,29.19253511985399],[-89.18945931793577,29.19388246132579],[-89.18727283200897,29.193834431047687],[-89.18611879510954,29.1947377904935],[-89.18581929769213,29.19544876681309],[-89.18284406669136,29.19712350226667],[-89.18323725569795,29.19779250157202],[-89.18448024647175,29.197637884664093],[-89.18537321049173,29.198198585591708],[-89.1860919507539,29.197968962221804],[-89.1883852867922,29.195924330783647],[-89.18935273013237,29.196354758668534],[-89.18950247929024,29.195156901918093],[-89.19396650797434,29.19479358470368],[-89.19420126380922,29.195309019416538],[-89.19390676731298,29.197371941562658],[-89.1931064420567,29.199887531377357],[-89.19262140390556,29.202950138187774],[-89.19366437939145,29.20359203046211],[-89.19427232144652,29.205778515446863],[-89.19295669469548,29.205942212660766],[-89.19258956042538,29.20548362347004],[-89.19180818423166,29.205580868866836],[-89.19147868398208,29.207845517512002],[-89.19029833003812,29.208562416927492],[-89.18955669351595,29.208470171393635],[-89.1896661756912,29.20759063005945],[-89.18778760798928,29.207164281214705],[-89.18825764517346,29.206750038002603],[-89.18805236575801,29.206039456838386],[-89.1872333546455,29.205483755985828],[-89.18646829634893,29.20572206385309],[-89.18606300164556,29.20506425002199],[-89.18519056502815,29.205128202086275],[-89.1853058368454,29.206016166325973],[-89.18640960761478,29.207564443429106],[-89.18572955419862,29.20782314872679],[-89.18582508823246,29.208581759734177],[-89.18681884951552,29.209559992585138],[-89.18793946189983,29.208901389500582],[-89.18895980433216,29.20960881291098],[-89.18941720940684,29.209551966679374],[-89.18989171930285,29.21011253579255],[-89.18900243927385,29.212172959161734],[-89.18906849688828,29.21345213779584],[-89.18847581990485,29.213926647586636],[-89.1870130751614,29.21374479110659],[-89.18666304661095,29.215362942870254],[-89.18604142051917,29.215758368053084],[-89.18560980787294,29.215219379245106],[-89.18231613129045,29.21366202161924],[-89.18195663090363,29.21321303875569],[-89.18045940881959,29.2133329172575],[-89.17905640473748,29.212791823030386],[-89.1783839843063,29.21201136771225],[-89.17696097923441,29.211471325786956],[-89.1759011603369,29.210641392168377],[-89.17535796076272,29.210684949251018],[-89.17470317336223,29.209639736463668],[-89.17431886689717,29.207565093449116],[-89.17306330869253,29.207710112895334],[-89.16951434977092,29.20771366565351],[-89.16887456243904,29.207428248849904],[-89.1689414096726,29.20605616863836],[-89.16860664709209,29.204045749269948],[-89.16821240525998,29.20297224535077],[-89.16752709041117,29.2026301126909],[-89.16746603192134,29.203536894222097],[-89.16622330525222,29.20414707349421],[-89.16338992721795,29.20503911582027],[-89.16145912248226,29.206938546707498],[-89.15969858712043,29.2079331562451],[-89.1581210969725,29.210474142741162],[-89.157996877935,29.21172818806747],[-89.16181401451166,29.210309788649806],[-89.1629654202456,29.21118919922877],[-89.16582800969628,29.211794640289888],[-89.1672665430462,29.211733583249657],[-89.16754182727342,29.210908651022525],[-89.16903694370644,29.210939179008868],[-89.17006807670195,29.21314027107631],[-89.16756077633603,29.21456182866081],[-89.16287041352284,29.216060234260492],[-89.16085920507763,29.21642526212689],[-89.1601004610392,29.21834935888949],[-89.15811372809222,29.218994145723226],[-89.15783949579217,29.21927943074162],[-89.15703627706235,29.21926311388812],[-89.1546002975401,29.220621509697477],[-89.15379707791195,29.221399069202672],[-89.15707864789935,29.220072387330717],[-89.15809346299774,29.220093179158813],[-89.1605502331289,29.219548794082364],[-89.1615284670323,29.22053031774301],[-89.16243748484469,29.220352014328977],[-89.16240511315512,29.218765575619233],[-89.1627109266273,29.217871953802593],[-89.16643226865865,29.217947880081848],[-89.16888877378685,29.217392837313902],[-89.16998938607969,29.216023914553297],[-89.17186242644767,29.21541597386942],[-89.17184768778881,29.214687101395292],[-89.17101657097952,29.214704076792827],[-89.17159477340877,29.21414824337662],[-89.17346991942779,29.213882828440166],[-89.17374967726514,29.214745526199806],[-89.17372757062432,29.216642120880255],[-89.17468027710227,29.21644697515044],[-89.17478949517282,29.21743060384761],[-89.17529242866274,29.217303884017973],[-89.17595458584182,29.217746023246516],[-89.17702651043606,29.217476002072203],[-89.17681649420409,29.216642516032383],[-89.17777946393416,29.216885165781846],[-89.1782729237911,29.216760814619303],[-89.17856084102618,29.216158794641043],[-89.17791421122678,29.215638490820965],[-89.17835056068952,29.215535719643096],[-89.17883586204702,29.214748159027682],[-89.17968434868065,29.21501252110308],[-89.1803396624939,29.21644697436646],[-89.18114814535129,29.21644697436646],[-89.18289433461801,29.216865559540313],[-89.18339805772706,29.21681410754511],[-89.18396547049144,29.21780471209045],[-89.18357728240602,29.219732887227725],[-89.18162607872685,29.21993171858601],[-89.18086838751394,29.219019673997146],[-89.18001147917454,29.219329698425515],[-89.17966197793514,29.22013568165639],[-89.17938879935892,29.21890453289347],[-89.17776709503102,29.21926416603202],[-89.17722573610483,29.219805129643486],[-89.1769809802242,29.22199819525046],[-89.17629724461368,29.22156737173229],[-89.17641909479377,29.223820572995084],[-89.1767051704825,29.224936975992645],[-89.17601906331964,29.226268788578142],[-89.17710572747107,29.225609790383057],[-89.17686702443883,29.226600131125192],[-89.17739601356355,29.226495648592433],[-89.17786973384044,29.22583480797968],[-89.17869453549328,29.225243709452602],[-89.17807711890693,29.22480130624644],[-89.17925089358977,29.223847811487442],[-89.18042308993266,29.22415704595188],[-89.1812713133599,29.224695509512205],[-89.18283380343924,29.224546418640333],[-89.18249562007409,29.22372332844507],[-89.18323936134897,29.222767070294854],[-89.18321330661247,29.222064647083602],[-89.18399152432961,29.22194963797713],[-89.18423364814647,29.222263083489196],[-89.18458578144964,29.22221097408599],[-89.18514793098477,29.222939451996012],[-89.18587430153698,29.222844707519794],[-89.18592562228915,29.22383123194547],[-89.1863880264884,29.22407361928233],[-89.18586377507849,29.224896971643854],[-89.18465157585767,29.2250708016678],[-89.1828872280458,29.226841333626105],[-89.18291828370349,29.227628367742398],[-89.18451743492788,29.2260504536256],[-89.18591404300516,29.225985477440126],[-89.1878431400435,29.22552438930778],[-89.18772865694706,29.226298396324434],[-89.18923508945772,29.227074640378028],[-89.18892927598554,29.22757875872804],[-89.18737994532681,29.22789746767107],[-89.18696201851392,29.228459222066725],[-89.18611405739473,29.228689240425272],[-89.18588403927467,29.228998210978695],[-89.18459288712354,29.22934837010286],[-89.1842275961964,29.23057570182151],[-89.18321778022258,29.22980669412261],[-89.18229586709425,29.231170484571265],[-89.18261062868498,29.231962652195037],[-89.18294618088466,29.232212407879086],[-89.1824598267016,29.232574277817584],[-89.18195452435428,29.233831217198293],[-89.18267668540108,29.234368364679646],[-89.18210664147125,29.234933145455166],[-89.18150185789274,29.234829057884568],[-89.17953117873819,29.23531159600503],[-89.17723073702601,29.235464371153547],[-89.17486344808027,29.234892220802763],[-89.17476423005546,29.234094264024325],[-89.17583010269962,29.233789503501306],[-89.17536901453228,29.231658549304342],[-89.1749816151677,29.23099968221732],[-89.17560850628534,29.229933151545914],[-89.17510662562094,29.229031503224128],[-89.17435104005907,29.228937548321632],[-89.1720137530472,29.22960575904533],[-89.17201164739615,29.228858331376028],[-89.16872462732992,29.229250125012655],[-89.1658111662847,29.22870700371349],[-89.16336150362405,29.228574230918635],[-89.16054417938221,29.230068952464897],[-89.15919618004328,29.2303677905207],[-89.15892721276911,29.230043950609762],[-89.15741130572717,29.229599177930183],[-89.156501761502,29.22983893406994],[-89.15911564787469,29.231134034603677],[-89.15608514982267,29.232886144160958],[-89.1569799562873,29.233844244837112],[-89.157107597906,29.23487077115797],[-89.15672546266899,29.235176848532955],[-89.15789844863102,29.236432471964036],[-89.15779080890042,29.23729911786027],[-89.15794397884288,29.237922982286975],[-89.15757342288987,29.23928993017268],[-89.15701495914233,29.239193738143705],[-89.1567786249675,29.23940651808908],[-89.15732287646891,29.24028606058805],[-89.15689363268008,29.24177946516747],[-89.15606988564936,29.242581369776275],[-89.1529830668223,29.243259053364845],[-89.15299359507743,29.24376501474265],[-89.1508273733468,29.244067537538996],[-89.14925593604724,29.24460534301023],[-89.14656335815398,29.245043666322903],[-89.1442994985351,29.245638317980294],[-89.1427678009071,29.24515814784825],[-89.14140769587138,29.24575174696864],[-89.14099345394779,29.247438851453925],[-89.14480059047868,29.247507278399766],[-89.14556722891183,29.247923889991366],[-89.15087448279691,29.24793415375231],[-89.15190035166486,29.247565967429384],[-89.15356758620463,29.24725489042059],[-89.15584565806962,29.247659658339124],[-89.156752570231,29.24702605577373],[-89.15702127519711,29.247512804158543],[-89.15677625611009,29.24855867521888],[-89.15898590150326,29.248232203673986],[-89.15878009567504,29.247708346853567],[-89.16024494606951,29.24794902307544],[-89.16102658636788,29.24761781311372],[-89.16129239606381,29.24897857677501],[-89.16057365580163,29.249208199459197],[-89.1613576640591,29.25001642030665],[-89.16032653106359,29.250812270794007],[-89.16015994029078,29.251868143417667],[-89.16082813864016,29.252172973158235],[-89.16170162628646,29.25170081789165],[-89.16227308326624,29.25027009705291],[-89.16322675722974,29.250129191556553],[-89.16443948196499,29.250308416561364],[-89.16703020887134,29.250244069468362],[-89.16855585365097,29.250868459269636],[-89.16906036727748,29.252101449560513],[-89.17105130972988,29.251318758351605],[-89.17147555439416,29.25186814263389],[-89.17168372818146,29.25147048052167],[-89.17321542580949,29.25109439870478],[-89.17351676477323,29.253223774971367],[-89.17132659395712,29.254864822082556],[-89.17059574889647,29.255172873456768],[-89.16890114358831,29.257020778978994],[-89.15951278407866,29.26239580148668],[-89.15358627206085,29.26506390287746],[-89.15010784436379,29.26738145077856],[-89.143953682185,29.272144913107443],[-89.14273964141788,29.274248759714368],[-89.14194194732703,29.28236491572773],[-89.1447018979683,29.28259144608212],[-89.14666678837915,29.28108830409833],[-89.1491082925404,29.281284502663652],[-89.14947253154034,29.282887391520582],[-89.15064814866783,29.283539612406155],[-89.15028575301086,29.28539863792027],[-89.15174033925489,29.28556233473957],[-89.15266277969427,29.28449179169869],[-89.154165790522,29.284234863648564],[-89.15649939264459,29.285292840379636],[-89.15703101293478,29.286114021857305],[-89.15822373668024,29.285305538660147],[-89.15972095696763,29.28584465979743],[-89.16264934352131,29.285860318862134],[-89.16424920351645,29.289604753359345],[-89.16390049279453,29.292174953242103],[-89.16675492464411,29.29390199538483],[-89.16728707134705,29.295187028579775],[-89.17040836571809,29.295586402436015],[-89.1708249764991,29.297465955037975],[-89.17225482403852,29.299181812415586],[-89.16824609298143,29.302024137930946],[-89.16913616262957,29.304089232070705],[-89.17138581000233,29.30443978508124],[-89.17267617343263,29.3057565977317],[-89.17182689628156,29.307408238882328],[-89.16931354396557,29.30964282067222],[-89.16978489718167,29.310510256787783],[-89.17024124853253,29.31192030041062],[-89.17432130043328,29.312817869322235],[-89.17490897739383,29.314097903619924],[-89.17402206712055,29.314890267694583],[-89.17239720431611,29.315396031180196],[-89.17502267176944,29.316405384896814],[-89.17605485579382,29.31828868818512],[-89.17697861226512,29.31871260329605],[-89.17597958685448,29.320188046773097],[-89.17572167245157,29.32286476739474],[-89.17508978220937,29.32405347888504],[-89.17896192442748,29.32599303720631],[-89.18086759879313,29.328899708534905],[-89.1840465290728,29.330303304770823],[-89.18328146987791,29.332171804528105],[-89.18477395334882,29.334632785869594],[-89.18399020919605,29.336061449057073],[-89.18858135398442,29.338111345804325],[-89.19854528475787,29.33949447839096],[-89.20393649249449,29.33569832834186],[-89.20531870417102,29.331566889656756],[-89.20532423240327,29.3286887055179],[-89.20257612335409,29.326320167265127],[-89.20254822796957,29.324211253771615],[-89.20337144858752,29.322483093751433],[-89.20652248258433,29.31953865407518],[-89.20845947491573,29.32256875768397],[-89.2090208339334,29.32537233086528],[-89.21079255062556,29.327209249002397],[-89.21055253156142,29.329025902417094],[-89.21188000349781,29.328614424670647],[-89.21469022116742,29.32397978833426],[-89.21433782555619,29.322626459046326],[-89.21357118173314,29.321202064996264],[-89.2139064761163,29.31851061400624],[-89.21797731848876,29.321397021827533],[-89.21781177874483,29.32301964700231],[-89.2194579594693,29.322687648050366],[-89.2210904543604,29.322042334630435],[-89.221198094091,29.320986397571918],[-89.22228554786156,29.319546418364624],[-89.22387672294452,29.31873865808855],[-89.2241175316278,29.31803505103496],[-89.22293191355625,29.316068122777637],[-89.22360380667638,29.31327560305394],[-89.22518840429485,29.3093505615261],[-89.22573449913921,29.3061462339888],[-89.22683274257464,29.304424522111635],[-89.22912133999982,29.30298230454215],[-89.23060040264039,29.30306954845207],[-89.2319699831057,29.302296394977848],[-89.23246949491272,29.301308621802335],[-89.23309033318196,29.30117413755101],[-89.23449780997588,29.30146008098148],[-89.23541972490082,29.300350258519856],[-89.23670508740994,29.30119058548319],[-89.23703669151392,29.30173569396507],[-89.23657665617209,29.302864202788168],[-89.23680483094921,29.30342826059679],[-89.23847338241917,29.30172819388628],[-89.23897210460703,29.300950896326516],[-89.24025983597356,29.300049379732403],[-89.2410680565229,29.299855548590465],[-89.24163231170905,29.30114209635093],[-89.24025983597356,29.302543454871966],[-89.24080329875413,29.302978686154752],[-89.24053827777904,29.30511069233435],[-89.2413709747249,29.30784728697181],[-89.24057459756428,29.310373996354205],[-89.24256738425795,29.310014823745405],[-89.24372273629096,29.310632634409558],[-89.24664717295231,29.307091044368388],[-89.25082118234356,29.303917706248264],[-89.25133437908559,29.302852162372446],[-89.24891840234977,29.298737896594524],[-89.24798280248979,29.295678382210557],[-89.24929158946826,29.292661306505142],[-89.2504864179664,29.290461399040407],[-89.25207154199764,29.286626166890347],[-89.25349507258397,29.284415535569696],[-89.25293450408374,29.28267987408284],[-89.24862969549557,29.28200758539541],[-89.24734433298643,29.277182672235522],[-89.24851995011392,29.276279904474936],[-89.25291450129733,29.278000959382783],[-89.2551320419835,29.277982273780616],[-89.25702324179497,29.28133957274332],[-89.25648425172618,29.285763008697657],[-89.25650399130623,29.287658681360725],[-89.25626555058206,29.29057081553951],[-89.25816833057584,29.290103541547662],[-89.25942395345916,29.287985352171937],[-89.26077142728366,29.287201739267097],[-89.26064904889418,29.285168093616065],[-89.26077142638535,29.282147727684375],[-89.25944869216379,29.279361524845722],[-89.26104092186888,29.27727702163499],[-89.25914945885107,29.27437955971826],[-89.25892286241391,29.270753818224673],[-89.25807148051013,29.26915053609391],[-89.2567587472326,29.26936173741368],[-89.25701297764454,29.27398683244627],[-89.25351560178316,29.273986963306232],[-89.25173046336235,29.272903393082924],[-89.25214838927693,29.271533023294005],[-89.25000138161191,29.270213776642244],[-89.25054037078237,29.267702660179282],[-89.25280317847405,29.26802544760216],[-89.25408169761732,29.265126013483926],[-89.25399537490843,29.261894051298906],[-89.25671479715731,29.26068672122889],[-89.25675137925063,29.26206169635061],[-89.25838834775186,29.26182496705976],[-89.26060404599339,29.258698014894694],[-89.26293212168035,29.256728783074532],[-89.26454908739514,29.253494848496125],[-89.26542915699753,29.253091000276488],[-89.26616605580486,29.249920492303836],[-89.26738641352509,29.247708346069764],[-89.26662188074297,29.246046111517487],[-89.26504175763293,29.24377514723835],[-89.2646290940493,29.241686563687836],[-89.26234470612955,29.239730227266957],[-89.26000215678673,29.239918531051483],[-89.26011005972371,29.235850584119454],[-89.25985398776547,29.23412768709156],[-89.26160464884566,29.232738895640903],[-89.25999268225543,29.229500091920073],[-89.2603471835177,29.228422114190803],[-89.26148674496463,29.226300896366517],[-89.26289159149135,29.228496461631376],[-89.2643045956192,29.228995842703952],[-89.26507833972624,29.227993528420296],[-89.26673004688632,29.22710938042391],[-89.26710244438567,29.226627106253183],[-89.26781170921825,29.228431587342428],[-89.26744510225923,29.2314748499564],[-89.26591050936105,29.234613777991573],[-89.26587734984896,29.23673249548242],[-89.26803646410907,29.235113554096813],[-89.26925655862291,29.236109815302086],[-89.27153883999331,29.23601007085949],[-89.27319212639168,29.238887661805368],[-89.2750259543992,29.239575346776142],[-89.27700084216083,29.237787182379446],[-89.27967052469245,29.240005512910173],[-89.27999475901785,29.2416224792463],[-89.28097378254036,29.240630429226588],[-89.28313447693705,29.237619669214453],[-89.28583468601866,29.240049462757568],[-89.28667264619378,29.24108835863058],[-89.2868192359768,29.24351381051664],[-89.28469880856272,29.24265255906176],[-89.28339660354034,29.24431492476991],[-89.28349003102483,29.248553543761766],[-89.28581494823523,29.24781835542505],[-89.28785536899517,29.246142435839626],[-89.28826908540432,29.24948545746293],[-89.28909072947894,29.248931073163696],[-89.2911722059423,29.247044610652445],[-89.29130642682216,29.248888701754765],[-89.29325789370773,29.249325314534264],[-89.29338711456472,29.25064949490237],[-89.29418612378913,29.25254398480492],[-89.29244940995201,29.254984700413228],[-89.2950019764251,29.254588090440865],[-89.29907966126507,29.2559876728399],[-89.29840355594457,29.254766525461477],[-89.29582572525244,29.253183113136124],[-89.29661894483483,29.251877880094877],[-89.29791272815143,29.25079582258967],[-89.30058004002902,29.248972522824722],[-89.30069926084028,29.251247699714174],[-89.30217674334426,29.25268636513905],[-89.30446244639757,29.251908409975865],[-89.3057893919212,29.252718076682303],[-89.30833722067948,29.252725445552898],[-89.3101484138368,29.253507085963548],[-89.31334287239446,29.256459288708864],[-89.31494457573255,29.258361015183237],[-89.31877013581162,29.26188273566535],[-89.32011050306392,29.2643237142947],[-89.32277518287772,29.2656221039166],[-89.31968468005968,29.265723559208972],[-89.31760583476176,29.26471177043913],[-89.31684630290084,29.265270103488238],[-89.32031683440657,29.26677324537646],[-89.31878645191212,29.268028343929522],[-89.32007549931053,29.26887182995896],[-89.32235330796915,29.269168564278214],[-89.32227356541968,29.271140558566305],[-89.31980047828968,29.272633898247243],[-89.31899173222591,29.273442513834063],[-89.31912937478869,29.274388310063607],[-89.31891488314999,29.276737834917483],[-89.31927412122873,29.27827130903444],[-89.32052974590867,29.27938889507808],[-89.31976705467291,29.28071939248312],[-89.31607308340992,29.280197378865424],[-89.31418609579883,29.281306479299104],[-89.30938940838861,29.282665334189595],[-89.30783797118053,29.28049891633094],[-89.3060452015714,29.281799411137364],[-89.30611283842407,29.28447922416352],[-89.30502722799649,29.28777461163878],[-89.30202173095714,29.289570409035314],[-89.30041476528811,29.291673401731455],[-89.29767060433457,29.291137174907153],[-89.29325789370773,29.29109697472419],[-89.29029345327014,29.292713942543383],[-89.2865765866455,29.29359440543278],[-89.28520463822109,29.29664253650515],[-89.28410876274474,29.297238109413783],[-89.2858960077149,29.300532640275353],[-89.28176647571,29.30175227419804],[-89.27992554382521,29.300671598517305],[-89.27712980070977,29.299820940576183],[-89.2757407456674,29.298912317170835],[-89.27614235548147,29.296591414490983],[-89.27424484051356,29.296630166319733],[-89.27147673137289,29.29757813495999],[-89.26896653663512,29.29771696169293],[-89.26982239214902,29.29989384167832],[-89.27191097518461,29.300248803136604],[-89.27372243154828,29.301469885006174],[-89.2736371616649,29.304461893039033],[-89.27641448213049,29.305789956642656],[-89.2731681782045,29.307388961757304],[-89.27241443508728,29.308614122387578],[-89.27267340231569,29.309535772219977],[-89.27127039913191,29.31132222667856],[-89.26811383780114,29.309841783544293],[-89.26404957558815,29.308504048427416],[-89.26325161829095,29.308824534000326],[-89.26370876015923,29.31118471638733],[-89.26166728567549,29.311990371421413],[-89.26133041744393,29.313028741460712],[-89.26488595652499,29.3132704709294],[-89.26483647821748,29.314717293723152],[-89.26635396539601,29.31462682560241],[-89.2661905313031,29.31779128150465],[-89.26466146484054,29.31657177892233],[-89.26210810964665,29.317117347277268],[-89.26021638432074,29.318107227150218],[-89.26018795982854,29.320080275488394],[-89.25895286344945,29.32167368845505],[-89.25606764004687,29.322627840645474],[-89.25868863389009,29.32297227570972],[-89.26269078568602,29.322785484590142],[-89.26539099566594,29.324353896087867],[-89.2701813670214,29.329295792742204],[-89.2672350869256,29.330022230416855],[-89.2665631911105,29.33198889665694],[-89.2623833938739,29.331558928928292],[-89.26012874557995,29.331892112099307],[-89.2572977373014,29.33407116302602],[-89.25819148914385,29.335553054947038],[-89.25782698783587,29.337640583814668],[-89.25947290535395,29.33838570863245],[-89.26005242381508,29.337122978830664],[-89.26186203773413,29.33733174507039],[-89.26336531266655,29.335490154712037],[-89.26481858287869,29.33569076262798],[-89.26373323475916,29.33812963589943],[-89.26402536419461,29.33888285120896],[-89.26721376900558,29.33956652342272],[-89.26783302713827,29.34316851275623],[-89.27093853092323,29.34349873639195],[-89.27022373875673,29.34464145606728],[-89.27155594750958,29.346740040051927],[-89.27074693734113,29.348012111998457],[-89.26690427154242,29.349382810645572],[-89.27244367345314,29.35002452066894],[-89.27472911060512,29.351967654930593],[-89.27298974314469,29.347279028519434],[-89.27755077820136,29.345757589626224],[-89.27725823194761,29.353133365173836],[-89.28044926792406,29.356187483679093],[-89.28813749658825,29.35820112607943],[-89.29244940995201,29.359548599652964],[-89.29217991536679,29.363860512570433],[-89.29240387974016,29.365535774300472],[-89.29430744845476,29.36789398408935],[-89.29479380263781,29.36988848044068],[-89.29239624765351,29.371929427504064],[-89.29177830465439,29.372658694962247],[-89.29311446240125,29.37502025931166],[-89.2968510668093,29.37570327334881],[-89.29716293223156,29.37666420294905],[-89.29799220749452,29.376933303287736],[-89.2998476157301,29.3788424646894],[-89.30130220197412,29.378812789994836],[-89.3056922786491,29.37528047669994],[-89.30969680020074,29.374877485939802],[-89.31093558146912,29.3768573761472],[-89.31035579800495,29.37934151552801],[-89.30966653506052,29.380539964303264],[-89.30992708152719,29.38419241888721],[-89.31125428935887,29.384435923930674],[-89.31096689853655,29.386873152730622],[-89.3116258981374,29.387695848900133],[-89.31272966711015,29.38740701017269],[-89.31333339876147,29.385773791332863],[-89.31495220781922,29.385975187848256],[-89.31659838854367,29.385770434968812],[-89.31900962756468,29.386887363897348],[-89.3207887122388,29.38904332188942],[-89.32166351771362,29.388354123149128],[-89.32086187642543,29.386806371335137],[-89.32030867590716,29.386363311331035],[-89.32091451231116,29.38555482669725],[-89.31984758684148,29.38470041841404],[-89.31987206323804,29.38136252773063],[-89.31906226345045,29.380569176657435],[-89.31977337162598,29.37999979059834],[-89.31995891146138,29.378507701162825],[-89.31766689235332,29.37754183699098],[-89.31639863556383,29.375453911534468],[-89.31520959670769,29.375601818564437],[-89.31335734694862,29.374289084594285],[-89.31126271106467,29.374275991887274],[-89.31143640930799,29.372598032274865],[-89.31354367819979,29.373076688085504],[-89.31391844365824,29.371426888761626],[-89.3130807466895,29.36937021570379],[-89.31233647810355,29.369056705498284],[-89.31136429794688,29.365715657165225],[-89.31224226010161,29.364221922510385],[-89.31100742782722,29.361381439066434],[-89.3101923657087,29.360902191969664],[-89.30875383235879,29.361081087139887],[-89.30818247149875,29.359943695708203],[-89.30930045451423,29.358882429478708],[-89.31016683648663,29.356474544424128],[-89.31085636443409,29.35724624983076],[-89.3117145888054,29.355896737496995],[-89.31225989403063,29.356193009822345],[-89.31323128366986,29.35517016711417],[-89.31406845422585,29.354715263960873],[-89.31477166710836,29.35612846557766],[-89.31533855256166,29.355494140579715],[-89.31819219658875,29.354840865276856],[-89.31909068704434,29.354352670094833],[-89.31975336973785,29.35509437250815],[-89.32061922619583,29.354840010271396],[-89.32134086082986,29.35455538388495],[-89.321966699122,29.354031526597407],[-89.32222092953393,29.353207910029518],[-89.32252174208492,29.352939139261565],[-89.32246515810348,29.351990447103216],[-89.3248556083122,29.351847936628996],[-89.32547012962839,29.352129932676736],[-89.32583515645084,29.352925059594988],[-89.32681444407801,29.352392847242324],[-89.32721421144745,29.353263638157696],[-89.32816349624247,29.35320705422743],[-89.32870195810187,29.353499577626042],[-89.32919752360982,29.351894387797717],[-89.33000363760982,29.351846292339438],[-89.33034234828601,29.352148946090317],[-89.32960176548768,29.353511683315045],[-89.33247435588243,29.353206528061754],[-89.33355496628715,29.353746899518047],[-89.33398236763134,29.35422522583266],[-89.33470637202107,29.354618677934273],[-89.33529904900452,29.35335022442156],[-89.3357540843235,29.35350964442927],[-89.3367978494285,29.35346825911132],[-89.33676547863726,29.35428746776705],[-89.338743264364,29.35433385361948],[-89.33841008012344,29.353483852207923],[-89.33651809159116,29.352371462977562],[-89.33774608049971,29.35123374487416],[-89.33925435635334,29.350467894651885],[-89.34000283444469,29.349363730159638],[-89.33961096236828,29.34822982624503],[-89.34353363482114,29.34915812297594],[-89.3441923703173,29.349577299382496],[-89.3439663002929,29.348337335221604],[-89.34171638881544,29.347040128879925],[-89.34205273063425,29.346011628434116],[-89.34243065456921,29.343449062238168],[-89.34242354979362,29.34250635675557],[-89.34328151095855,29.341627209351987],[-89.34312097123751,29.339627844001512],[-89.34433711855398,29.337864285891786],[-89.34458661214941,29.33568832791047],[-89.34513665419115,29.332909230321224],[-89.34639596196376,29.33182427811758],[-89.34674256793299,29.330298435861625],[-89.34738656566859,29.32980589793963],[-89.34884720565933,29.33035238777918],[-89.35062707995256,29.330482266977164],[-89.35176980077435,29.329596736454473],[-89.352375373972,29.327978519478116],[-89.35195270944429,29.326093307871833],[-89.35137185698497,29.325875950473712],[-89.35254670245962,29.325053292147548],[-89.35430104932742,29.32516323547429],[-89.35510426895559,29.32599922130306],[-89.35591801683884,29.326263320887893],[-89.35627435964743,29.326997785890395],[-89.35746208337001,29.325761702690137],[-89.35779921480793,29.32683402236614],[-89.35617698406726,29.328435792035723],[-89.35622172466,29.3306291193951],[-89.35712811040862,29.331790656748613],[-89.3582955690367,29.331968237221407],[-89.35967199196953,29.331886190714606],[-89.36090103370361,29.329634700417422],[-89.36415154982996,29.331097116332103],[-89.36699677125294,29.332971406960787],[-89.36782315034742,29.335641087018473],[-89.36890086548198,29.337556169847904],[-89.369709350136,29.336747686869785],[-89.37275879545399,29.336056053385594],[-89.3741936448129,29.33637772340063],[-89.37491475303419,29.338528021798236],[-89.37554611776196,29.339934577900603],[-89.37611379373273,29.34027197331699],[-89.37666383577445,29.341909994829948],[-89.37532162697582,29.342849278356727],[-89.37613011073154,29.34324147842028],[-89.37639434208752,29.343812181967884],[-89.37750942713791,29.34330312958898],[-89.37817553241266,29.34217777826546],[-89.37774707824295,29.340002018075577],[-89.37911797474015,29.340030046287183],[-89.37874899712709,29.339675414292532],[-89.37935562315026,29.33790257881176],[-89.37829843721488,29.337569855386963],[-89.37758127619097,29.335596939428104],[-89.37871820647241,29.335399094963037],[-89.37988540189413,29.335544304361356],[-89.37961880257905,29.334799641181213],[-89.37829843721488,29.333742189273188],[-89.37884663681196,29.331916128123215],[-89.37777997544697,29.33126831296548],[-89.37766259797868,29.33032337169121],[-89.37856793090181,29.330832489670236],[-89.37899954444637,29.331371480023787],[-89.37987698018833,29.330524769015952],[-89.38068625356317,29.330625368851212],[-89.38066888373885,29.329583314555357],[-89.38124787578724,29.32886042935322],[-89.38234085509511,29.33002400662984],[-89.38248846536429,29.330646976962985],[-89.38287984426557,29.330832490453403],[-89.38340988531752,29.331705453222266],[-89.38444022869388,29.33157728520036],[-89.38480446769381,29.332853238891197],[-89.38287984426557,29.333403545070233],[-89.38390545082545,29.33349671010489],[-89.38475630541818,29.333996880617686],[-89.38340383246913,29.33403109487319],[-89.38314933974914,29.334635285611864],[-89.38211768034085,29.335069925015222],[-89.38200372365718,29.33598637715076],[-89.3823187484543,29.33708817358276],[-89.38276062525095,29.336536551301368],[-89.38417731336978,29.336360288151717],[-89.38416494356832,29.338101146702083],[-89.38449523253874,29.3381422023111],[-89.38483736399952,29.33733023210853],[-89.38551478625023,29.33767723151738],[-89.38614693969882,29.339387364943907],[-89.38638327477196,29.340703255897495],[-89.38702332351359,29.34142377290482],[-89.38665276845889,29.34272012202104],[-89.38584428470317,29.343367542573684],[-89.38650301930102,29.343648418825964],[-89.38827052648774,29.34248905254397],[-89.38958720786093,29.342112575977485],[-89.38998565919846,29.342463788452456],[-89.38961957775388,29.34384034146832],[-89.39018935847734,29.345210447867323],[-89.39095731294239,29.34582483801833],[-89.3925742804538,29.346201051082733],[-89.3930914252915,29.347284819027056],[-89.39198791952512,29.347563656440787],[-89.39207029324004,29.348946263767317],[-89.38905374422777,29.34833990040156],[-89.3890816405106,29.348808490994593],[-89.38691489506215,29.34932826666154],[-89.38891347049953,29.34979323676544],[-89.39114522253351,29.34966020079357],[-89.39260638714036,29.350243470116375],[-89.3941036092244,29.349826661925288],[-89.39363041446197,29.35024925967258],[-89.3943075735063,29.35121867682612],[-89.39324038483024,29.352002751068902],[-89.39211345549282,29.352355870493714],[-89.39735096687421,29.354448137502285],[-89.39830472527935,29.35562849292928],[-89.39958587738474,29.354575384959116],[-89.39992590229618,29.353791442481537],[-89.40096098338736,29.35349740641604],[-89.4010054598754,29.354988508636527],[-89.4005888490944,29.355715999516327],[-89.40184157850419,29.355588291534147],[-89.40239372619695,29.357470279991432],[-89.40066280200186,29.358537863630804],[-89.40039436114044,29.35915679275706],[-89.39978799832367,29.359660515570468],[-89.40083439549248,29.360683818959558],[-89.40250031400035,29.360853634923373],[-89.40415359950038,29.361315841947455],[-89.40482865199537,29.36116556695838],[-89.40523289477154,29.36158632399886],[-89.40629271277069,29.360483211699584],[-89.40685249344843,29.360494659681567],[-89.40792520856013,29.359680648741197],[-89.40949690816774,29.35937384822623],[-89.40981167065678,29.359605709325024],[-89.40846077604766,29.36049130483263],[-89.40845814308557,29.362664433023046],[-89.40959875825634,29.362076953047186],[-89.40977929986549,29.362707857220933],[-89.40900318600275,29.363453573036537],[-89.40846946006153,29.364272978531798],[-89.4095242897159,29.36517483484462],[-89.41006879454223,29.365327797846863],[-89.41063778744319,29.365088173296986],[-89.41097834056401,29.364279690329056],[-89.4118355112115,29.363860512570433],[-89.41226449179398,29.363970586279077],[-89.41248450896998,29.364828416817073],[-89.41297902075411,29.365587554618685],[-89.41323719836339,29.365100016122415],[-89.41368749686586,29.365044025154678],[-89.41478652992043,29.36535826014667],[-89.41579187048751,29.366163455046078],[-89.41572476094589,29.366704088921757],[-89.41696722530693,29.367059314210028],[-89.41758903914662,29.368653861547212],[-89.41754779659358,29.370717689451016],[-89.41701933388161,29.3710804145035],[-89.41644665788799,29.37372686932196],[-89.41722540291622,29.374370801052905],[-89.41861024755484,29.375296662961667],[-89.41949873706639,29.37413045410373],[-89.42058040029663,29.373988535111327],[-89.420611455056,29.374457518107874],[-89.42168943339695,29.37475767323101],[-89.42231369245081,29.375134281221605],[-89.42540235282422,29.37367726079176],[-89.42569658611406,29.37259276848888],[-89.42734750365501,29.37264507598035],[-89.4292405450128,29.370182516157385],[-89.43011719293227,29.37071282012416],[-89.43060065094681,29.369496607640706],[-89.43193259649331,29.36913546067544],[-89.43231367800652,29.37064511688566],[-89.43327849018122,29.370428851070002],[-89.4334648097543,29.37130708921403],[-89.43202102395493,29.371862054650748],[-89.43165099531299,29.373395527939135],[-89.4335793027322,29.37369601263272],[-89.43266817926877,29.374581015122065],[-89.4318899615516,29.37668203366214],[-89.4319328596997,29.3774028786023],[-89.4329984691375,29.37773191647916],[-89.43325269775279,29.378328278480954],[-89.43216077127043,29.37939678395142],[-89.43217393069102,29.380441733111766],[-89.43349850735723,29.380696357031674],[-89.43598080491387,29.379603839292617],[-89.4367213886105,29.38305371152652],[-89.43764093288142,29.38469772108368],[-89.43972188383034,29.384465532017742],[-89.44113936336493,29.38458948888192],[-89.44237945886857,29.38381271889831],[-89.4437819365379,29.380172436179294],[-89.44564207979336,29.37748492525022],[-89.44621107089769,29.37826353769547],[-89.44620133405833,29.381586427336927],[-89.4468598054498,29.383465586239105],[-89.4484759842404,29.382801652337882],[-89.44780777511126,29.38420222200165],[-89.44754880788281,29.385311847983115],[-89.44594684133834,29.38737299308682],[-89.44684875257853,29.387975145485058],[-89.44701455463053,29.388454196254113],[-89.44831544541765,29.388845871612478],[-89.4529660694576,29.388667041669898],[-89.45402378360238,29.38885613529499],[-89.45673794082539,29.388854227046874],[-89.46009135896755,29.389339989300158],[-89.45580944843596,29.390160381601042],[-89.45456277187454,29.39118309194144],[-89.4575948491648,29.39178623067178],[-89.45901627679508,29.39178261230558],[-89.46035506391078,29.392549382160013],[-89.46225784210793,29.39321285406615],[-89.4626668225989,29.393705130043475],[-89.4636811103862,29.39360170130249],[-89.46543993266077,29.39487732656957],[-89.4670126859922,29.396366191689523],[-89.46688583399263,29.398417863606525],[-89.46737876653847,29.39927825962402],[-89.46836226367111,29.400095230742025],[-89.47042347593829,29.400364594678745],[-89.47178568752334,29.399286614984117],[-89.4727594478166,29.399000804304336],[-89.47477486576723,29.397964013044415],[-89.47655474006048,29.395754565588888],[-89.47780562792394,29.39526906720181],[-89.47860200508455,29.395775093123945],[-89.4785019974406,29.394794029942624],[-89.47977788631673,29.395524810001287],[-89.48387767689921,29.396444487447727],[-89.48583256546769,29.39364097978573],[-89.48821222331658,29.3916641171988],[-89.48715398365736,29.389871871561777],[-89.48955259146716,29.390951298066163],[-89.4903879186802,29.39007642755578],[-89.49147905734006,29.388249773190502],[-89.49230648926003,29.387934814407057],[-89.49224543166851,29.38895949841748],[-89.49265835845851,29.389859174559074],[-89.49514381449167,29.389587112208517],[-89.49756216008491,29.38827299791037],[-89.49848565155317,29.38798784428839],[-89.50344393240827,29.385187758150668],[-89.508349575581,29.38500438893027],[-89.51036262647084,29.38284001133831],[-89.51196038171328,29.38245695452584],[-89.51670496054881,29.382174170461244],[-89.52052209802376,29.382754807450663],[-89.52201642393933,29.38395647930474],[-89.5230125540798,29.38389706713859],[-89.52453767334498,29.385122819782413],[-89.52487743594837,29.3838876585001],[-89.52651308931603,29.383136941839883],[-89.5279031980822,29.384474151596685],[-89.5320714151365,29.38367106232165],[-89.53572538172493,29.38449303373213],[-89.53822847168712,29.38618967905467],[-89.53929934435418,29.38546370133301],[-89.54008072054786,29.38421215661646],[-89.54144319444097,29.386257578593977],[-89.54134608206716,29.387708085933955],[-89.54213877523681,29.386904997137822],[-89.54456422560563,29.387977580518346],[-89.54557561991939,29.39036026508551],[-89.54647253203505,29.39122197609911],[-89.546443318822,29.392665378700052],[-89.54885218988395,29.39344708395147],[-89.54922064018592,29.39231173222709],[-89.55159740366295,29.39336747255587],[-89.55413549468356,29.392294888869237],[-89.55365940554927,29.393218776582213],[-89.55479975661535,29.39282848305486],[-89.55788631133771,29.392326009944846],[-89.55884928196609,29.393638743687166],[-89.55845898733135,29.39439669766736],[-89.55912772377157,29.394714944769753],[-89.55966092419834,29.393615452099702],[-89.55963960627834,29.392558659289588],[-89.56194189043516,29.39260563584929],[-89.56288459417243,29.393119097155253],[-89.56100339620333,29.395270317894177],[-89.56208716418628,29.395248210846873],[-89.56207584631201,29.397415221018154],[-89.56239297676014,29.39767938591605],[-89.56572428736314,29.39660680309136],[-89.56678989769924,29.39987929360841],[-89.56611852919525,29.4011828147319],[-89.56530873030596,29.40469104766821],[-89.56631275484114,29.40543281606408],[-89.56846976524685,29.405853901118878],[-89.56993040433926,29.406606394030653],[-89.57043044255903,29.406546388599377],[-89.56985960901004,29.405438276927185],[-89.56989776944332,29.403570566389625],[-89.57150947372548,29.40172029177729],[-89.57231953671945,29.401997616024257],[-89.57355884260397,29.40157343776469],[-89.57528687242721,29.40332850800512],[-89.57474761915205,29.4066044195969],[-89.57582533518492,29.40793603618218],[-89.57690594379302,29.408460220967758],[-89.57664513501827,29.409809339215073],[-89.57533503380454,29.4101287721548],[-89.5731122298891,29.40980394432092],[-89.57259166336847,29.410356552466354],[-89.57411572890983,29.410360237470492],[-89.57302353922111,29.411971415065015],[-89.57258639924092,29.4119624668052],[-89.572224265892,29.412708774790435],[-89.57327540077564,29.41371865510126],[-89.57442048865819,29.414118555208542],[-89.57417652239668,29.41515560897198],[-89.56772997027105,29.415471621209356],[-89.56774549765072,29.41623325920034],[-89.57097469585706,29.416813501422826],[-89.57142446794678,29.417281563175425],[-89.57063124746605,29.417891479145812],[-89.5671288706835,29.417294064261085],[-89.5661237924245,29.417993197702074],[-89.56491896208398,29.417344003641386],[-89.56280064032093,29.4176763967331],[-89.56035045034918,29.419572531228166],[-89.55932273903659,29.420788414203482],[-89.55989120462648,29.424121370122215],[-89.55827686917884,29.424628843896976],[-89.55700071709634,29.4233005828614],[-89.5562351314887,29.422929239129502],[-89.55579509713667,29.422021931687127],[-89.55399653608887,29.42081900934833],[-89.55464895553028,29.418913533406172],[-89.55353807998532,29.416818896727346],[-89.55211007489055,29.418038268112202],[-89.55399127375796,29.419055254351267],[-89.55241562515636,29.42179112359341],[-89.55107788996783,29.422440056068734],[-89.548567167919,29.4219258062466],[-89.54644516126666,29.41978320587266],[-89.54571036811032,29.42005506770952],[-89.5477613171254,29.42246630810932],[-89.550253088315,29.423553563537006],[-89.54931301574321,29.423843848033695],[-89.54940486398944,29.425162964737734],[-89.5479613324133,29.42780672221344],[-89.54822529876628,29.428985168095707],[-89.54616277136552,29.429720554767883],[-89.54512269025146,29.43188210444425],[-89.54644016124378,29.431340745901895],[-89.54769446899353,29.431588593690144],[-89.54793027675562,29.430695169620638],[-89.54857927451408,29.43112408416271],[-89.54894772481609,29.429016091727608],[-89.55001175411729,29.428408874557775],[-89.55188953130178,29.427944298065455],[-89.55213639193511,29.42892358447312],[-89.55332832695974,29.429185842144364],[-89.55317384188369,29.43022960760153],[-89.55324437400654,29.431416936710722],[-89.55563350548842,29.432154626304836],[-89.55637566842333,29.432985018378336],[-89.55782814991464,29.432959095304987],[-89.55666779696047,29.434068326071017],[-89.55984883289115,29.435006031502045],[-89.56045414288242,29.4359578809456],[-89.5618905705813,29.43679412981815],[-89.56401494519274,29.437290220630913],[-89.56472236937731,29.436498448958787],[-89.56563770324448,29.44000253601669],[-89.5656063843804,29.442418185169814],[-89.56443734651405,29.44331759622412],[-89.56455288243602,29.44525544331793],[-89.56303513294941,29.44591404805345],[-89.56153712124623,29.44510003778906],[-89.56019254359022,29.445888256573742],[-89.55964223834211,29.447540621374554],[-89.56078601019277,29.44939056687823],[-89.55885244044264,29.45185806143504],[-89.55826607771732,29.45211242355133],[-89.55831423999298,29.451304137297043],[-89.55622302399532,29.45050769391026],[-89.554585793186,29.450202077897657],[-89.5527698623139,29.44909955751995],[-89.55207270407641,29.44800348580762],[-89.55102841166031,29.44707032099358],[-89.55263879991058,29.446343225292267],[-89.55188347755507,29.44506845568415],[-89.55067285757254,29.44591404727116],[-89.54862348869406,29.445392033330595],[-89.54805739196158,29.444581706553755],[-89.54839715456497,29.443539981770932],[-89.54754340560042,29.44238831311672],[-89.5486145396772,29.44217013851408],[-89.54941249697441,29.44168885161037],[-89.55157371688554,29.442478715458666],[-89.55258563761207,29.440940306335037],[-89.55026203643354,29.4412836879391],[-89.54646542636115,29.43889738575467],[-89.5451224279434,29.438523408623226],[-89.54454475192689,29.437775060625334],[-89.54334886790829,29.437971523220995],[-89.54235221315169,29.43865460259767],[-89.54243353493942,29.439665208359102],[-89.54358546618782,29.441060709935485],[-89.54242364897974,29.441960806579218],[-89.54034837268846,29.442718075531836],[-89.53933513682834,29.444925418477727],[-89.53753657578055,29.445751008555582],[-89.53750341537017,29.447994011135346],[-89.53608541121946,29.45042150245774],[-89.53390892623669,29.451974386081954],[-89.52999809627424,29.452884259086424],[-89.53002020291507,29.453253498623354],[-89.53402972448957,29.45326896065562],[-89.53439291156232,29.452477846314633],[-89.53654728810763,29.45110767469286],[-89.53781659862092,29.44968697130718],[-89.53738110525265,29.450479646847633],[-89.53899221574842,29.44785722358466],[-89.54044127465849,29.447192173110736],[-89.54353993687428,29.447376858552637],[-89.54455396325183,29.448085136763314],[-89.545916699453,29.448339498949995],[-89.54815003072525,29.449140810844806],[-89.54874402463888,29.44985145788509],[-89.55023598169704,29.450757581123717],[-89.55202559462629,29.452310727124544],[-89.55356650357922,29.454860662072917],[-89.55333964393569,29.456684422573844],[-89.5540070625474,29.457314800800898],[-89.55362440269423,29.46135879875333],[-89.55211270605601,29.46286529674259],[-89.55355729225431,29.462596919784286],[-89.5550703040261,29.462656924951425],[-89.5556943007719,29.460685850950735],[-89.55663068845439,29.459675049349332],[-89.55803711332109,29.460753554452292],[-89.55827660507414,29.46188535226448],[-89.55937853339888,29.460738684089137],[-89.55911956617045,29.45996980935022],[-89.56108919160116,29.458323497622203],[-89.56285432903219,29.45878353224698],[-89.56341989935191,29.46039661820472],[-89.5638046657544,29.46281331880963],[-89.56447340219462,29.464230006729245],[-89.56529662371088,29.464262641873447],[-89.5661063534299,29.462849466220533],[-89.56623511794271,29.464452459070483],[-89.56529820205083,29.46613166798127],[-89.56597641302236,29.467978587192956],[-89.5667620005181,29.46827966431738],[-89.5679328808291,29.467626323632636],[-89.56838577725937,29.46800176162277],[-89.56747863512926,29.46928105685724],[-89.56826711699686,29.469916632747992],[-89.56982671180603,29.470386208593382],[-89.57167474936472,29.47262059247289],[-89.57209688747966,29.47376989243174],[-89.57199951189949,29.47498321025294],[-89.57302616948826,29.475556017316283],[-89.5752432960511,29.475130365563583],[-89.57529924133036,29.474432706399938],[-89.5744418074765,29.47450159335107],[-89.57450707547179,29.471803094945564],[-89.5730945968584,29.472516768583034],[-89.57206004217996,29.47162551530642],[-89.57288379190561,29.470711957883363],[-89.57125155932258,29.4699835456557],[-89.57206662233942,29.469336522727094],[-89.57295195427274,29.469407646007596],[-89.57402782696265,29.46908367335159],[-89.57265535212548,29.467901016047392],[-89.57255534448154,29.466659143067286],[-89.57311801953111,29.46670434516823],[-89.57248691800972,29.465195937948952],[-89.57428889984209,29.46359041804087],[-89.57542319805978,29.463179268514207],[-89.57635195455394,29.464257246743436],[-89.5803727931044,29.467182999728816],[-89.58153604132876,29.46958515914329],[-89.58309195035031,29.47018757434071],[-89.5843009928912,29.47021856362787],[-89.58698777934583,29.4736401453063],[-89.58810497094557,29.47460272026465],[-89.58596980577092,29.47456166420455],[-89.58409913515865,29.474016227338872],[-89.58365568002202,29.474409284747736],[-89.5844641628794,29.474740164646526],[-89.58595664635031,29.475846697394356],[-89.58740175896136,29.47769565668371],[-89.58715410781058,29.478878510976276],[-89.59173367421326,29.47846071605469],[-89.59329958417887,29.479953924662425],[-89.5938972629818,29.481990924616408],[-89.59377699024336,29.483170161371003],[-89.59297271778969,29.48308817972805],[-89.59335748419218,29.48446480144664],[-89.59278638743683,29.485258480566074],[-89.5928258648003,29.485645484980928],[-89.59171077705497,29.486333366759915],[-89.59146602117436,29.4868395895349],[-89.59460915987816,29.487192050630526],[-89.59548357009425,29.488244698924195],[-89.59673366654194,29.488611569446892],[-89.59793639212977,29.489568354307348],[-89.59789270526086,29.48999740077606],[-89.59603505932189,29.48980804348751],[-89.59480101756496,29.489933777373338],[-89.59334880017835,29.48910206857965],[-89.59293587159169,29.48814988888334],[-89.59195369049097,29.488249962974894],[-89.59065753831696,29.4895264426176],[-89.5936025032792,29.490402695934165],[-89.59565305703553,29.49055527263028],[-89.596861440213,29.491425011473872],[-89.59681275242293,29.49190366659213],[-89.5940485904796,29.49231540881714],[-89.59249952302724,29.491428234548167],[-89.59055779298107,29.491443565652315],[-89.5894671825306,29.490130437653463],[-89.58772257340046,29.48986166605827],[-89.58738781171826,29.49137105976015],[-89.58752755813545,29.492741429389444],[-89.58807470670364,29.493070731754592],[-89.58991116407998,29.492143356502417],[-89.59063279871403,29.49255661231539],[-89.59306298769596,29.49336720164437],[-89.5952167075728,29.493147644038494],[-89.59629205384995,29.492531742060155],[-89.59809719326057,29.492262839218917],[-89.59854867574259,29.491221771491084],[-89.59982048536901,29.490670150112816],[-89.60092017599037,29.48978060703627],[-89.60087096178752,29.4892979383726],[-89.60222093562346,29.48921082592456],[-89.60173694939952,29.490582051271517],[-89.60276281916578,29.489957924198002],[-89.6027940059775,29.489170560065183],[-89.60203460437228,29.488102252764698],[-89.60387382586477,29.489228392922122],[-89.603834612606,29.48823825179103],[-89.6046082246607,29.48820759095615],[-89.60620177039769,29.488766120894528],[-89.60653429527484,29.487677681965806],[-89.6063707300279,29.48635093347442],[-89.60708947029009,29.486610164340256],[-89.60755213769573,29.487590569688585],[-89.60806415045822,29.48650568229597],[-89.60948636591097,29.48695591471859],[-89.60869617275276,29.487688143660122],[-89.60801770037149,29.48902969472319],[-89.61031327231652,29.489067262951746],[-89.61061579705645,29.488426292875495],[-89.61166061408866,29.48745825669012],[-89.61202024832446,29.486879263598656],[-89.61164706030766,29.489863574754516],[-89.61335021847565,29.490111487577867],[-89.61214946828314,29.490617449079075],[-89.61229750615037,29.49180793496746],[-89.61422712870318,29.491869914386427],[-89.61618188611762,29.491311779226955],[-89.61664481672962,29.490733576007887],[-89.6159709491125,29.490193863104487],[-89.61407264362713,29.48986350907222],[-89.61410790968856,29.489580000436924],[-89.61922646436341,29.48824719958291],[-89.61957793920146,29.487017958880262],[-89.61861931192747,29.486614045975596],[-89.6133774347338,29.4868043444526],[-89.61468045362983,29.48586464596902],[-89.61765568463063,29.486100650708725],[-89.61834205320324,29.485243478516363],[-89.61919672473759,29.48534980339422],[-89.61811085020531,29.484411901691637],[-89.61733737020295,29.4845080938493],[-89.61693668116204,29.484007791506173],[-89.61509956442228,29.484713898873704],[-89.61488152264157,29.484470590398033],[-89.61496139634505,29.483828895282258],[-89.61326915899599,29.484039373998893],[-89.61196260163607,29.48377604758791],[-89.61013577689447,29.48383673148992],[-89.60723279110378,29.48324163856821],[-89.60620663836822,29.48264654527987],[-89.60563252686676,29.48210104322216],[-89.60442708118028,29.480403502722126],[-89.60390256027576,29.478847106739167],[-89.60329983833083,29.47873266551282],[-89.60319302594861,29.478412230799233],[-89.60327504213404,29.47827490166129],[-89.60408566657507,29.478252013453574],[-89.60426877107776,29.47800024360926],[-89.60497639738325,29.477931578784464],[-89.60500119358004,29.477016051162625],[-89.60531590576342,29.47694357248428],[-89.60610405525433,29.477149357678865],[-89.60832761016135,29.47616537281299],[-89.60942624256732,29.47632559111078],[-89.61013577689447,29.476119597003734],[-89.61092160513871,29.476348478971445],[-89.61102841662263,29.476508696197843],[-89.61218045477055,29.47673757806904],[-89.61243985498693,29.477653105077923],[-89.61306655656007,29.477950430256758],[-89.61474202505772,29.477286894015403],[-89.61523984354041,29.47687490694367],[-89.61526273171553,29.476596434244385],[-89.61500333239746,29.47641714252258],[-89.61392758726832,29.476211150165682],[-89.61390279196983,29.476005155826062],[-89.61461041827533,29.475474912441054],[-89.61497662817902,29.475406249033743],[-89.61691127141593,29.47579513043054],[-89.61759351222982,29.475543577365894],[-89.61843274711434,29.475520689323492],[-89.61977170490992,29.476092893526395],[-89.62170384993203,29.476092893526395],[-89.6237693166204,29.475416994312614],[-89.62382050532024,29.47974397470164],[-89.62466977797975,29.479983884969247],[-89.6271846682115,29.481270696499855],[-89.62653953141212,29.48209448465527],[-89.62622845471067,29.48309930032699],[-89.62741085501689,29.483206444627363],[-89.62850915863945,29.483785603371416],[-89.62809241400947,29.48444690441218],[-89.62784792223354,29.48635823775487],[-89.62710602340331,29.486872355807044],[-89.6267699438926,29.484985893328236],[-89.62491914221778,29.484710214222478],[-89.62436817940288,29.48476633710797],[-89.6239893328981,29.48647502250067],[-89.62350140037513,29.48688038257642],[-89.62394683000876,29.48765807537618],[-89.62623095472212,29.48795033390138],[-89.62745841811622,29.488833692263757],[-89.62815018286877,29.489955292217086],[-89.62942791329122,29.4910166247719],[-89.63015481205282,29.49269267573424],[-89.62990874014031,29.49510674477383],[-89.62878536363985,29.49603984287396],[-89.62705838754044,29.496788847826142],[-89.62460030137736,29.49624156962931],[-89.62430554257307,29.497895711366404],[-89.62350311166574,29.49901059956425],[-89.62410578959323,29.500062852964984],[-89.62563775132594,29.500347085183456],[-89.62593645822591,29.498999611282645],[-89.6267699438926,29.49875498840105],[-89.62701443656685,29.49819112803153],[-89.6275784276483,29.497946503978984],[-89.62782292032256,29.49765213899996],[-89.62876838817593,29.497407514427454],[-89.63003953933726,29.49813559742029],[-89.63144675472141,29.497606873295176],[-89.63268579739953,29.497733197978246],[-89.6334823066125,29.49902448229545],[-89.63500874101128,29.49947247769712],[-89.6356382641927,29.499832965148663],[-89.63693481162542,29.500077590117527],[-89.63779937630599,29.500013618084594],[-89.63915577309622,29.50254337427171],[-89.64015716646593,29.50350555427067],[-89.64104868240166,29.503046240954045],[-89.64102183804603,29.501728112609076],[-89.64173136788162,29.50068132130506],[-89.64510491816759,29.50117431940823],[-89.64653792508184,29.502592258442462],[-89.64989486282329,29.50310475702628],[-89.64937677475453,29.50404351610655],[-89.64732452318229,29.503847986775327],[-89.64903614348026,29.50561716501581],[-89.64947828438164,29.507473229345184],[-89.65019202282433,29.508134530542407],[-89.65046783526095,29.508718984090414],[-89.65261063162393,29.509925196077436],[-89.65364071269222,29.51142222030277],[-89.65302452410289,29.512136461527728],[-89.65274851134194,29.51354900462807],[-89.65192579917044,29.514514532202465],[-89.65155767944849,29.51481207830616],[-89.64999156736194,29.515029661956248],[-89.6504673088482,29.51573729241237],[-89.65185675825097,29.515152180514416],[-89.65236811344668,29.51519323654188],[-89.65310435558555,29.514338697225433],[-89.65465408060469,29.513769572578607],[-89.65626315192476,29.51389892512676],[-89.6572003301247,29.51355475361151],[-89.6609932553078,29.51330526040711],[-89.66212400158683,29.512890031687434],[-89.66474617940962,29.513100771316484],[-89.66447392160656,29.512419863241565],[-89.66318276765881,29.511124959742045],[-89.66197885898976,29.511221744127717],[-89.65941445002629,29.510384442225366],[-89.66057585490766,29.510034744109777],[-89.66158264355897,29.509473055796242],[-89.66276392007275,29.50956799754247],[-89.66476618039941,29.50926284257171],[-89.66530003749466,29.508965056564843],[-89.66586389742208,29.50986525642115],[-89.66712596751421,29.50976380273956],[-89.66831527137337,29.51008935351769],[-89.66897361161081,29.5100364546364],[-89.67096613509811,29.510860399751184],[-89.67094297473345,29.511148054727276],[-89.67123405044508,29.511398797038417],[-89.6714835431422,29.512496777246923],[-89.67254388845244,29.512816012037444],[-89.67252401951497,29.514021369224427],[-89.6737099007929,29.51437837067985],[-89.67421901918354,29.514969337580485],[-89.67579545650598,29.515730711789658],[-89.67689343673503,29.51598020605075],[-89.67822090687477,29.51707818502646],[-89.67981787339639,29.517906735751694],[-89.68240873235509,29.518748578128196],[-89.68282718647906,29.51917400595986],[-89.6827603383472,29.5200064386415],[-89.67971312893594,29.519358889362465],[-89.68012881894377,29.52002486172937],[-89.68013789911467,29.5206923477629],[-89.68091585452378,29.522198582755347],[-89.68187263845479,29.52322247831236],[-89.68109386737541,29.52395482960047],[-89.6800842104034,29.522865146921983],[-89.67632984001398,29.520344688751045],[-89.67463536675815,29.520021176799403],[-89.66949441977823,29.51813757452318],[-89.6675785710937,29.516698752121076],[-89.6664236772015,29.515452270071027],[-89.66568447870704,29.515351256634133],[-89.66552504301546,29.516210104888508],[-89.66502054196538,29.516524063822555],[-89.66484222727979,29.518101576598376],[-89.66695963994778,29.518691797894874],[-89.6688067567333,29.51996281668344],[-89.66918809516469,29.520649264687915],[-89.66888366689466,29.52096637570181],[-89.66811156400965,29.52109107111706],[-89.66690255560474,29.52058767184447],[-89.66632628545165,29.520610419161397],[-89.66520476397227,29.521251287928166],[-89.6637341068678,29.521297144180686],[-89.66318488139468,29.521915046616243],[-89.66216254200748,29.52186926959396],[-89.66192793798787,29.52207526368603],[-89.66171812926676,29.52264746833902],[-89.6613519202614,29.522807685812385],[-89.66080069513845,29.522716132554894],[-89.65998634628224,29.522304190335063],[-89.65789389420274,29.522372809446395],[-89.65663695169427,29.521937934337906],[-89.65632414663423,29.52196082283607],[-89.6559827302324,29.522166816741745],[-89.65601133977756,29.522670356676734],[-89.65637373723116,29.523402779185197],[-89.65632033148921,29.524638741381636],[-89.65700316249625,29.52555808372884],[-89.65794920796634,29.52601584649061],[-89.65954375262997,29.526153175775033],[-89.66121840366073,29.526588051524428],[-89.66218733820428,29.527000038833],[-89.66386229556053,29.52807942346136],[-89.66407370597781,29.52775916363122],[-89.66347098403288,29.52672537925042],[-89.6633660796723,29.526084511546987],[-89.663182973373,29.5259014054081],[-89.66234374118343,29.52576407656356],[-89.6620309352251,29.52548941831521],[-89.66184782892577,29.52455100273917],[-89.66265570542038,29.523185580925595],[-89.66320967669314,29.52262457921449],[-89.66499114100445,29.52223548050211],[-89.66564726869132,29.522418586240796],[-89.66679930863587,29.5233379284392],[-89.66719031473633,29.523864356866614],[-89.66727233092176,29.52468833166708],[-89.6676881323207,29.525100318895742],[-89.66855406872872,29.525214760102788],[-89.66912818112847,29.525558082947175],[-89.66999573719896,29.52645051725654],[-89.67062163567822,29.5263076714857],[-89.67088103589461,29.525741188144135],[-89.67088103589461,29.525283424139555],[-89.6704903082719,29.524986040926326],[-89.66980528986716,29.52505454253298],[-89.66967559020812,29.52487143687489],[-89.66978240259033,29.524596778548045],[-89.67075133533726,29.52384146879902],[-89.67124915381996,29.5237041395032],[-89.67153716268318,29.524001685944963],[-89.67148566496289,29.525191871559077],[-89.67179656200126,29.525191871559077],[-89.67276931079151,29.524413672843128],[-89.67313552159348,29.524413672843128],[-89.67337584788146,29.524596778548045],[-89.67355895328244,29.525077431107757],[-89.67360663765434,29.526156990235865],[-89.67376494596024,29.526362984196055],[-89.6744196246646,29.526545997264865],[-89.67510009040748,29.5264087599667],[-89.67531371517192,29.52661475419589],[-89.67531371517192,29.526752083448876],[-89.67452407178266,29.527186958186956],[-89.67468047476184,29.527942268752266],[-89.67506957373897,29.528255074326054],[-89.67419219369253,29.52935370641915],[-89.67373471854926,29.5290181627296],[-89.67323851703408,29.529063789570785],[-89.67156005175663,29.527507393353112],[-89.67054152661613,29.527347176287716],[-89.66949248570543,29.52695807697889],[-89.66878676652328,29.527255623230026],[-89.66860366022397,29.527965157455334],[-89.66915679067365,29.528606026532167],[-89.66921019731393,29.528926461111205],[-89.66850066298677,29.529086678801708],[-89.66779112865959,29.529040901897947],[-89.66747832449788,29.529246896238444],[-89.66737151301398,29.529796211907627],[-89.66802764070087,29.53062018685235],[-89.66828894804061,29.53137549757451],[-89.66981291925885,29.53172644911464],[-89.66991210045276,29.531928628432272],[-89.66729331197354,29.532222360680475],[-89.66582927814768,29.53153624053582],[-89.66564345444463,29.531627267603923],[-89.66567015776477,29.532657235348253],[-89.66477942515996,29.532886117729028],[-89.66179251606049,29.53197059056921],[-89.66158461625932,29.531467050811315],[-89.66216063488415,29.531261056302746],[-89.66273665440724,29.5318332613666],[-89.66299796084867,29.5318332613666],[-89.66349577843303,29.53110083971167],[-89.66467452079941,29.530917733273746],[-89.6673949006524,29.531535438603715],[-89.66773772381596,29.531261056302746],[-89.66760802415692,29.530917733273746],[-89.66702819038711,29.53071173999123],[-89.66592955618452,29.530688851128104],[-89.66472792743967,29.53029975216764],[-89.66351866750648,29.529475777738956],[-89.66268324866529,29.529338449057093],[-89.66229033454316,29.52856025019252],[-89.66200423190496,29.528350441638995],[-89.66098091155749,29.52812183350977],[-89.65998625645071,29.52840003323148],[-89.6581017949022,29.528373330249714],[-89.65707945731164,29.528991311401317],[-89.65692114720912,29.529380409923768],[-89.6566903565379,29.531581491849984],[-89.65631842526419,29.532497018624078],[-89.65631842526419,29.532725901367446],[-89.65653014021035,29.532909006094958],[-89.65673738693629,29.533000274223213],[-89.6573388566297,29.532863230139533],[-89.65809988867716,29.5324512432638],[-89.6595132341648,29.532039254709737],[-89.6609818943144,29.532336801646053],[-89.66250395751099,29.533114999591866],[-89.66435958493551,29.533320942647013],[-89.66574645168185,29.533279031874127],[-89.66647887328583,29.533000558725202],[-89.66734671681719,29.533000558725202],[-89.66862845642076,29.53261527349622],[-89.6700189137333,29.53252372129881],[-89.67166686324055,29.532638162704995],[-89.67177176670279,29.532500833627306],[-89.67166686324055,29.53222617413082],[-89.67064452385335,29.530963510109725],[-89.67082763015266,29.52970465950325],[-89.67101264177869,29.52961310701601],[-89.67187667106334,29.530780404204837],[-89.67342162423171,29.53151664087576],[-89.67431426395986,29.532683938762297],[-89.67470527006031,29.53266105034543],[-89.67777038109854,29.533553689292848],[-89.67837310304347,29.53398856527034],[-89.68052077725844,29.53424033582906],[-89.68109679767987,29.534492105760958],[-89.6809403947007,29.534698098378012],[-89.68036437517759,29.53472098633379],[-89.6816995196248,29.536670298350373],[-89.68214583948888,29.538707346122102],[-89.68198943830635,29.540126413822257],[-89.68442321515951,29.541686625880853],[-89.68544555364839,29.542693706619147],[-89.68597126482064,29.542922276337755],[-89.68664909041492,29.54285392359943],[-89.68851066378829,29.542007059653482],[-89.69016052041889,29.541892618690383],[-89.69262290771555,29.5406566563188],[-89.69550300622944,29.540359110416507],[-89.69752288880704,29.540401072181353],[-89.70110870560475,29.54244193600741],[-89.70367981240699,29.5423274947551],[-89.70629669466115,29.542922587383625],[-89.7068994175044,29.542922587383625],[-89.70544220278984,29.543655007818266],[-89.70511413894641,29.54328879865502],[-89.70343621804801,29.542922706956517],[-89.70123840436548,29.543174357579865],[-89.69969345209545,29.54246482377341],[-89.69812370362862,29.54129752625129],[-89.69714904861333,29.54102286720139],[-89.6963704554004,29.54100002365656],[-89.69238830549259,29.54152640783213],[-89.69010711557526,29.542602153386756],[-89.68861938329387,29.542670818123437],[-89.6868875095795,29.54331168701081],[-89.68586326306898,29.543380351265586],[-89.68502593710444,29.543014140325834],[-89.68300986967186,29.541434855887204],[-89.68159346452236,29.54074467015966],[-89.67992187045851,29.541339488408198],[-89.67871642656864,29.541112514134134],[-89.67766428736854,29.54067593924691],[-89.67711425251332,29.54092750089685],[-89.67761207099602,29.541595073299472],[-89.67983985517141,29.54363212188475],[-89.68046737421143,29.544707866133095],[-89.68080878791831,29.545760722860003],[-89.68261695465144,29.547229382539882],[-89.68292976150808,29.547984692670816],[-89.68301177679521,29.54844245629178],[-89.68285155867103,29.549106213923263],[-89.68301177679521,29.549289318682654],[-89.68327117701159,29.549403759867996],[-89.68471122402275,29.549129101743283],[-89.68546844272184,29.54828223879137],[-89.68594146500773,29.54807624571713],[-89.68764282025693,29.54816779711762],[-89.68887687548859,29.54793891494432],[-89.69131256036343,29.546702953818063],[-89.69296241609571,29.547778698208646],[-89.69254470757345,29.548831555771375],[-89.69259620709038,29.549289318682654],[-89.69286132777849,29.549632641849957],[-89.69374824523827,29.54976997032143],[-89.69422126752417,29.5500904058217],[-89.69413655190131,29.55192522242359],[-89.69374824523827,29.55212745434349],[-89.69361854468093,29.552405927167655],[-89.6939065553408,29.553115461521088],[-89.69503570531359,29.553344343692594],[-89.69540191611559,29.553481672590365],[-89.69584442173294,29.55393943553746],[-89.69615722679298,29.553893659726775],[-89.69770408708467,29.55306968455575],[-89.6976792917862,29.55274543488548],[-89.69749254012348,29.552589169735022],[-89.69673515343945,29.55277213846396],[-89.69697166458239,29.55194816274393],[-89.69739128202465,29.55153236120536],[-89.69827819948445,29.55130347883712],[-89.69869972315172,29.551463697018203],[-89.69883132993411,29.551646802195126],[-89.69867492785326,29.551898571760077],[-89.69788909960901,29.551990125168235],[-89.69775939994997,29.552241894659296],[-89.69862152211131,29.552699659315376],[-89.69870544542009,29.553138349214585],[-89.69817901739223,29.553619001301524],[-89.69686676112015,29.554099653446503],[-89.69655395606011,29.554969404940127],[-89.69597412139198,29.554923628033226],[-89.69505859528536,29.55396232382572],[-89.69471908600686,29.55400810038673],[-89.69461608966796,29.55419120564188],[-89.69490600745118,29.554946515317106],[-89.69600463985714,29.555999373221223],[-89.69600463985714,29.556480024983035],[-89.69553161667292,29.55698356518791],[-89.69398654582527,29.55700666142395],[-89.6939065553408,29.557147597031662],[-89.6939866644029,29.55753669659423],[-89.69446731608049,29.55780753969906],[-89.69503570531359,29.55920753338384],[-89.6953245298471,29.55932154294606],[-89.6966607666457,29.55920753338384],[-89.69731199042947,29.559390334630685],[-89.69891144079283,29.559024428623967],[-89.69985367021964,29.559001540701],[-89.70119262801522,29.559756850360678],[-89.70184494235373,29.559848402899707],[-89.70268799148495,29.560306166694723],[-89.70339115675674,29.560443370485018],[-89.70454384258998,29.56032905432213],[-89.70572449028306,29.560580824913746],[-89.70616890302378,29.560786818283283],[-89.70711304137056,29.561793898572354],[-89.70802856837551,29.562297438858767],[-89.70800568020039,29.563373184450338],[-89.70703293230846,29.563556289141474],[-89.70572449028306,29.563304518933542],[-89.70554138578039,29.5634876253119],[-89.70554138578039,29.56417808547275],[-89.70574928737817,29.564406967586343],[-89.70680023631053,29.564773178358074],[-89.70682312358733,29.565116500483235],[-89.70622230876573,29.566169357880806],[-89.70625091920921,29.56660423261475],[-89.70797707065522,29.568664170676467],[-89.70797707065522,29.56926307730972],[-89.70755554608961,29.569144822340355],[-89.70698143458816,29.568641282593774],[-89.70595909520097,29.56733665486727],[-89.7056710845411,29.56658134484651],[-89.70585419084041,29.565070724267276],[-89.70509506591631,29.565024948811978],[-89.70488525719517,29.56484184287647],[-89.70485473962833,29.5640178671377],[-89.70449234307304,29.563670730576895],[-89.70375992146909,29.56332740744434],[-89.70307708956373,29.563304518933542],[-89.70163704165428,29.564086532169576],[-89.70111252074976,29.564155197154758],[-89.69791742528658,29.563491708715805],[-89.69754959302549,29.563537216858585],[-89.69754959302549,29.563674545185002],[-89.69833542037142,29.565208053634176],[-89.69875885295868,29.565574264626754],[-89.7001168837844,29.565757370015817],[-89.70082641811155,29.566169357880806],[-89.70237518552659,29.567496871844376],[-89.70313049620401,29.569079972807394],[-89.70355011364626,29.569446183823963],[-89.70475555753613,29.569926835672362],[-89.70622230876573,29.57079658684783],[-89.70766426559518,29.572375871024537],[-89.70803047639718,29.572558977363443],[-89.70803619866554,29.573703386216362],[-89.70687653022759,29.573016740586024],[-89.70572459808088,29.571963966295378],[-89.70522857982205,29.571986770807435],[-89.70501877199922,29.57216987785195],[-89.70475555753613,29.572833635077306],[-89.70625091920921,29.57406959765364],[-89.7069318430929,29.575584032938995],[-89.70805908773896,29.576362230710956],[-89.70811249258261,29.57698021221452],[-89.70756126925629,29.576819993877724],[-89.70680023631053,29.576202013737234],[-89.70515037967992,29.57393608283851],[-89.70315338437914,29.572650529236462],[-89.70247557046297,29.572559135965935],[-89.70139862248966,29.572723009696897],[-89.70061279604205,29.572238542029112],[-89.69980407962267,29.57212410092664],[-89.69702697924434,29.571002580478083],[-89.69600463985714,29.570224382024374],[-89.69558502421151,29.57013282873294],[-89.69540191701388,29.570224382024374],[-89.69540191701388,29.570453263717766],[-89.69637275868078,29.57216987863326],[-89.69613624753784,29.572562791635846],[-89.69435478232822,29.572860338814774],[-89.69395996198108,29.572814561421183],[-89.69270664417478,29.57221988859763],[-89.69236541731746,29.57228813396656],[-89.69228340113202,29.57247123968327],[-89.69228340113202,29.572837450901883],[-89.69260192935873,29.573249438009377],[-89.6939904786496,29.57418785310588],[-89.69705749681115,29.575629809076915],[-89.69812751967196,29.576614001178346],[-89.69860031917565,29.576819897001528],[-89.7000177025905,29.576522448211684],[-89.70114113209156,29.576705554061903],[-89.70164179014887,29.577025368181427],[-89.70234466795976,29.57679710608119],[-89.7027413972269,29.57686577101779],[-89.7046020902513,29.578009590427847],[-89.70554329290371,29.577621081456297],[-89.70588470840724,29.577643969066017],[-89.7065651903198,29.578032746699723],[-89.7072732585964,29.577735522578052],[-89.70779968662427,29.57791862700931],[-89.70979095965669,29.57791862700931],[-89.71141602098882,29.578101733452108],[-89.71330048253735,29.57887993134764],[-89.71474243757015,29.579154589053097],[-89.71521546075438,29.579360583599488],[-89.71738983828946,29.581237414895163],[-89.71969582440359,29.582679370168158],[-89.71974732212388,29.582931141285293],[-89.72098328447889,29.584170917501915],[-89.72135712557089,29.584361651974305],[-89.720693367594,29.585109333410884],[-89.72080017997621,29.585452655915255],[-89.72153260158018,29.58627663094125],[-89.72467591276053,29.58922920761657],[-89.725226680641,29.589457900143902],[-89.72606637007306,29.58929024228357],[-89.7261522014035,29.58952675332015],[-89.72601296522942,29.590167622576114],[-89.72666909201799,29.59094200681832],[-89.72753312220097,29.593307119133453],[-89.72811104884742,29.593947988592017],[-89.72908188961601,29.59454308097247],[-89.72910859203783,29.594932180161795],[-89.72965790913914,29.595550161221084],[-89.72965790913914,29.595801931469815],[-89.72950150615995,29.595893484912846],[-89.72900178145223,29.59575615588882],[-89.72887208089489,29.595550161221084],[-89.72861268247513,29.595687490525545],[-89.72858407203164,29.596076589987458],[-89.72931840165728,29.59712944708954],[-89.72965981626247,29.597381217302075],[-89.72989632740543,29.597289663647143],[-89.7329385493702,29.59811363886377],[-89.73298814086547,29.598434073284476],[-89.73374917381125,29.59884606135587],[-89.73206879781718,29.598960501059903],[-89.73133637711152,29.5986629550598],[-89.72999932464263,29.598708730883892],[-89.72897889327712,29.598479849993538],[-89.72876908455598,29.598731619178665],[-89.72881867515292,29.598937613598117],[-89.72389008631292,29.59669457106588],[-89.72203232808452,29.596469502879675],[-89.72106339443931,29.596194846212963],[-89.71972443484707,29.595599752640716],[-89.7186773001614,29.59475288956826],[-89.71796967295758,29.594405752453444],[-89.71747376339489,29.594844442401172],[-89.71658112366673,29.595004659463477],[-89.71597840082347,29.595439535742422],[-89.7161882095446,29.59601173979083],[-89.71776368027979,29.596103293043434],[-89.7187322545989,29.59724745603369],[-89.72014405318764,29.59660683327593],[-89.72116829879987,29.596721273958288],[-89.72205903050636,29.598277671064135],[-89.72234894649294,29.598529441535085],[-89.72321297667592,29.598826987147948],[-89.72460016591747,29.598826987147948],[-89.72583558119845,29.59981117954243],[-89.72591378223889,29.600017173319234],[-89.72572877061286,29.600062949309756],[-89.72504784672918,29.599948508513343],[-89.7239453569574,29.59942248034253],[-89.72295167023451,29.59981117954243],[-89.72216584199028,29.599650962303567],[-89.72124268559361,29.59857521741977],[-89.72111298503624,29.597407920012696],[-89.72048606696913,29.597041910421407],[-89.7200410550521,29.597110373338126],[-89.71988465207295,29.59733925499273],[-89.71996285401168,29.59770546659068],[-89.72046448494443,29.59850655241333],[-89.72085549284152,29.599879843660712],[-89.720884103285,29.600566490083366],[-89.72061898259687,29.601737602377938],[-89.72138001464434,29.602653129180364],[-89.72161652578728,29.6025844653881],[-89.7221925444121,29.60177956441952],[-89.72431351710354,29.600497824870363],[-89.72465493260708,29.600635154468467],[-89.72523285925352,29.601367575833702],[-89.72636201012463,29.601871116342192],[-89.72877289880267,29.602328880176355],[-89.72966172338583,29.60269509084108],[-89.73142030042031,29.604457481226376],[-89.73246743420766,29.605006798798318],[-89.73398759207754,29.605373009891856],[-89.73482682606374,29.60576210869781],[-89.7361428965825,29.606906517483008],[-89.73750283722653,29.6074787220815],[-89.73853280510711,29.607677086802695],[-89.73828866457247,29.608829125430013],[-89.73653199555963,29.609473809108334],[-89.73490884224917,29.610847100957947],[-89.73428132410744,29.61114464693408],[-89.7334954958632,29.612041100964476],[-89.7334954958632,29.612498865488426],[-89.73415162444842,29.613093958526825],[-89.7347772354668,29.613322840610586],[-89.73580148197733,29.613319025535997],[-89.7368499344915,29.613547660320435],[-89.73949792360735,29.612929926216346],[-89.74004724070863,29.612128838603528],[-89.73952271980414,29.61139641808305],[-89.73949220313561,29.61086998884071],[-89.73994042922473,29.61061440432407],[-89.74065186977691,29.61141549069451],[-89.74075486701412,29.611785517073855],[-89.74070146217048,29.61247216208783],[-89.74038865621213,29.612861260831455],[-89.74036195289202,29.613639459279923],[-89.74010255447226,29.613799676941394],[-89.73871018823975,29.61373101214898],[-89.73740174711266,29.61405144770717],[-89.73582627727579,29.61419259106946],[-89.73433282272607,29.61387215674087],[-89.73283936907463,29.61400948530574],[-89.73171021910184,29.613689051176074],[-89.7314737079589,29.613528833338833],[-89.73139741224519,29.613139734047984],[-89.73171021910184,29.61231575977207],[-89.73171021910184,29.611720666825704],[-89.73126580546281,29.61112175911367],[-89.73071546428208,29.610805645651574],[-89.72961404081055,29.611125574271423],[-89.72908951990604,29.610873804007998],[-89.72895600510199,29.610160455809414],[-89.72984864483014,29.610393151929046],[-89.73008515597309,29.610320672752195],[-89.73110749536029,29.609565362636463],[-89.73150040948241,29.608901604117097],[-89.7312104925975,29.607894524411186],[-89.73060776885593,29.60727654322881],[-89.73005463840626,29.60697899677118],[-89.7282483787965,29.60695610878608],[-89.72793366661311,29.60725365531125],[-89.72727944515125,29.60736809640913],[-89.72688694245754,29.60723091109699],[-89.72350861672751,29.60755501625124],[-89.72316529410064,29.607692345611234],[-89.72290207873925,29.60821877426345],[-89.72041298991907,29.608905420139898],[-89.71823670256569,29.6086994265556],[-89.71731995924182,29.60840210376232],[-89.71388603947382,29.608405694871536],[-89.71257569032507,29.60771904871587],[-89.71213244898748,29.607647069813364],[-89.71202637412209,29.607852564133097],[-89.7126825027073,29.608337029529178],[-89.71323181891029,29.60945855135037],[-89.71409584819496,29.609939203199115],[-89.71514679712732,29.611152277247772],[-89.71113564241561,29.613055811592528],[-89.70872457317618,29.612941393351363],[-89.70625855039756,29.613101587911995],[-89.70567871662774,29.613010035252284],[-89.70539483462493,29.612689949387608],[-89.70445038366445,29.61307870053583],[-89.70240570578838,29.61296425889124],[-89.7011239661848,29.61307870053583],[-89.70122696342202,29.613559352306165],[-89.70154333569204,29.613948149302836],[-89.70264221693131,29.613811122110256],[-89.7024362224569,29.61431466217478],[-89.70285583989914,29.615234004583407],[-89.70321442130944,29.61554681006903],[-89.70285583989914,29.616012202676046],[-89.70059753815696,29.616218196936902],[-89.6997048993271,29.615962611922857],[-89.6980550417982,29.614886867680593],[-89.69577575990253,29.614909756208107],[-89.69511963221562,29.614703761616155],[-89.69322957236628,29.613605476711925],[-89.69244934332119,29.61376534689393],[-89.69181610291112,29.614726650185247],[-89.69099975799837,29.615373240743768],[-89.68874908474955,29.615897762019046],[-89.6884610758863,29.616355526210217],[-89.68838287394756,29.616881954138922],[-89.68749214313938,29.61848412788598],[-89.68857704299958,29.620459761434354],[-89.6896188372009,29.62077676142001],[-89.68969513201628,29.62196694775511],[-89.68883300985496,29.622516263628494],[-89.68828369275367,29.623294461716327],[-89.6881234755278,29.623889555047818],[-89.68801093997891,29.62703286657353],[-89.686620484463,29.626872648865877],[-89.68468261717254,29.627902618186425],[-89.68232513423644,29.628387084039716],[-89.67964721595028,29.628268829652484],[-89.6753213481569,29.628776183808004],[-89.67015624637729,29.628085723695445],[-89.66947723051528,29.627799621337783],[-89.66750884565798,29.626117339407667],[-89.66664650161279,29.625690268382616],[-89.66653991291108,29.62591134585922],[-89.66827178482878,29.627490630160068],[-89.66829467390222,29.6279026189673],[-89.66761375001855,29.628131499435035],[-89.66724753921656,29.627879729486384],[-89.6670625257939,29.626849761493553],[-89.66590667160267,29.626117339407667],[-89.66476226374478,29.621715178020303],[-89.66408133896277,29.62105141985128],[-89.66313720151435,29.620730986243558],[-89.66295409521503,29.62095986816525],[-89.66368842573897,29.621989836236594],[-89.66368842573897,29.62279092278492],[-89.66321731057643,29.62379800281677],[-89.66258788441303,29.6245304253641],[-89.66143584716346,29.624923339044944],[-89.66116118816363,29.625218977932285],[-89.66003966668426,29.625548949025372],[-89.65995955762216,29.625724425697744],[-89.66126990677091,29.627490630940894],[-89.66163351335688,29.627740610556167],[-89.66218352844915,29.6277195123446],[-89.66302276153704,29.627124419769533],[-89.66357970713173,29.627124419769533],[-89.66381240312965,29.627330413961268],[-89.6634728956478,29.627879729486384],[-89.66273665889882,29.628245941035644],[-89.66307807350402,29.628818146307676],[-89.66294646761995,29.62902414015965],[-89.66263175363994,29.629138579965346],[-89.6615045098922,29.628612152034556],[-89.66126990677091,29.628726593089127],[-89.66124511147244,29.628863921714476],[-89.66216063847739,29.629573455819724],[-89.66218543467417,29.630260101453295],[-89.66166472801636,29.630420319239583],[-89.6608483831036,29.629207245191907],[-89.65958953167514,29.628360381725344],[-89.65909362301076,29.62854348796405],[-89.6587808161541,29.62923013280948],[-89.65851378744432,29.629298797973636],[-89.65804457940513,29.628932587128247],[-89.65799117366318,29.628749480815905],[-89.658883812493,29.628039947935044],[-89.65885711186782,29.627696625164727],[-89.658017876085,29.627235046404582],[-89.65799308258315,29.626823058771762],[-89.65851378744432,29.626205077287143],[-89.65843749352725,29.625930419628418],[-89.65734458159302,29.62491189513805],[-89.65640044414457,29.62480889835551],[-89.6519143591253,29.62491189513805],[-89.64997649183483,29.624141326377927],[-89.64732909111552,29.62379800359767],[-89.6465432646679,29.622951141516875],[-89.64457487981059,29.621825805128122],[-89.64255881058139,29.619742978613495],[-89.6415612682893,29.619189848389006],[-89.63524412656517,29.616599669281744],[-89.630841965753,29.61506615996589],[-89.62924567656111,29.614604628779773],[-89.62670111048395,29.6146732461191],[-89.62662290944353,29.61485635223903],[-89.62683271726632,29.615108121927413],[-89.62730955469723,29.61529122725737],[-89.62958502324452,29.61552392402904],[-89.63050627161955,29.615752806061927],[-89.6314980934399,29.616279234014765],[-89.63228391988751,29.617469420360905],[-89.632627244311,29.61872827048695],[-89.6325986338675,29.620101561987784],[-89.63128447137039,29.623561492501498],[-89.630838150608,29.624293915206206],[-89.63039373876558,29.624683014384054],[-89.62886595330062,29.62562524435472],[-89.62886595330062,29.626929871959188],[-89.62799810887095,29.628966919817618],[-89.62791990693219,29.630157106234062],[-89.62729048166713,29.631805055365607],[-89.62744688284967,29.63205682565477],[-89.62773489440785,29.631991975957593],[-89.62794279510733,29.631484620819787],[-89.6292836627212,29.630591981595696],[-89.6295144506975,29.6299511123563],[-89.63051390190955,29.629241577787607],[-89.63072561775405,29.62846337956244],[-89.63148916238934,29.628874878698664],[-89.63216947991019,29.628692261879603],[-89.63293134649255,29.628878825930094],[-89.63366293445993,29.628783815129346],[-89.63636374181954,29.62791787783749],[-89.63720488292907,29.62791787783749],[-89.63874792807577,29.628192536324992],[-89.64045500559332,29.628810517331484],[-89.64265418022353,29.62915383942919],[-89.64430785020252,29.629203430718622],[-89.645512466744,29.629592152525234],[-89.64590239486611,29.629455200482546],[-89.64587950579266,29.629226319898784],[-89.64485716730381,29.628287903756174],[-89.64456757471072,29.62757490135608],[-89.64365172251561,29.627917877056614],[-89.64323210597166,29.627757659975565],[-89.64312529448777,29.627414337024124],[-89.64344191379449,29.62599527010416],[-89.64244627772743,29.62557946825728],[-89.64246153830749,29.62521707179145],[-89.6432664377852,29.624023070130793],[-89.64355444754676,29.623977294867203],[-89.64365935190733,29.624366393705916],[-89.6432397353634,29.624908080502134],[-89.64601874286508,29.624827972333357],[-89.64578032370046,29.62555657981027],[-89.64412474659814,29.625648132005228],[-89.6440980423797,29.62601815767061],[-89.64365172251561,29.62672769229654],[-89.64367838990316,29.627047721084267],[-89.64409422723469,29.62688790945383],[-89.64459776798573,29.626243224710645],[-89.64509367844676,29.62594949417483],[-89.64611601783395,29.626109711007857],[-89.64713835722112,29.625789274744346],[-89.64821410235027,29.625926605031],[-89.64889502533563,29.626201263481022],[-89.64986968214755,29.62709771712054],[-89.64968085268157,29.628196350055735],[-89.64934325411971,29.62856256123492],[-89.64808440179293,29.62931787188232],[-89.64781928020649,29.63025628780068],[-89.64803099694929,29.631103150945957],[-89.64915442645034,29.631652466981677],[-89.65232825519752,29.632388703781654],[-89.65293097624412,29.632663361791945],[-89.65377021023033,29.633533113203256],[-89.65484404733782,29.634196870347406],[-89.655866386725,29.634521119125797],[-89.65617919178503,29.633830659350135],[-89.65610289786797,29.632548921305613],[-89.65495085972005,29.63076364287855],[-89.65413832815567,29.629916779221546],[-89.65376830220868,29.62883721952655],[-89.65387511548923,29.628471007784036],[-89.65408873755872,29.62853967346562],[-89.6547410501006,29.629203429937757],[-89.65542388200595,29.63060342485746],[-89.65660262437231,29.632365814539217],[-89.65681243219511,29.63298379571126],[-89.65675902645316,29.633948915016347],[-89.65639281475286,29.635093324669292],[-89.65712523815345,29.635436647215762],[-89.65710234908002,29.63706170924266],[-89.65668003938687,29.636787784681648],[-89.65644622229145,29.63685571465052],[-89.65644240624812,29.637290590761147],[-89.65681243219511,29.638045901546803],[-89.65890670246476,29.640246981296468],[-89.66006255575768,29.640544527907373],[-89.66123891130034,29.641413966097875],[-89.6624982397342,29.64113962083378],[-89.66477942965153,29.6427227200235],[-89.66501594079449,29.643043154727494],[-89.6652505448141,29.644393558517518],[-89.66435981131097,29.644759769358444],[-89.6639139558759,29.644531124204214],[-89.66349578382291,29.64459955252342],[-89.66375518314099,29.645629520914966],[-89.6634652662561,29.645629520914966],[-89.66278625039408,29.644965762615033],[-89.66231322720986,29.644942874669688],[-89.66118598256381,29.645927066453112],[-89.65995574337546,29.64668237725425],[-89.65305686165648,29.645949954955437],[-89.64487624123224,29.645694371198996],[-89.64241394556373,29.644893867311],[-89.64214873234914,29.64512216655832],[-89.64230513443,29.646449681403872],[-89.64296126301521,29.64731943241334],[-89.64385158688656,29.647731285458303],[-89.64482283549029,29.64763986653963],[-89.64618468325763,29.646838780092068],[-89.6468179227694,29.646751042230328],[-89.64710402540761,29.64690744418073],[-89.64804816375437,29.648078556675255],[-89.64933180868468,29.648810979101],[-89.64988494093097,29.649337407623705],[-89.64990973712776,29.650069828696633],[-89.64951873012899,29.650481817257948],[-89.6486508856993,29.650573369435357],[-89.64851927891691,29.651260015527985],[-89.6483132844425,29.651446935137443],[-89.64726042838677,29.651607152784514],[-89.64710211828425,29.651763555777148],[-89.64697051150188,29.65208780419551],[-89.6470773229858,29.652381536565123],[-89.6475732334468,29.652888891805556],[-89.64899230120282,29.653232213784168],[-89.65077710095878,29.653277971067343],[-89.65840697685873,29.65305292306921],[-89.65919280510296,29.653392431711904],[-89.65926909902005,29.65362512790636],[-89.65908599272075,29.654403326072686],[-89.65777373734697,29.655707953236966],[-89.65775084827352,29.65896189071397],[-89.65808732843287,29.6592590697585],[-89.65905547605222,29.65850412655693],[-89.66042113716796,29.657931921359427],[-89.66039643170102,29.656696675209737],[-89.66026110140179,29.65637213328639],[-89.65974212130595,29.656509039353015],[-89.65961242164691,29.657127020665158],[-89.65926719099839,29.657172797254617],[-89.65900588455696,29.65689813818609],[-89.65892577549488,29.65639459786603],[-89.65905547605222,29.656005499427824],[-89.65926909902005,29.655593511619614],[-89.65992331868527,29.655067083811925],[-89.66259933074637,29.653281804145436],[-89.66251922168429,29.653098699169984],[-89.66207671606692,29.652938482335927],[-89.66209960424206,29.652709600478964],[-89.66252112880764,29.65236246234081],[-89.66459441712719,29.65282404147252],[-89.66905189260129,29.65270959969829],[-89.66857887031539,29.65330469331733],[-89.66760993487354,29.654037115185705],[-89.667083507744,29.654197332612718],[-89.66595626489456,29.65415155545038],[-89.66490722218722,29.65346491034907],[-89.66404510092423,29.653487798698638],[-89.66338897323733,29.653693792049573],[-89.66238952112695,29.654471990465613],[-89.66163039620284,29.65639459786603],[-89.6615769913592,29.656875249831522],[-89.66168189571975,29.657062169940698],[-89.66191649973936,29.657062169940698],[-89.66244292776722,29.65680658629773],[-89.66309905725073,29.656760808761025],[-89.66351867289636,29.656901953171587],[-89.66475334437231,29.657794039096057],[-89.66548324260866,29.657451270538118],[-89.66587615673079,29.656348821703208],[-89.66616607271736,29.656074163508244],[-89.66705871334383,29.656348821703208],[-89.66776824587437,29.656879064817822],[-89.6685540741186,29.65715372315781],[-89.66886687917864,29.65751993441264],[-89.67009834456735,29.660105390775346],[-89.67033172418321,29.66003763495943],[-89.67041374036864,29.659648535776693],[-89.67078185829398,29.659534094737886],[-89.67154479836312,29.660243628953587],[-89.6722238142251,29.660426733418053],[-89.67230201526556,29.66067850395194],[-89.67209411456608,29.66143762892878],[-89.67235351388415,29.66207849759013],[-89.6729041865432,29.662421614142556],[-89.67361236531261,29.662284492089324],[-89.67586875813483,29.660590765665198],[-89.67636657661753,29.65983164132415],[-89.67652488672005,29.659236548052387],[-89.67636657661753,29.65811502690831],[-89.67680908133659,29.65790903323994],[-89.67760253987085,29.65790903323994],[-89.67835975587498,29.65866434311686],[-89.67867065381165,29.658595679242698],[-89.67864776653487,29.657428380748062],[-89.6793572999637,29.65701639330091],[-89.67961669928177,29.656467077463514],[-89.68155838081894,29.654288885313637],[-89.68216300988722,29.65399133795049],[-89.68287063709104,29.653899784978883],[-89.68386627315809,29.65443002772675],[-89.68457580658693,29.655917760188775],[-89.68533874665606,29.656238195044676],[-89.68636108604325,29.656238195044676],[-89.68720032002945,29.65642130055301],[-89.68801040548131,29.657084802203478],[-89.68850876115653,29.656993504973162],[-89.68879486379473,29.656764622971064],[-89.68877006759794,29.656512853572607],[-89.6882989524354,29.656123754030332],[-89.6882989524354,29.655894872391862],[-89.68850876115653,29.655711766706265],[-89.68895508102061,29.655757543158874],[-89.68924443556014,29.65598598092174],[-89.69081665349567,29.655597325873902],[-89.69199539586204,29.655826208189133],[-89.69233681046724,29.656123754030332],[-89.69204880070568,29.656352635928872],[-89.69005562144822,29.656489965130334],[-89.68945289860497,29.656787511350807],[-89.68937469846286,29.65758859824029],[-89.68884826863837,29.65809213883046],[-89.68869186655752,29.658527013760416],[-89.68906154395819,29.660109678691704],[-89.69031883501299,29.659762975904695],[-89.69194389724343,29.658916112596508],[-89.6925256390349,29.658916112596508],[-89.69304443677272,29.6593052114892],[-89.69401527843962,29.65932810085231],[-89.69598366329694,29.659904120007138],[-89.69873664480824,29.660174828769104],[-89.6998651183496,29.65985452822565],[-89.70051933891315,29.659236547271753],[-89.70219780778385,29.65651285279195],[-89.70340325167373,29.655158635721598],[-89.70482041050975,29.654861088588014],[-89.70447899500624,29.653876895942325],[-89.70413757950274,29.65348779713734],[-89.70377136870076,29.653373356117882],[-89.70332504973499,29.653419132853518],[-89.70267273539648,29.654105778267212],[-89.70232941366793,29.654105778267212],[-89.70206238405983,29.65380823192398],[-89.7012765558156,29.65188562351375],[-89.70161987934075,29.651404971917962],[-89.70445038456276,29.65090143143616],[-89.70576264083485,29.651404971917962],[-89.70676209294524,29.652434940939017],[-89.70689179260428,29.65277826290483],[-89.70686890353085,29.653396243707654],[-89.70568634781608,29.65449487702486],[-89.70560623965231,29.654952640685085],[-89.70639588304157,29.655158635721598],[-89.7083852462557,29.65525018754798],[-89.71063782572955,29.65332758014204],[-89.71171547798205,29.653556462154928],[-89.71255471196824,29.654105778267212],[-89.71352555273681,29.65440332373073],[-89.71499421108977,29.655707950894985],[-89.71884896372063,29.656394596304718],[-89.71929719160637,29.656600589950823],[-89.72010781514909,29.6574016775477],[-89.72189118568541,29.65854608681632],[-89.72244224551835,29.658683374773556],[-89.72561623865722,29.6585918627602],[-89.72611787228492,29.658866520328054],[-89.72624757104563,29.660194035778204],[-89.7253549322158,29.659690495558824],[-89.72524812073189,29.65932428439759],[-89.72307183517512,29.65953027907161],[-89.72115876408145,29.65923273159414],[-89.72055413501316,29.658958072684086],[-89.7194268912654,29.657950993747487],[-89.71816804073526,29.65714990740122],[-89.71729829008054,29.656943913318436],[-89.71465088846291,29.656737919594548],[-89.71373536055964,29.65621149152847],[-89.71242310518586,29.6548381997701],[-89.71134926807838,29.654655092942484],[-89.71035553823636,29.65492975344928],[-89.70930458930398,29.65552484564992],[-89.7086007772452,29.65618860379831],[-89.70911994868219,29.656325726353014],[-89.70993401456904,29.65609705048376],[-89.71019532101049,29.65621149152847],[-89.71056343983413,29.6565548146623],[-89.71092965063612,29.65735590106235],[-89.7116372769416,29.65765344784488],[-89.7131326386147,29.657790776832353],[-89.71373536055964,29.658134098481018],[-89.71475960796849,29.659255620193157],[-89.71520754480008,29.65943860780141],[-89.71704079788582,29.659305210708567],[-89.7181985583021,29.659461614227133],[-89.71955849804777,29.659942266373807],[-89.72037293763383,29.660583135193217],[-89.7205560421365,29.660998936136796],[-89.72058274455833,29.66184580064821],[-89.72037293763383,29.662509557690615],[-89.71948029610904,29.662692663495292],[-89.71714760847142,29.66360819064203],[-89.71602036562197,29.66376840766051],[-89.71549584561578,29.663676855778853],[-89.71449830152707,29.663081762614006],[-89.71421029086719,29.663081762614006],[-89.7136857699627,29.663772223166102],[-89.7131326386147,29.663863775741568],[-89.71124626994285,29.663222906744032],[-89.71043183305174,29.663356421195004],[-89.70865036874044,29.66198313015849],[-89.70828034279344,29.660976049495606],[-89.70754792029116,29.660426732637415],[-89.70718170859087,29.660403844304884],[-89.70684029398565,29.66088449663398],[-89.70649887848215,29.660930272294614],[-89.70628906976103,29.660335180837194],[-89.70550324241509,29.660495397603874],[-89.70534302518924,29.660129186249847],[-89.70479370808793,29.659831640543516],[-89.70489861244849,29.659602758752328],[-89.70570923599122,29.659213659449037],[-89.70647217606034,29.658298131343333],[-89.70759941262158,29.658275052053096],[-89.70754792029116,29.65657770230917],[-89.70689179260428,29.656509037791693],[-89.704821394165,29.655685474452348],[-89.70435120426718,29.655753727349396],[-89.70332504973499,29.65653574044836],[-89.70110108160294,29.66006052259472],[-89.70028473399523,29.66083872095253],[-89.6994989066493,29.661025640724286],[-89.69860626781946,29.66100275252798],[-89.69380590270647,29.660339073753644],[-89.69212890976777,29.660499213233546],[-89.68987251604723,29.661620734342616],[-89.6891381864216,29.662238715483632],[-89.68911529824646,29.662902472275462],[-89.6893212927209,29.663337347489847],[-89.68958832143069,29.663497565720284],[-89.68937469846286,29.66416132279278],[-89.68704010280358,29.665103553348388],[-89.68460060278372,29.66556131714008],[-89.68360687384,29.666339515878732],[-89.68352676567623,29.666637062631924],[-89.68284393466921,29.66675150339648],[-89.68213475068501,29.66633967589479],[-89.68169189652129,29.666385292959994],[-89.68119598516198,29.666774391845994],[-89.6803796402492,29.668193459299008],[-89.67996002190863,29.668536782133916],[-89.67899109006002,29.66888010535797],[-89.67883087103753,29.669360756215028],[-89.67809845033186,29.669726967526195],[-89.67754649038703,29.669429677345573],[-89.67654968291683,29.669726967526195],[-89.67529083148837,29.671195627148684],[-89.67452979944092,29.671672464222166],[-89.67494941688318,29.672317148421985],[-89.67631317087557,29.672752023519784],[-89.6770989991198,29.6727062469947],[-89.67804313656826,29.672202706965606],[-89.67833496147483,29.672225594955048],[-89.6784112553919,29.672660471229296],[-89.67820526271409,29.673438668895436],[-89.67830635192965,29.673667551206417],[-89.67877937511386,29.674125314265556],[-89.67932869041853,29.674377084074443],[-89.68111397077315,29.676166177507486],[-89.68181504207202,29.67639294082837],[-89.68229271134288,29.676345468397944],[-89.68344665751246,29.67586481658265],[-89.68447090312468,29.675799966230354],[-89.68591285995413,29.676234842656417],[-89.6863324782947,29.67685282376447],[-89.68651558189907,29.67806589807683],[-89.68675209304202,29.678340556323477],[-89.68824745561342,29.67900431299647],[-89.68898178523905,29.679690959382036],[-89.68861938868378,29.681407572388142],[-89.68921829638201,29.68218958584073],[-89.68977142862832,29.682601573980342],[-89.68961883989583,29.68298304300331],[-89.68884826953668,29.68257868523098],[-89.68800903644882,29.681800486505217],[-89.68798424204864,29.68150294091239],[-89.68840576661425,29.680446269594228],[-89.68840576661425,29.679805400120475],[-89.687854540593,29.679347636385263],[-89.68633056937473,29.678706766932248],[-89.68588615663401,29.678294779220675],[-89.68530822998754,29.676829936047678],[-89.6848886134436,29.676528574770845],[-89.68378998013932,29.676322580565728],[-89.68295074615313,29.676715495044302],[-89.6824548356921,29.677264811140926],[-89.68203521914815,29.679027200998696],[-89.68176818954007,29.679187419209857],[-89.68024612634348,29.679370524309327],[-89.67746520992179,29.678821208790964],[-89.67654968381514,29.678271891051647],[-89.67539573674726,29.67806589807683],[-89.67473960906037,29.67776835157676],[-89.67242980780124,29.676299692728225],[-89.67177368011434,29.675796152742045],[-89.67156577851655,29.67542994167819],[-89.67106751806276,29.675338654853157],[-89.67033172418321,29.675635935370615],[-89.66970420604147,29.6753612767601],[-89.66975570555842,29.675223947563765],[-89.67090965262629,29.674926402019388],[-89.67080474736741,29.67423975587549],[-89.67127776965333,29.672912241583724],[-89.67124732395172,29.672546890294583],[-89.66891647247053,29.67341578118203],[-89.66744781321927,29.67437708485495],[-89.66629577327473,29.6748806249231],[-89.66482329977676,29.674789073009624],[-89.66416717208986,29.674468637924114],[-89.662280803418,29.673068643459104],[-89.66170287677153,29.672839761345955],[-89.65971160463744,29.672885538590787],[-89.65795302850125,29.67313730916223],[-89.6570642030198,29.673617960746718],[-89.65724349507242,29.673938395421022],[-89.65781951729048,29.673942200394194],[-89.65960479225521,29.67336619059815],[-89.66113067329174,29.673575998968943],[-89.66165137815294,29.6738277685922],[-89.66301513484026,29.67572748807404],[-89.66427398357378,29.67611658749954],[-89.6657159395049,29.67618525112132],[-89.66697479003506,29.676780345586593],[-89.66773773010416,29.677535655812218],[-89.66799712942223,29.678592326504184],[-89.66899658063431,29.679759623684596],[-89.66996551338123,29.68035471728537],[-89.67204070972244,29.681064251351458],[-89.67345405610841,29.682876232322304],[-89.67377240287541,29.683013484729017],[-89.67620649234232,29.683082164712236],[-89.67725731012064,29.68262446194402],[-89.67812324563036,29.682601573980342],[-89.6830041527934,29.68395197677265],[-89.68567634881119,29.685027720636153],[-89.68743492494735,29.68514216232275],[-89.68748642356597,29.685004833219683],[-89.68725181954636,29.684798839213272],[-89.68614746397373,29.6845928463455],[-89.68483520770165,29.683677318248346],[-89.68501831310263,29.683265331396008],[-89.68636108694156,29.683219554974826],[-89.68722320820457,29.68342554831566],[-89.68774963802906,29.683837536072204],[-89.68851257719986,29.68514216232275],[-89.68898178523905,29.685348156405976],[-89.68939758753629,29.68533671234469],[-89.68951965690532,29.68613016963776],[-89.686879886476,29.685943248919774],[-89.67911995608247,29.683425905754284],[-89.67890907387459,29.68351710172994],[-89.67901397823516,29.68431818801154],[-89.67864776743318,29.684363964712777],[-89.67778183102514,29.68395197677265],[-89.67599997415007,29.68356300366526],[-89.67526222194321,29.68388331299234],[-89.67423988435266,29.68482172823745],[-89.67371917679652,29.685050609608194],[-89.67214179983631,29.685233715734345],[-89.67114425484927,29.68569147919997],[-89.67040992612195,29.685783032111136],[-89.66791892838182,29.684569958049618],[-89.66707397212724,29.68379175991166],[-89.66613364982382,29.683402660534366],[-89.66348434108284,29.68413508333931],[-89.66130614840272,29.684363965493223],[-89.65816092920072,29.682757977172855],[-89.65558982329681,29.68179667402497],[-89.6544358762289,29.680972698825],[-89.65312552797847,29.680949810485227],[-89.65312552797847,29.68080866703898],[-89.6537530461202,29.680328014708014],[-89.6537530461202,29.680007580104892],[-89.6530969184333,29.678565624239194],[-89.65307212223652,29.677100779548972],[-89.65362334646116,29.67561304737686],[-89.65373015794508,29.67455637659402],[-89.65315032327695,29.67386973104537],[-89.65286265936679,29.6737788908158],[-89.65231490443577,29.674029948109027],[-89.65060973404155,29.675731303906403],[-89.64997840165313,29.67604410879094],[-89.64895606316425,29.67629587847843],[-89.6466996694437,29.676501872738257],[-89.64586043545751,29.677486064918728],[-89.64382720121984,29.679275158444963],[-89.64289641453317,29.679687146041307],[-89.64182067030234,29.680579785374746],[-89.64111113687346,29.681426648129413],[-89.64101195298464,29.681832914043824],[-89.64024901381384,29.68248331928822],[-89.63712096141691,29.682109479549588],[-89.63562559974382,29.681399944275906],[-89.63481497620111,29.680827740552537],[-89.63415884761591,29.680301312123547],[-89.63355612567098,29.679408672658994],[-89.63368773245335,29.677875164562998],[-89.63421225425618,29.67713892719888],[-89.63487028906643,29.675696972336635],[-89.63463377792347,29.67558253082422],[-89.63413405231744,29.67588007754904],[-89.63376784151545,29.67588007754904],[-89.63358092096946,29.675696972336635],[-89.63358473521615,29.675376537022395],[-89.63379454483558,29.675216319762853],[-89.63499998782713,29.675193431673595],[-89.6350279505853,29.674796661037433],[-89.63479208802599,29.674346568707726],[-89.63487028906643,29.674140574715423],[-89.63523649986838,29.673980357828036],[-89.63534331225063,29.67356837104302],[-89.63597464374074,29.6733394885063],[-89.6366288652026,29.67354548179814],[-89.63665556852273,29.673179270342555],[-89.63634085544103,29.67272150765993],[-89.63531851605384,29.672122598961323],[-89.6342427709247,29.672099711728908],[-89.63274922115355,29.67109341687373],[-89.63272070593148,29.671344401257628],[-89.63322233955917,29.671985270025083],[-89.63324522773429,29.672397257832287],[-89.63295721707442,29.672649027284685],[-89.63198637720416,29.672855021990916],[-89.63133024861897,29.67287790983198],[-89.63035940874869,29.672557474900433],[-89.62844633675668,29.67161905913188],[-89.62684416359967,29.66982996597341],[-89.6264779527977,29.669234873305633],[-89.62624525590145,29.668067575709163],[-89.62663816912526,29.666965128462472],[-89.62849974249863,29.665065408158128],[-89.62849974249863,29.66467630890603],[-89.62774265675023,29.664264369871415],[-89.62690329160999,29.664287209710157],[-89.62663816912526,29.66414988100341],[-89.62577604786223,29.664241434015768],[-89.62556433201776,29.664538979949945],[-89.62577604786223,29.664996743969102],[-89.62566215136569,29.665433765293102],[-89.6236188362339,29.66579401641558],[-89.62131094389476,29.665038705423502],[-89.62115263379224,29.664306284015815],[-89.62133573919321,29.66377985495734],[-89.62248968536281,29.66380274408303],[-89.62296256301994,29.66416885229813],[-89.62335562177083,29.66414606629279],[-89.62356352247028,29.663684487577328],[-89.62259458972336,29.663226723831468],[-89.62227812672351,29.66272036445231],[-89.62204336549873,29.661830544577686],[-89.62222647089972,29.660434365463136],[-89.62204145747705,29.660274147818583],[-89.62201475505523,29.659541726070053],[-89.62146543975058,29.659221290805505],[-89.62115072577058,29.658740639117774],[-89.6205493243491,29.658603544833962],[-89.61991667143722,29.65878641575373],[-89.61965536409748,29.658351539603053],[-89.61902589930655,29.658328718713086],[-89.61929106041885,29.659289955813996],[-89.61784528934271,29.660388588015625],[-89.61737417418016,29.660365700455024],[-89.61598258948196,29.659684729134206],[-89.61569570710607,29.65970575819886],[-89.61438345083398,29.65892755888425],[-89.61257410012131,29.658195549653893],[-89.61202215275287,29.65835535531407],[-89.60979436947581,29.660049080338958],[-89.60955976545621,29.66069376488085],[-89.60444616229522,29.661380410614008],[-89.60266278996225,29.66138041139463],[-89.5976006863182,29.660995125990297],[-89.59515928007332,29.660445810016903],[-89.59353421784287,29.66026270402591],[-89.5895211551095,29.660102486888682],[-89.58828900879782,29.660308481530695],[-89.58749173511853,29.660861612308626],[-89.58708356311132,29.66090357470723],[-89.58697865785243,29.660697580503054],[-89.58802579343642,29.659896494166798],[-89.58786939045726,29.65953028297471],[-89.58545534150602,29.659164153976278],[-89.58440755194852,29.65923273627789],[-89.58267758625581,29.658523202739673],[-89.58167813504375,29.65769922809798],[-89.58131192424177,29.657630562784576],[-89.58050272902035,29.65760776905329],[-89.57687924496446,29.658156992013694],[-89.5771157561074,29.657539010781967],[-89.5770089446235,29.657355904965538],[-89.57656643900611,29.656966805560597],[-89.57601521567979,29.656783701044837],[-89.57386563344316,29.65685236459423],[-89.5726315782115,29.657081247177466],[-89.57087491009699,29.65676081188358],[-89.57003567521248,29.656806589420295],[-89.56890843326134,29.657584787184014],[-89.56801579263488,29.657630563565224],[-89.56725857573242,29.657882333289646],[-89.5651315852269,29.657836592151426],[-89.56340573112324,29.658042551620284],[-89.562062956386,29.658614755408088],[-89.56229946842728,29.659410120637034],[-89.56360409440934,29.659467340852885],[-89.5647664622847,29.65993736566681],[-89.56647274748819,29.661164881498053],[-89.56224853215403,29.660174315905603],[-89.56207058757434,29.660216928842182],[-89.56237576234435,29.660503031204946],[-89.56241637338171,29.660788447379137],[-89.56143734626593,29.66133082112144],[-89.56049130079585,29.661491038644407],[-89.55949241282745,29.661581940711645],[-89.55739376596574,29.66137659657894],[-89.5561120272605,29.6610065712609],[-89.55414328756865,29.65993069296114],[-89.5528586526949,29.659449523988872],[-89.55246383144944,29.659037537010903],[-89.55005294187306,29.657481139981137],[-89.54803305929549,29.655806487460442],[-89.54651290232391,29.654295867534696],[-89.54593441153544,29.6538616417861],[-89.545308107916,29.653701425386025],[-89.54312679359028,29.654044748496116],[-89.54158240456393,29.653376524844806],[-89.54050889803648,29.653102439355287],[-89.53770229249261,29.652919412120514],[-89.53463527702598,29.653216959530237],[-89.53316280262969,29.653079630546287],[-89.53056880765233,29.652278543673777],[-89.53007289629299,29.65241587218951],[-89.52899715116385,29.653216959530237],[-89.5268989301036,29.652896527545042],[-89.5250069766056,29.652938486239282],[-89.5217034481994,29.652343393577627],[-89.51994663276118,29.651587946478422],[-89.5187127239549,29.651244760194444],[-89.51648494067784,29.649982095212504],[-89.51617213561781,29.650073648625156],[-89.51617213561781,29.650371194299034],[-89.5168517147235,29.65137762383697],[-89.51674681036296,29.651953644003815],[-89.51617213561781,29.652091624047397],[-89.51451655582053,29.651561380689458],[-89.51328688077419,29.650736754160313],[-89.51281385669166,29.6502103267106],[-89.51263075129069,29.64952368126397],[-89.51352339101885,29.648585265323337],[-89.51454573040603,29.648722594194034],[-89.5159094843984,29.649477904317934],[-89.51617079173816,29.649294501221572],[-89.51614599554136,29.648699706322173],[-89.51480647270546,29.646979928268422],[-89.51257869032672,29.644668221262307],[-89.51200514027231,29.643748227720806],[-89.51160975488483,29.64335977993978],[-89.51100703383823,29.643085122213638],[-89.50974874655176,29.642855588668223],[-89.50859614426186,29.6423298117504],[-89.50812312197596,29.641940712812072],[-89.50710078258878,29.64019739544441],[-89.5051901818621,29.63769811710064],[-89.50416784247493,29.636507930778876],[-89.50356512053,29.636073055192515],[-89.49886103415422,29.633685706546437],[-89.49676294963787,29.63219606589979],[-89.49369649471997,29.630389155715147],[-89.49196462190395,29.62874120606503],[-89.49117867238714,29.62752438471807],[-89.490865425356,29.627502080020985],[-89.49044580971037,29.627936955911952],[-89.49004908044323,29.628074285613767],[-89.48986653828591,29.627982081259596],[-89.49017878010227,29.626313801935098],[-89.48997716401652,29.62569707688866],[-89.48633031208516,29.623045861856166],[-89.48580713595861,29.62293588736078],[-89.48559598335783,29.623114526549784],[-89.48554257671755,29.623598993561636],[-89.48588590024272,29.624171197113853],[-89.48554773574223,29.62550317914032],[-89.485565465791,29.626360834909825],[-89.4857003244747,29.626407261902884],[-89.48611994101864,29.627689001569653],[-89.4864046997772,29.627985896560006],[-89.4864327478753,29.628627416263253],[-89.4870125807468,29.62883341050523],[-89.48829488269574,29.630389155715147],[-89.48813657349154,29.630824031636724],[-89.4875338506483,29.63109869000923],[-89.4875618987464,29.631463644422116],[-89.48800687293419,29.63199514379583],[-89.48947553128714,29.632430019030714],[-89.4938033071022,29.63444417933507],[-89.49582319057812,29.634943905889088],[-89.49695368443057,29.635537742022287],[-89.4992068271481,29.637602749990172],[-89.49941798064721,29.638036368932838],[-89.50048856585336,29.639185849351325],[-89.50055532505202,29.639849606717217],[-89.5016997329099,29.64161581178629],[-89.50196590013532,29.641867951050827],[-89.5026986208783,29.64195978588819],[-89.50290708482144,29.64211935187121],[-89.50295858344005,29.642828886285898],[-89.50316648593613,29.643195097352976],[-89.50453023903023,29.643885556944163],[-89.50581904478183,29.645053505155637],[-89.50615530126065,29.647047941924388],[-89.50641660860039,29.647757475955693],[-89.50715418922904,29.648971200943976],[-89.5077269559525,29.649451201350033],[-89.50872584571754,29.65009272250253],[-89.51126699639998,29.651263182760072],[-89.51310511745625,29.65289080288733],[-89.51595907589369,29.653876251114646],[-89.51743098614796,29.654220225479758],[-89.51902553081158,29.654973628583335],[-89.52031489801024,29.655254008060492],[-89.52225276530069,29.65628397672231],[-89.52351217907452,29.65715307678989],[-89.52644893253672,29.65791285287093],[-89.52644893253672,29.658277156628507],[-89.52622768017721,29.65848887154091],[-89.52471706061903,29.658805491882955],[-89.52119990834667,29.658870342264535],[-89.52078029090441,29.658324839770174],[-89.5202585035733,29.658183090806315],[-89.51965876942502,29.658687237309515],[-89.52004843434075,29.659171052332493],[-89.52196182433636,29.660338443018418],[-89.52274923900539,29.66056723102398],[-89.52413969631793,29.660475678570904],[-89.52529173536415,29.661642976839868],[-89.52663203973435,29.662242534950238],[-89.52831050680845,29.66324961464421],[-89.52888518155359,29.663775393126713],[-89.52925139235558,29.665221163430928],[-89.52844020556917,29.666297559650324],[-89.5280456601065,29.666343083847238],[-89.52791434168331,29.66652578926948],[-89.52815008476668,29.666915336435043],[-89.52938625103927,29.667235974335988],[-89.53017116749349,29.667670537327293],[-89.53080016066892,29.667761751496563],[-89.5320336517586,29.66845095602323],[-89.53355246485049,29.668379732378618],[-89.53400203571758,29.668727521652738],[-89.53462820997963,29.669596621941622],[-89.53475981766034,29.670260379355962],[-89.53465816430278,29.670993452080282],[-89.53365871398903,29.67374384987737],[-89.53347560858803,29.67397273071327],[-89.5330559920441,29.674083358163074],[-89.53250381470693,29.67348803777851],[-89.53221675895622,29.673465377205105],[-89.53111049536192,29.674243574886336],[-89.53021830838466,29.674517927470735],[-89.53029662171451,29.677199314671974],[-89.53016692025884,29.677496862075653],[-89.52972194517274,29.67756617723541],[-89.52948408925182,29.677451084588704],[-89.52969142760591,29.676719312400177],[-89.5295617593879,29.674288210394362],[-89.52922603291509,29.674220688917156],[-89.5282799892416,29.674792891219095],[-89.52725764985442,29.675090438719565],[-89.52675658036873,29.675341557519467],[-89.526312167628,29.67593664995375],[-89.52562933751928,29.676238010663276],[-89.52431708124719,29.676234196411087],[-89.52195521902408,29.675456649458955],[-89.52064296275199,29.67477000381396],[-89.51917677386774,29.67368979338138],[-89.51739284008772,29.672797805487612],[-89.51518794408749,29.670161848360824],[-89.5146151881438,29.669772634570773],[-89.51346370066317,29.669635420287214],[-89.51267271339424,29.670161198173833],[-89.51280757387458,29.671123152698456],[-89.51275416633601,29.671420699349653],[-89.5123045954689,29.671950290903467],[-89.51233455069037,29.672637587241365],[-89.51303892419622,29.67314047648617],[-89.51503535625334,29.673713332757504],[-89.51582118539588,29.674535399805702],[-89.51650076450157,29.67609686762647],[-89.51689367772538,29.67616553204222],[-89.51689367772538,29.67568488014727],[-89.51720838990876,29.675341557519467],[-89.51768141309297,29.675158452106917],[-89.52007075837389,29.6752048800116],[-89.52143642038793,29.676211959481904],[-89.5250756420293,29.677587158074342],[-89.52740260919519,29.678659087989104],[-89.52838164170085,29.679305028431678],[-89.52927237520396,29.68045325234108],[-89.5293257791493,29.68109412158712],[-89.5288293063429,29.68230593972075],[-89.52879878787776,29.68315471014706],[-89.52850887099284,29.68324626302758],[-89.5280663671721,29.683040269319342],[-89.5275170500708,29.68315471014706],[-89.52622768197382,29.683726914672516],[-89.52496883234201,29.683360703620767],[-89.52410680270717,29.683588236609452],[-89.52423640894142,29.68461764667605],[-89.52397701052166,29.68546641709271],[-89.52428981648,29.68592418105936],[-89.52137594849795,29.688902885371242],[-89.52153560248014,29.689771304017107],[-89.52137538525427,29.690734515392677],[-89.52231817882304,29.69075675223086],[-89.52263289190475,29.690943671799925],[-89.5235255316329,29.69085211968807],[-89.52407675495922,29.691927863830326],[-89.52396994347531,29.692889168403777],[-89.52423640983973,29.693690906491373],[-89.52407619261386,29.693736682825193],[-89.52376338755383,29.69476474351063],[-89.523235614748,29.69526954002731],[-89.52247458270054,29.69542975731835],[-89.52189418478874,29.69526828367716],[-89.51997920747002,29.693622241561275],[-89.51911764675576,29.69259162286291],[-89.51838141090506,29.692362740717876],[-89.51712581137795,29.692477832678662],[-89.5163094664652,29.692222247735508],[-89.51520758215793,29.692381813599575],[-89.51342555460292,29.692199359616414],[-89.51174708842717,29.692496905538505],[-89.51082393023385,29.692313800940177],[-89.50765010058839,29.692382465203668],[-89.50684138596563,29.692195545189538],[-89.50534602339424,29.691508899946413],[-89.50293188281485,29.690203621223358],[-89.50104304377597,29.689696918527975],[-89.50051661484979,29.689788470131564],[-89.50055476180833,29.69013179336478],[-89.50146266031992,29.690751681342537],[-89.50460844276559,29.691714241857387],[-89.50508146505149,29.692057564754023],[-89.50589534049553,29.69338954582168],[-89.50694303842486,29.69389243426284],[-89.50699644416683,29.694075539886096],[-89.50684138596563,29.6942135198915],[-89.50592069813938,29.69455619202278],[-89.50571223419622,29.695447575610956],[-89.50571223419622,29.69641078641707],[-89.50586538437575,29.696478799424558],[-89.50709944050574,29.695883706872987],[-89.50796537691375,29.695815042661227],[-89.50835963401722,29.695930134569128],[-89.50898771719926,29.69645591149475],[-89.50919886890173,29.697190891497904],[-89.50898771719926,29.697810129615455],[-89.5082299352565,29.698955190186673],[-89.5082299352565,29.699458730418446],[-89.50841304155581,29.699641835260543],[-89.5118716272649,29.70099540258189],[-89.51318141496658,29.700765264573455],[-89.51452284402754,29.700125651429563],[-89.515100770674,29.700011210420666],[-89.51685743878852,29.700102763550323],[-89.5175378003268,29.699668538168435],[-89.51788112205536,29.69962085512394],[-89.51806468649546,29.70053686142674],[-89.51872091928524,29.70129294820334],[-89.51874571458372,29.7018231915361],[-89.51808958689682,29.70301337765146],[-89.51804134017954,29.703883780297012],[-89.5183770334147,29.70440830149177],[-89.51948329611066,29.70491184091577],[-89.52024107805343,29.705672222085724],[-89.52021571771465,29.706241263187074],[-89.51932307888481,29.707204475047057],[-89.51932307888481,29.70782436301422],[-89.52126347762776,29.709773504068455],[-89.5215813797287,29.71064342446269],[-89.52168056271921,29.712093010026027],[-89.52147456824478,29.713250770950015],[-89.5203936667859,29.715224226510507],[-89.5203936667859,29.715773542742774],[-89.5206832180565,29.716276638985892],[-89.5209448883156,29.716277082907474],[-89.52123480520052,29.71545310727392],[-89.52275687109206,29.713892896217658],[-89.52338629635712,29.7136411263231],[-89.5237252414936,29.713136330073493],[-89.52406912646582,29.713091810125714],[-89.5247010086232,29.713622145640556],[-89.52590590364244,29.713667828629585],[-89.52724239286763,29.713321342537785],[-89.52795248954017,29.712862927879783],[-89.52860861722706,29.7131871766639],[-89.53018733986356,29.712911262349724],[-89.53094512000969,29.71323295347512],[-89.531811057316,29.71332450547447],[-89.53236037351901,29.71332450547447],[-89.53267452245869,29.713163032514235],[-89.53278133484092,29.712775840576878],[-89.5320456604373,29.712061840591346],[-89.53133803413182,29.71192832607203],[-89.53037044526457,29.712222709099503],[-89.52934047648567,29.71194805139718],[-89.52839880940425,29.711260754713265],[-89.52782222663745,29.710620535859462],[-89.5273230642751,29.709956128210973],[-89.52729579771128,29.709430350951113],[-89.52782222573913,29.708875312091916],[-89.52821570400326,29.708720165942232],[-89.52889853501027,29.70869727768079],[-89.5304206826485,29.709269481870212],[-89.53120642734942,29.70917792851397],[-89.5331748113084,29.707941966809603],[-89.53464290821431,29.7066608787827],[-89.53640395292089,29.706133799965325],[-89.53679439667597,29.70583690459637],[-89.53753310379199,29.704298930885514],[-89.53852873985905,29.704184489169528],[-89.53897505972311,29.704459147820344],[-89.53952572070408,29.704002005123424],[-89.53952572070408,29.70375026426709],[-89.53926307038299,29.703589396230566],[-89.53852626949201,29.703315389075218],[-89.53742763618773,29.703475606018472],[-89.53574916911367,29.702582967180437],[-89.5352227410858,29.702628743363952],[-89.53490859214612,29.702925639633794],[-89.53449031948185,29.703040731197962],[-89.53427916688105,29.70294852765009],[-89.53391048481372,29.701804768868552],[-89.5335968640834,29.70152611332035],[-89.53225974603751,29.701163274808042],[-89.53183966775951,29.700770334956378],[-89.53131649073467,29.70056499204681],[-89.53068324942627,29.700656544671727],[-89.530447301527,29.700495675581767],[-89.5303443042898,29.699992135866097],[-89.53013393322328,29.699832569603803],[-89.52971431667935,29.699809681657783],[-89.52792959956842,29.700312920310974],[-89.52800780150716,29.700587229050168],[-89.52903529991902,29.701274526218825],[-89.52895384697727,29.701640085988565],[-89.52840206040726,29.701732289177023],[-89.52724676945971,29.701365427431575],[-89.5269053548545,29.70115943419145],[-89.52677565429714,29.699442819913223],[-89.52541133706107,29.69962657712169],[-89.52480861511616,29.699145925053376],[-89.52475520757757,29.69879878645174],[-89.52535793131912,29.698384892850495],[-89.52590971878746,29.698527292892255],[-89.52675411000169,29.698409687436392],[-89.52792903812136,29.699281345699365],[-89.52842691050294,29.699328332088086],[-89.52887564593685,29.699168161590613],[-89.5294778055364,29.698732029761157],[-89.53042250622853,29.69731421816912],[-89.53031703862429,29.6968532911302],[-89.52982112816326,29.69708598743126],[-89.52971431578104,29.69673885029501],[-89.53008052748133,29.69618953293946],[-89.53069144206165,29.695872261670427],[-89.5327857123313,29.69584555853379],[-89.53433010135765,29.696141849804267],[-89.53556606371266,29.69605029696637],[-89.53629848711327,29.695663104597717],[-89.53629848711327,29.695411334258633],[-89.53449031948185,29.694060931714674],[-89.53410121960641,29.69419826014783],[-89.5333382804356,29.69502223538903],[-89.53231594104842,29.69527400592283],[-89.52942439889614,29.69483912993035],[-89.52858516580825,29.69456447150675],[-89.52777510550922,29.693758919779352],[-89.52722388128458,29.692889168403777],[-89.52730208232501,29.692248299449915],[-89.5278266032295,29.691492988962505],[-89.52798244296501,29.690669664488084],[-89.52882605444158,29.69000525674803],[-89.52914548098356,29.689433464892907],[-89.52995203605634,29.689455940817393],[-89.53129360166123,29.688676485058092],[-89.53236800111408,29.688586188875195],[-89.53239238947572,29.68819669444825],[-89.53204891144031,29.687667498290704],[-89.53244564160578,29.687186685996885],[-89.53233882832524,29.686887391848273],[-89.53683692022658,29.683825444861952],[-89.53719875353819,29.68418849348818],[-89.53771755307265,29.68436969148154],[-89.53760311129871,29.68361438109219],[-89.53816634330377,29.683409643075937],[-89.5402644287184,29.683363866720477],[-89.54050139620553,29.68359274906966],[-89.54152518457526,29.683638524540445],[-89.54194480201751,29.68354697201714],[-89.54236251143811,29.683180761090263],[-89.54262572500288,29.683180761090263],[-89.54294368908761,29.683362611001918],[-89.54336330652986,29.683982498589113],[-89.54385978113288,29.684233617811174],[-89.54425269435667,29.68416495266242],[-89.54438564681534,29.68375361712747],[-89.54493361734204,29.683478307960208],[-89.54624721839211,29.684026368074782],[-89.54712459933685,29.68390429797593],[-89.54792434158652,29.684119176650935],[-89.54910499107623,29.684050511424015],[-89.55122977711608,29.684485388061102],[-89.5519914766118,29.684415746771414],[-89.55246383234775,29.68304343164868],[-89.55277798308408,29.68256343152497],[-89.55398399021762,29.682082128108824],[-89.55440307316229,29.681670663081327],[-89.55445644925983,29.681441909812435],[-89.55429623203398,29.681235915528426],[-89.55349844272173,29.6810991515987],[-89.55298779000859,29.681212377132994],[-89.55146572501536,29.682036351148867],[-89.5500008809091,29.682471878022525],[-89.54868537363399,29.682219457302857],[-89.54805538512522,29.681670791855154],[-89.54705593391316,29.681327469376072],[-89.54727012012468,29.68091101572465],[-89.54805538512522,29.68016017088869],[-89.54816085272948,29.67961020409578],[-89.54850226733467,29.679011295843484],[-89.54978725794126,29.67720187309204],[-89.54976111786482,29.6769055821756],[-89.54931464528714,29.67635580284765],[-89.54898647184922,29.67633250916356],[-89.54865047857677,29.67560923700345],[-89.54892188567524,29.67525381875412],[-89.54887935942969,29.67468798640664],[-89.55080959822676,29.675070712401332],[-89.5511777152538,29.67615027189967],[-89.55125973143923,29.67704356312013],[-89.5520684478586,29.67848486726852],[-89.55427257220602,29.68002235733763],[-89.55457382043993,29.680066035777987],[-89.55618888442126,29.67953772478382],[-89.55765754367252,29.67938132126388],[-89.5583627014076,29.67889559842675],[-89.5594521135055,29.678918313189712],[-89.56130248758224,29.6781873212279],[-89.56303335608179,29.67816444630252],[-89.56431991514685,29.677500674718964],[-89.56434414720165,29.677272445030322],[-89.56391460157889,29.677158403357073],[-89.5619485164087,29.67747653057707],[-89.56076435720117,29.677249789212123],[-89.55927822841257,29.67743075464185],[-89.55727562313284,29.677043819118662],[-89.55602047635661,29.67720187309204],[-89.55505917120477,29.676768905232787],[-89.55484992572732,29.676470707089617],[-89.55482266006183,29.676173811480304],[-89.55505917120477,29.675805692706465],[-89.55547878864702,29.675806949299933],[-89.55592892275781,29.676402693809464],[-89.55690548489643,29.67653811466579],[-89.55736762678762,29.67619604841792],[-89.55775997856436,29.675624494886584],[-89.55811132404503,29.675536624464513],[-89.55924519915621,29.67646962845564],[-89.55980903393082,29.676264712765953],[-89.5598338301276,29.67523474418314],[-89.55962155014113,29.6745468419746],[-89.55899459524309,29.673445651348523],[-89.55820876789716,29.672896334680658],[-89.55820876789716,29.67223257671186],[-89.55778915045491,29.671591707959326],[-89.55765754367252,29.670355745184615],[-89.55723792712858,29.669184632808342],[-89.55817959331168,29.668658856060844],[-89.55907223303983,29.668658205083524],[-89.56013652734404,29.668977149888473],[-89.56194088701699,29.668386104792486],[-89.56312536512645,29.668633332127857],[-89.56400520116686,29.668108888804426],[-89.56551907352468,29.6681629459587],[-89.5660868590899,29.668000719770127],[-89.56750653141209,29.668822236397496],[-89.56741307158825,29.669733950236942],[-89.56760189925762,29.670169475764638],[-89.568723420737,29.669986371081404],[-89.57100461065434,29.670282010344444],[-89.57203076338992,29.670699067663147],[-89.57263348623316,29.671133944294382],[-89.57307980609723,29.671843477086938],[-89.57318661668283,29.673789624369135],[-89.57334111343697,29.674269625797184],[-89.57381413482456,29.67477316562295],[-89.57571494840619,29.67525335982183],[-89.57770322016725,29.675140027672636],[-89.57845853084464,29.67532313311876],[-89.57936342359328,29.675985312826622],[-89.58031247392803,29.67589533773254],[-89.58160947141671,29.67605555469069],[-89.58273290001945,29.676581331791155],[-89.58334797379953,29.677243959794662],[-89.58365280541311,29.677203128107063],[-89.58391354950915,29.676421765817423],[-89.58509457269803,29.676810248314432],[-89.58609555733429,29.676902418092247],[-89.58656285645351,29.677267978334847],[-89.58656285645351,29.67790884681305],[-89.58646176813627,29.678161268210175],[-89.58535741256364,29.679011294282585],[-89.58519910246112,29.679743716303904],[-89.58548604322748,29.680017355368655],[-89.58860944145292,29.680888125809968],[-89.58942388103897,29.681345889554706],[-89.5908181534965,29.682765609084225],[-89.59137701340104,29.682946861151446],[-89.5930687207441,29.68255919997715],[-89.59359156539229,29.68196689156702],[-89.5935418481329,29.681712751815507],[-89.59419797492147,29.681735639981557],[-89.5970165451266,29.68404530050056],[-89.5972421049079,29.68399966335101],[-89.5972421049079,29.68374980081913],[-89.59671567688007,29.683034544816138],[-89.59674294254557,29.682650516926856],[-89.5971276640323,29.682332640992268],[-89.5979096052663,29.682602392662],[-89.5981652622029,29.68250239482535],[-89.5991679410618,29.682667966776638],[-89.60004837897344,29.682372043948817],[-89.60036265996548,29.682143475680206],[-89.60070259953697,29.681273410713644],[-89.60167478418524,29.68063128529699],[-89.60273666381796,29.680678317088038],[-89.60426878006089,29.679803495013193],[-89.60495408053664,29.679713198663624],[-89.6059745128005,29.679118105948305],[-89.60707696035145,29.678751894496457],[-89.6076562317759,29.678729657343617],[-89.60882342270602,29.67904817138667],[-89.61064695422377,29.678844098395786],[-89.6121516637657,29.679506995575245],[-89.61353086698433,29.67957461262135],[-89.61574911194971,29.68062439465621],[-89.61623223579097,29.68060202289877],[-89.61722977987968,29.680235811389103],[-89.6174128852807,29.68002981853596],[-89.618955368082,29.680280331851034],[-89.61964201513236,29.680602673798766],[-89.62042974960163,29.681540439119804],[-89.62040495430315,29.68197596502026],[-89.61967253090256,29.68319094655458],[-89.61978597105495,29.683602199324998],[-89.62059568819755,29.683467512226148],[-89.62183242400201,29.684015398363897],[-89.62321478749385,29.68387738250363],[-89.62399839959429,29.684401462633417],[-89.6239221056772,29.685592298411265],[-89.62463531231722,29.68595726593707],[-89.62546666538344,29.685963849509566],[-89.625921571345,29.685805270825362],[-89.62610411260401,29.685668363272658],[-89.62618478490978,29.68521017749462],[-89.62686838846795,29.685051955834524],[-89.62773108105948,29.68543905954168],[-89.62859511034414,29.686308810624972],[-89.62903380081652,29.68635905271135],[-89.62996077325651,29.686934421492612],[-89.63017058107931,29.68837130570318],[-89.62977575983386,29.68924231358941],[-89.63032399985512,29.689242468886736],[-89.63074278635575,29.688993100889356],[-89.63111662654944,29.689151412332908],[-89.63119292046652,29.6903644865038],[-89.6317422375678,29.69121134875758],[-89.63171934849437,29.691489821436395],[-89.63116487416502,29.6915997967293],[-89.6307719591446,29.691302250491816],[-89.63001092619884,29.690089176715937],[-89.6295511908943,29.690001355615316],[-89.6290948368485,29.690637236678963],[-89.62838395774335,29.690455387443407],[-89.62807115358163,29.690112064535345],[-89.6279929516429,29.689333866387553],[-89.62784896966915,29.689197849383007],[-89.62686763208649,29.689378595085195],[-89.62597306906531,29.68916983419926],[-89.6256831521804,29.68891806397806],[-89.62541642350791,29.68814040442298],[-89.62415861682014,29.68818247952252],[-89.62371286019976,29.68763251135831],[-89.6231591665064,29.687518721021306],[-89.62284636054805,29.687266951346093],[-89.62219023196283,29.686465865154283],[-89.61973356603622,29.685207014453027],[-89.61801695290193,29.685229902603876],[-89.61716916336094,29.684864344778713],[-89.61681150721542,29.6849323570169],[-89.61636518824965,29.685828158839982],[-89.61531614644065,29.687109898068613],[-89.61529325826551,29.688163405843774],[-89.61539625550274,29.688597630225303],[-89.61574946588594,29.688848442928442],[-89.61725973510117,29.688643406538258],[-89.61770414694358,29.688918064758454],[-89.61765264922329,29.689146946945673],[-89.61741613897864,29.689307163854398],[-89.61596266934052,29.689307163854398],[-89.6150872637911,29.689994460934635],[-89.61476683023768,29.690019256030386],[-89.61378613045885,29.68938346548321],[-89.61350837227131,29.68956217248327],[-89.6136395855916,29.689997624605965],[-89.61335213997204,29.689997624605965],[-89.61285185112231,29.689700729147766],[-89.61248564032034,29.689242965994268],[-89.61235459767995,29.687933872905248],[-89.61221048634881,29.687775030432583],[-89.61160520151037,29.68772988975031],[-89.61117338404824,29.68786902253449],[-89.61099027774893,29.688121443893856],[-89.6099145335181,29.68807566734315],[-89.60967858561884,29.6878919116399],[-89.60970528714235,29.687663029715928],[-89.60999082743518,29.68750346338254],[-89.61075376660598,29.687410003173415],[-89.61114724397179,29.686812351023544],[-89.61111997830629,29.68640101539712],[-89.61055864893301,29.686035095037067],[-89.60979246235246,29.686214095182844],[-89.60881264831251,29.6858968244133],[-89.6086785711631,29.68580592247205],[-89.60844205912181,29.68470729008811],[-89.60786660284239,29.684409092078702],[-89.60677968536606,29.6841122261563],[-89.60632108732867,29.684157973295097],[-89.60587286034126,29.684935520067146],[-89.60477231991364,29.685191756463333],[-89.60420011463722,29.68573725839742],[-89.60214776514862,29.685077313272316],[-89.60136198002351,29.6850315392372],[-89.60058378117098,29.684711104018845],[-89.59985153204353,29.684711104018845],[-89.59979032263672,29.68510020301352],[-89.60033963973801,29.686084395301723],[-89.60060094707774,29.686953495404595],[-89.60249113179293,29.689887649120404],[-89.60251592619308,29.690733861436794],[-89.60217832583459,29.691535599553358],[-89.60165195080734,29.692039088011068],[-89.60168241447523,29.692336685911755],[-89.60256933193504,29.693690251774346],[-89.6026513490188,29.694558747660004],[-89.60288785926342,29.69515574741339],[-89.6027581596044,29.695750840375137],[-89.60291265635854,29.69612021579622],[-89.60296535422805,29.697949626897916],[-89.60238869690109,29.6974439160413],[-89.60068296416149,29.696597704051683],[-89.60002739792166,29.69634528291568],[-89.59868844012605,29.696253729482812],[-89.59850533292843,29.696097327004374],[-89.59845383700477,29.695681524489935],[-89.5975611963783,29.69504065539874],[-89.59737809007899,29.694537115652093],[-89.5970208534467,29.694263108775143],[-89.5965630890459,29.694285345612755],[-89.59637998454322,29.69472087246976],[-89.59651159132561,29.69509024699545],[-89.59756254025798,29.696303972059415],[-89.59753965298115,29.69705928227626],[-89.5973031409399,29.69767726332434],[-89.5965896908564,29.697745540003744],[-89.59630369062614,29.69870723213357],[-89.59583123068562,29.69866080416024],[-89.59517453885672,29.698020586133588],[-89.5945966140069,29.698134376282912],[-89.5945718169118,29.699049903763534],[-89.5950162287542,29.700289680557912],[-89.59499143435406,29.701068529671048],[-89.5947549232111,29.701640084428007],[-89.59404729600728,29.70239539431815],[-89.59320615579605,29.702647815076986],[-89.59234403363475,29.702647815076986],[-89.59155686151082,29.70241828245523],[-89.59017847396247,29.70154970860097],[-89.58984922074957,29.701594958557887],[-89.58940671603051,29.702462802453628],[-89.58951352751443,29.703105578798965],[-89.58990262649155,29.703471138927043],[-89.59052000714527,29.70367567845292],[-89.59165929550436,29.70358557989528],[-89.5925519343342,29.704066231786467],[-89.5938165071327,29.704249988339406],[-89.59453215898694,29.70470594077852],[-89.59543393907312,29.704433093810543],[-89.5962273976074,29.70445407450256],[-89.59670041899496,29.70461619972814],[-89.5974061381771,29.705393746584537],[-89.59779905229924,29.70557685153092],[-89.59896634923057,29.705690037000974],[-89.59963829894456,29.705645516872618],[-89.59989713681557,29.70546306201011],[-89.60029252040641,29.70440955460659],[-89.60104917496348,29.703723559323198],[-89.6024440106647,29.70374579640758],[-89.60341428729129,29.703332552875533],[-89.60467313871975,29.70316852091353],[-89.60502849068656,29.703446376021404],[-89.60622190613479,29.70323844181141],[-89.6071001674285,29.70374056309722],[-89.60795434219452,29.703581764340136],[-89.6086104698814,29.70323844181141],[-89.60913442844053,29.70323844181141],[-89.60947584304574,29.703375770963753],[-89.60968565086854,29.70369620518237],[-89.60947965819075,29.705159793795676],[-89.6097161693337,29.705825458187096],[-89.61013578677594,29.70637858979388],[-89.61106347696986,29.707018026574193],[-89.61173470803162,29.706831887515218],[-89.61173470803162,29.706580117860643],[-89.61102517550108,29.705824806670254],[-89.61070799115404,29.70520556958501],[-89.61073716484121,29.704817726649903],[-89.61123498242559,29.70422263434195],[-89.6117257194889,29.704087257810915],[-89.61210416983661,29.704177508071627],[-89.61176084810808,29.704841266538526],[-89.61189054776712,29.705092385129515],[-89.61234068187788,29.70538867409422],[-89.61294205994317,29.705321266361906],[-89.61304696430372,29.705252602359057],[-89.61293577443112,29.704105029312036],[-89.61309599255529,29.703513750679903],[-89.61391099358839,29.702616645831675],[-89.61540444813814,29.70193000080553],[-89.6183436728657,29.700987768933782],[-89.61857560978723,29.700651088034626],[-89.62017988769692,29.701559974134145],[-89.62036299219962,29.701949073431482],[-89.62112402514538,29.70252127861761],[-89.62248968626112,29.70307059490144],[-89.62301420806394,29.703715279033528],[-89.62354063609179,29.70384944351853],[-89.6238305529767,29.704284319519072],[-89.62393355021392,29.705569221352057],[-89.62457823426239,29.705707201955992],[-89.6246030304592,29.706049873893118],[-89.6250665153317,29.706956515511703],[-89.62552618685586,29.707381203629552],[-89.62630247858503,29.70756305265701],[-89.62585997206935,29.708114276364523],[-89.62441038854314,29.708819995684127],[-89.62257170334489,29.710380206771077],[-89.62165617544159,29.711959492427326],[-89.62168287966004,29.712737039379366],[-89.62190488660441,29.71294093196777],[-89.62396463012611,29.711821512612296],[-89.6246970535267,29.709830239966983],[-89.62597441384328,29.70962871218104],[-89.62664198606689,29.70971961285447],[-89.62711310122945,29.71013160124803],[-89.62695860627194,29.711551318204034],[-89.62837195175958,29.713499978866313],[-89.62888496075372,29.713635133614574],[-89.62978911239225,29.713315617419273],[-89.63052799647636,29.71327246368441],[-89.63136076977905,29.713521610691295],[-89.63188719780689,29.713431524868568],[-89.63188719780689,29.713224943139277],[-89.63060411342533,29.7121953525925],[-89.62994798484013,29.710383370580658],[-89.62865996152114,29.70864451957473],[-89.62858366760405,29.70823062441261],[-89.6289803968712,29.707658420545304],[-89.62958311881613,29.707360873495478],[-89.6301107173488,29.70731820329584],[-89.63181090388981,29.708598091513398],[-89.63227147193261,29.70862077927621],[-89.63301881814672,29.708300545687376],[-89.63408446351713,29.708253512000105],[-89.6355918320723,29.70768256445818],[-89.6363817656174,29.707638060818052],[-89.63721251501572,29.707864412939912],[-89.63782286725068,29.708142886271375],[-89.6385018831127,29.70880790045807],[-89.63881659529608,29.70956321027746],[-89.63892150055496,29.710593178915907],[-89.63921069878765,29.710799312751842],[-89.63959036994584,29.710843403814618],[-89.64052232893398,29.710410073753565],[-89.64136397848998,29.710274760179285],[-89.64159941794279,29.710433612331293],[-89.64162230611791,29.71091426499576],[-89.64146590403708,29.71116919771117],[-89.64157080839762,29.711325600907443],[-89.64184439121571,29.711372787638606],[-89.64291033033524,29.71091361351193],[-89.64345908419283,29.71091361351193],[-89.64512419960684,29.711608539952064],[-89.64584809979203,29.712084788942292],[-89.64679122304251,29.71222205450335],[-89.64909997686601,29.71416997812638],[-89.64925933260754,29.715316425028526],[-89.65009856749207,29.71591151868661],[-89.65020537807767,29.716506611937714],[-89.64996314466634,29.718661265243227],[-89.65193078751521,29.720491531132573],[-89.6522195392852,29.720607412353],[-89.65180627113537,29.72141826899505],[-89.64870238611455,29.720058095268385],[-89.64715799708819,29.719206766429455],[-89.64580540466321,29.719046549621694],[-89.64545226345028,29.719207418639623],[-89.64534561366312,29.719527368570994],[-89.6469476260217,29.720813405484634],[-89.64739203786411,29.721774059123625],[-89.64886260513704,29.7239757903026],[-89.65025115622453,29.72695060386708],[-89.65017486230744,29.728643073142553],[-89.64964843338129,29.72993053466223],[-89.64920020549553,29.730410534657032],[-89.64854407691034,29.73073096995476],[-89.64802337115084,29.731395378162482],[-89.64702392083709,29.73198856441021],[-89.64607787536698,29.732837334678425],[-89.64562964837955,29.733614881360122],[-89.64568114609983,29.734072645845764],[-89.646443818471,29.735034309833264],[-89.64760375550522,29.735156671143525],[-89.64945960661024,29.736868819133793],[-89.64957790125844,29.737233390493166],[-89.64995989366334,29.73716636529296],[-89.65077433324937,29.736456832066974],[-89.65122806331624,29.73639070103319],[-89.65166450081388,29.736502607624622],[-89.65200591541907,29.737143477278178],[-89.65263538470158,29.737215112386682],[-89.65266204400427,29.739047662216844],[-89.65245223618145,29.73915763768228],[-89.65224242746034,29.74005474278443],[-89.65187621755666,29.740512506739325],[-89.65105987084728,29.740901605589016],[-89.65077186198403,29.741221388845787],[-89.65087676634458,29.74211402961451],[-89.65166259369052,29.742983780435342],[-89.65200591541907,29.74362339270672],[-89.65197730677221,29.745665512869802],[-89.65213561777304,29.746350902495408],[-89.65318465868374,29.74857612775106],[-89.6532895630443,29.74923988505804],[-89.65250182767672,29.75022472773105],[-89.65159393006346,29.750980037778376],[-89.6506574211084,29.751471483524586],[-89.64897704601266,29.75228782840912],[-89.64797759569892,29.752586026822957],[-89.64719176745467,29.75242580873043],[-89.64563292812865,29.75134639373315],[-89.64524849679776,29.751369006319088],[-89.64441466797463,29.751941342319295],[-89.6427056824354,29.75253643555453],[-89.64244246797232,29.753077470934652],[-89.64089751570228,29.754243513136842],[-89.64018035288173,29.75427975196519],[-89.63861112364116,29.754759012298564],[-89.63614058682822,29.754618609761334],[-89.63569426786246,29.75554432499724],[-89.6356237411295,29.75638958146187],[-89.63603758959101,29.75714077574167],[-89.636594536084,29.757690093298475],[-89.63572478453098,29.758199355409577],[-89.63527330654054,29.757552112425657],[-89.63474822239235,29.75725140204088],[-89.63375067830364,29.75734230402265],[-89.63351416805901,29.757731403064867],[-89.63343596612026,29.758462569308545],[-89.63361907062294,29.758880278157537],[-89.63429999540493,29.75940605519723],[-89.63453650654787,29.760069813313248],[-89.63477111056748,29.76029171672465],[-89.6340386880652,29.760427139085518],[-89.63367113338354,29.759749377403683],[-89.6333163572368,29.759591395650524],[-89.63288664991728,29.759727141811844],[-89.63222480086034,29.7603444718487],[-89.63222480086034,29.76093956509905],[-89.63247466186672,29.76113411406395],[-89.63190065277321,29.761745156283204],[-89.63141283164134,29.760848012101462],[-89.63143706549275,29.759658476825543],[-89.6311248236764,29.759104694525565],[-89.62946868063545,29.75734104844944],[-89.62944444678403,29.756838764090894],[-89.62968230270496,29.75622143429412],[-89.62941965148555,29.75551124901274],[-89.62984115718653,29.755026838848213],[-89.62687468475978,29.753928800896446],[-89.62620329739114,29.753379484560874],[-89.62508758441838,29.753431061790938],[-89.62403654924776,29.752914091159177],[-89.62167581351203,29.752345050323047],[-89.62088560867572,29.7519985636511],[-89.61561369451388,29.748313565647454],[-89.61469682452757,29.7463903060715],[-89.61424803339817,29.74458279059463],[-89.61377501021394,29.744121211706908],[-89.61169066722651,29.743228680061936],[-89.6112878276188,29.743257184022795],[-89.61072325083579,29.742774624015475],[-89.61101945413104,29.742751084443455],[-89.6108071759412,29.742385524633395],[-89.6108071759412,29.741855281068354],[-89.61120255953205,29.74155708427557],[-89.61117338584488,29.741397518562913],[-89.60975869557925,29.74034401002365],[-89.60896849074295,29.739520686746225],[-89.60951780694592,29.736016886434715],[-89.6093867625089,29.734595259683406],[-89.60949166686946,29.734206160548954],[-89.61127694632579,29.73260398720328],[-89.61124833498398,29.73225685039358],[-89.61086821017655,29.731967584012317],[-89.60963987631493,29.729972497085708],[-89.60988267296992,29.72980781360405],[-89.60979251265812,29.72962164191504],[-89.60833525033286,29.72914470775477],[-89.6079676956512,29.728823621483663],[-89.60817503220866,29.728274956278955],[-89.60799192680767,29.727496758179065],[-89.60841917274334,29.72729457937836],[-89.60880827172045,29.727611199064583],[-89.61005186526378,29.727700844671787],[-89.61022408847343,29.72731300126935],[-89.61005214553816,29.72692390197376],[-89.60909493760234,29.726992567536865],[-89.60933144874527,29.7265538761424],[-89.61061643935187,29.726325646333233],[-89.61140226759612,29.726874311275836],[-89.61186434840185,29.726963970022904],[-89.61218809494204,29.726874961875968],[-89.61247801182694,29.726394309965396],[-89.61150893085801,29.72577630360001],[-89.61006712314888,29.725707665288446],[-89.60876468546286,29.725317913838246],[-89.60624977097658,29.725641058325188],[-89.6037925076703,29.725390393666615],[-89.6033194844861,29.725230175808722],[-89.60300230103738,29.724841727631183],[-89.60316308240525,29.724657972100218],[-89.60369455627004,29.724613835617582],[-89.6058226463135,29.724932343830663],[-89.60743935870337,29.724516827653062],[-89.60983061200595,29.72431148571858],[-89.61041885131186,29.724422722403368],[-89.6108224338263,29.724286689727133],[-89.61074613901091,29.723373069602598],[-89.6116889325797,29.72121711397356],[-89.61153062247718,29.720507579509217],[-89.61340612333072,29.720963916845648],[-89.61410363640276,29.720484691594685],[-89.61434106203066,29.72046389524619],[-89.6149795135677,29.72085014788377],[-89.61603331105783,29.720601690770593],[-89.61758207847288,29.721257818554985],[-89.61811613589244,29.721007956635617],[-89.61866983048411,29.720480876681705],[-89.61853575243639,29.71970142216605],[-89.61879953014315,29.719222026274217],[-89.61922105470875,29.71915336241561],[-89.61906218136255,29.7181240448755],[-89.6201608137685,29.71706737252308],[-89.6201608137685,29.716859471979895],[-89.6197564569063,29.716769826830436],[-89.61764311270822,29.717666280963602],[-89.6168572853623,29.717776907121568],[-89.61393108800297,29.716455916822543],[-89.61354994181107,29.716910319805248],[-89.61277223164207,29.716997742896854],[-89.6129725784083,29.716910319805248],[-89.61352312440489,29.714849950760104],[-89.61288999897917,29.714347492587056],[-89.61286576692439,29.71377082339667],[-89.61330961552312,29.713382375339112],[-89.61354612576774,29.712739597674823],[-89.61328543197736,29.711939852147534],[-89.61151591076775,29.71145933937001],[-89.61073850961921,29.71148265612046],[-89.61026548643498,29.71178020187955],[-89.61003088241539,29.712122874158347],[-89.60995268137496,29.712722432361456],[-89.6093499585317,29.7132488602353],[-89.60822271568227,29.71586127811689],[-89.60743498031468,29.7162739161629],[-89.60667204114388,29.7162739161629],[-89.60586198084484,29.715701060650375],[-89.60488676258589,29.713523519060235],[-89.60456088703847,29.71343131577482],[-89.60399602998109,29.713957743832562],[-89.60400175314776,29.714162480453396],[-89.60502409163664,29.715495717843172],[-89.6057565123423,29.717326122591015],[-89.60586332472452,29.718677176604388],[-89.6055734078396,29.71963847949287],[-89.6046826752348,29.720602947584002],[-89.60329221792227,29.721175803206567],[-89.59938215242612,29.721861798614533],[-89.59556392080314,29.721659619382468],[-89.59505247038602,29.7219807059536],[-89.59305746844686,29.722047808390805],[-89.59290154337143,29.72175117227801],[-89.5922066578716,29.72159249796239],[-89.59019111954672,29.722227689103644],[-89.58891136971148,29.721522291052747],[-89.58796476099769,29.721477164756152],[-89.58691818865739,29.720972973514428],[-89.58594297039843,29.72020877861446],[-89.58521054789615,29.71879924735991],[-89.58520770382997,29.717830602089613],[-89.5839750885977,29.71636782386658],[-89.58320239192626,29.71621223054933],[-89.58213364736814,29.716666619031578],[-89.58122037423622,29.715846670773416],[-89.58064491795679,29.71490378928825],[-89.58059151131653,29.71430869667808],[-89.58130104564368,29.713644939155397],[-89.58130104564368,29.713301615922067],[-89.58102469691282,29.713166881254043],[-89.58056424565102,29.713348044149093],[-89.57996152370607,29.7141262419529],[-89.5793835961613,29.715361553314786],[-89.5793835961613,29.71593757283889],[-89.58032964163141,29.716715770854012],[-89.58035825297321,29.71747173191714],[-89.58072446287687,29.718135489882748],[-89.58059476321786,29.720399513680988],[-89.58106778640206,29.721023216986698],[-89.58072446287687,29.721320762553084],[-89.5806178238695,29.721663533327984],[-89.58094705821776,29.721776341020696],[-89.58147214416259,29.72166599309875],[-89.58183072557286,29.721801414580536],[-89.58211658836089,29.72214930840669],[-89.58224652876842,29.72255607431118],[-89.58203671914899,29.72328723961625],[-89.58361028276083,29.724661787634485],[-89.58427213361439,29.725438729905324],[-89.58581708588441,29.72819038330325],[-89.58579038256428,29.729152337701972],[-89.58545468932913,29.730136529718084],[-89.58573888484399,29.731856308108302],[-89.58498166614491,29.73263515727906],[-89.58471654545679,29.733115158374392],[-89.58471654545679,29.73359581006971],[-89.58547757750425,29.735288279568927],[-89.58547757840257,29.736800156430174],[-89.58511136670226,29.738109249771068],[-89.5856625909269,29.738680802679553],[-89.58592389826666,29.73939033655248],[-89.58656534568517,29.739617691903252],[-89.58716042386534,29.739344559972803],[-89.588262870518,29.739230118432218],[-89.5886285351443,29.738933016756828],[-89.58865578464011,29.738543473466258],[-89.58805306269518,29.737765275459264],[-89.5877097400683,29.736937484910428],[-89.58770973917001,29.735701522599552],[-89.5870263449193,29.7349239757114],[-89.58700211376282,29.734602890776166],[-89.58752225627862,29.734260218804792],[-89.58833860119138,29.731578485606402],[-89.58930753483662,29.73029483949236],[-89.58999092908732,29.729655226467965],[-89.59112007906013,29.72901435733845],[-89.59253533256943,29.728487929461476],[-89.59577726349661,29.727981224897263],[-89.59796689981512,29.72820945562125],[-89.60119413520256,29.7282323441143],[-89.60179876427087,29.72887321277836],[-89.60348295451159,29.728786126105128],[-89.6040551588897,29.72955860327394],[-89.60392545923067,29.73088737387254],[-89.60357861700452,29.73073345836568],[-89.6032960339656,29.7307958215118],[-89.60300993132739,29.731162683365998],[-89.60224699125827,29.731253584040104],[-89.60214208689771,29.731482466471157],[-89.6023538036405,29.732928889076362],[-89.60251402086638,29.733476297919147],[-89.6026820875712,29.733588724931117],[-89.60295663068833,29.733454891147797],[-89.60306199408801,29.733019789710227],[-89.60419114316247,29.732787094001342],[-89.60495217610826,29.732352217442916],[-89.60500120435981,29.731473581584073],[-89.6047952098854,29.73004688394684],[-89.6075189045218,29.731665572196036],[-89.60629057066015,29.733359948711556],[-89.60539793272862,29.733863489562417],[-89.60497831528637,29.734439508977438],[-89.60476850746356,29.73530860950685],[-89.60453581146564,29.735652583663413],[-89.60366605901429,29.736385004531453],[-89.60340666059453,29.736932413234076],[-89.60288023166835,29.737025874936485],[-89.60329984911061,29.7382878879976],[-89.60346006633648,29.7393604688342],[-89.60346006633648,29.741080898709708],[-89.60291074923519,29.743461270429908],[-89.60309385553451,29.744196855512705],[-89.60346006633648,29.744630474900383],[-89.60372709504627,29.745731015387953],[-89.60336851363598,29.746017117606105],[-89.60308063143519,29.74586933933195],[-89.60280582421338,29.7459592689019],[-89.60128568790306,29.748111387468892],[-89.5994470036031,29.749419828541505],[-89.59882139348305,29.749694486626424],[-89.59611043875401,29.74989939054212],[-89.59482796702348,29.749716723664257],[-89.59390806162983,29.749465604421292],[-89.59296201615972,29.748988767740304],[-89.59226774151428,29.74887051245399],[-89.59151918796444,29.748987742920026],[-89.59120725516856,29.74946751288654],[-89.59055875777169,29.749642988585276],[-89.58839963722338,29.749652526214824],[-89.5878597191949,29.74944719907758],[-89.5872018218269,29.749559064581703],[-89.5868203522415,29.74951519564911],[-89.58632352280394,29.749034415129486],[-89.58550865921308,29.748919451959104],[-89.58474762716563,29.748438800390403],[-89.58448575748052,29.748508115723997],[-89.58440946356343,29.749354978887744],[-89.5846691674104,29.75036042184622],[-89.5851939461314,29.750651325245414],[-89.58698057036568,29.750571867861122],[-89.58713506532318,29.750651325245414],[-89.58712934305483,29.751387562611633],[-89.58605741307069,29.752078673460804],[-89.58542473590428,29.752837147607714],[-89.58482201395935,29.75311180568823],[-89.58453209617613,29.75361534562743],[-89.58484681015614,29.75453087318586],[-89.58490021499978,29.755240407199192],[-89.5844552399137,29.75597157367949],[-89.5831429836416,29.757075927963562],[-89.58232910819754,29.757327046857366],[-89.58157895654483,29.75743832491258],[-89.58085854272126,29.7569837233708],[-89.58114408121747,29.756492279695475],[-89.58099049176177,29.756019056821017],[-89.57999204217123,29.755973480461154],[-89.57768033558537,29.755447052154828],[-89.57655118471428,29.754714630141248],[-89.57597572933315,29.753661121930996],[-89.57565854498611,29.752196929642],[-89.57529233508247,29.751510283781705],[-89.57414029513792,29.75043453855483],[-89.57275040106907,29.749495472249315],[-89.57256863864944,29.748672148459793],[-89.57230694233917,29.748534666025044],[-89.57099373115794,29.74848839212609],[-89.57062314376388,29.74814572002379],[-89.56676704545673,29.744318927198528],[-89.56629587370033,29.742928858773258],[-89.56561062981845,29.742259641188852],[-89.56476323014631,29.742074959748457],[-89.56017906347107,29.74354072876988],[-89.56001828120488,29.74285473417603],[-89.56403568549602,29.741614063500222],[-89.56401199153208,29.74146097095475],[-89.56225044287063,29.740172350934515],[-89.56127713173503,29.73925556671028],[-89.56109402633403,29.738982815214513],[-89.56106979427923,29.738226853962484],[-89.56122810438175,29.737444840790776],[-89.56083443387818,29.737079270218498],[-89.56043904220249,29.73705645862556],[-89.55810330298786,29.738525052077513],[-89.55611202995543,29.739371914539262],[-89.5519107036947,29.74081321975866],[-89.55059597705558,29.741019864814348],[-89.55026028382042,29.741248745240252],[-89.55026028382042,29.74140896403549],[-89.55051833836052,29.741522753364574],[-89.5512545760078,29.741618120963892],[-89.55193875179283,29.742259641188852],[-89.55149108715075,29.742693866413216],[-89.55062649462242,29.742946287229813],[-89.55004728787667,29.742398772516363],[-89.54978726063621,29.742374082392185],[-89.5493905322674,29.74269451769073],[-89.54818354417355,29.742672165999267],[-89.54692623694906,29.743266721479845],[-89.54687283210544,29.743470807867542],[-89.54778892325238,29.744387591774068],[-89.54786712339451,29.745165789869837],[-89.54765865945134,29.745853087545832],[-89.54687283210544,29.746356627289032],[-89.54624015493904,29.746310200295504],[-89.54545241957145,29.745943989725305],[-89.54518673474132,29.745532652201614],[-89.54516250268654,29.744639362521802],[-89.5453990138295,29.74425026335599],[-89.54623958181388,29.743610007711542],[-89.54618618595339,29.743404050464953],[-89.54576656761282,29.743358274937442],[-89.54419166191795,29.744044269206302],[-89.54316494504037,29.74425091384344],[-89.54099056750528,29.744296691303365],[-89.54058620884643,29.744731565990456],[-89.53891593350943,29.745352711880642],[-89.53676388090578,29.74578442241401],[-89.53521511349074,29.745532652981588],[-89.53313991714951,29.746173522645908],[-89.53096553961443,29.74599041688842],[-89.53033230010264,29.74576153480624],[-89.52736446403327,29.74394955362382],[-89.52573940270116,29.74365200731045],[-89.52529615417703,29.743765153743176],[-89.52487728053983,29.744109770443718],[-89.52405330623536,29.74406781003464],[-89.52382308060446,29.743559801289248],[-89.52348110095895,29.7432838885882],[-89.52337428947503,29.742616315997772],[-89.52350836752275,29.7421140335144],[-89.52332526212177,29.74161049352485],[-89.52196163569016,29.74039750805795],[-89.51949339766604,29.73925300987078],[-89.51810237710986,29.738883634795844],[-89.5171587975152,29.738402331393377],[-89.51621275653665,29.73833366739956],[-89.5145852248375,29.7385174236232],[-89.51371985077485,29.737463916809542],[-89.51306372308795,29.737074816322693],[-89.51188441747792,29.736522337480217],[-89.509992327436,29.7360416849874],[-89.5096032284589,29.73611034977026],[-89.51004573317796,29.737046857396496],[-89.51072722030533,29.737624133851227],[-89.5123026910405,29.738104785780834],[-89.51272365326074,29.738380094966224],[-89.51293211630558,29.738631213893118],[-89.51290675776342,29.739341398636203],[-89.51230403492016,29.74018826200455],[-89.51022884037559,29.740646025349943],[-89.50906917103933,29.740737578080285],[-89.50851985393804,29.740371367437458],[-89.50793790373741,29.7396812413608],[-89.50702449226496,29.739154479459785],[-89.50686865252945,29.73860832621266],[-89.5068953558496,29.738306964635964],[-89.50860052624381,29.736796344477593],[-89.50886303283447,29.73576612757488],[-89.50623866402071,29.734847684503116],[-89.50492640774861,29.73411526333024],[-89.50406294260594,29.733450853635034],[-89.50280409207579,29.732123338556338],[-89.50191145234766,29.73063179229759],[-89.50115041940188,29.73017402849232],[-89.50008802683111,29.729998552268196],[-89.50008802683111,29.72930046200086],[-89.50102072064116,29.729166947789345],[-89.5024378812738,29.72935005383994],[-89.50277738875566,29.729647600459447],[-89.50353842170144,29.73088356247528],[-89.503905947637,29.731180630268693],[-89.50571986628287,29.731712002849136],[-89.50687190443078,29.732579846944464],[-89.5084975299049,29.73262687859398],[-89.50968008472134,29.732100450170904],[-89.5104424624451,29.731320996201454],[-89.5104424624451,29.73097958062359],[-89.50889235025207,29.729514085149717],[-89.50889369503004,29.729007381867458],[-89.50944301123302,29.727771419361414],[-89.5094473887234,29.72703834663306],[-89.50925990583202,29.726810115585508],[-89.50892214557342,29.72664980326237],[-89.50753050248473,29.726511918529933],[-89.50713893403888,29.727222103265667],[-89.50666590995635,29.72735943237656],[-89.50564031956615,29.726855240264204],[-89.50446101485443,29.726829189726093],[-89.50056867850871,29.72534080611131],[-89.50039892386948,29.724951706969232],[-89.50044795212105,29.724082607212015],[-89.50215177773728,29.723990402704043],[-89.50343733068925,29.72424217316446],[-89.50191717371769,29.72316642797996],[-89.50047846878957,29.721583979644194],[-89.4995476830012,29.720916407742966],[-89.49886866713918,29.720939295559056],[-89.49821253855397,29.721374171654798],[-89.4977624044432,29.721282618415337],[-89.4979405322792,29.720890755096153],[-89.49789210410223,29.720594065634273],[-89.4974234593067,29.72022911004771],[-89.49755315896574,29.71947380011532],[-89.49821253855397,29.719312326904276],[-89.49863215599622,29.719930308323935],[-89.49928693980344,29.72032066346802],[-89.49959371177803,29.720206338311716],[-89.49962072591525,29.71970268211131],[-89.49891882097981,29.719107589084288],[-89.49726514920418,29.71837516691465],[-89.49660711349564,29.717116316623574],[-89.49613409120974,29.716586073684248],[-89.49542622056249,29.71612908605905],[-89.49487333355626,29.716174086810753],[-89.49474363299889,29.716567000717518],[-89.49579458282957,29.71771140975383],[-89.49561147742858,29.719107589084288],[-89.49574308510928,29.719634018581537],[-89.49663572393912,29.720892868502553],[-89.49661092953897,29.722907029079952],[-89.49760863532444,29.72368897771028],[-89.49831800705654,29.72341056934428],[-89.49876241889895,29.723593674197588],[-89.49873896748014,29.724233286856087],[-89.49913053682428,29.724577866129074],[-89.49960871813485,29.72473873486229],[-89.49975367747562,29.724988597634606],[-89.49975233359596,29.726778947600444],[-89.49902753868875,29.726481400274817],[-89.49905177433679,29.726113933886662],[-89.49873762270217,29.725520096621743],[-89.49810572796838,29.725244182663015],[-89.49782018857385,29.724627457181832],[-89.49748011605168,29.72446789106195],[-89.49711390524969,29.724513668189505],[-89.49593134953496,29.72529186680158],[-89.49498586820684,29.72510810975452],[-89.49419947671892,29.725200313235575],[-89.4937264535347,29.724994319747022],[-89.49230794902239,29.72538658284065],[-89.49186162915831,29.725317917738803],[-89.49178095775085,29.725110668514805],[-89.49207080187222,29.724513294514686],[-89.49199330421264,29.724124249112588],[-89.49181147531768,29.724078792435797],[-89.49107389379071,29.724425278060615],[-89.49002619675967,29.724586147818645],[-89.4887536666844,29.724425858466287],[-89.48863764567218,29.724742549613428],[-89.48569707706494,29.724543534867514],[-89.48406629346448,29.723647080529496],[-89.48367090897531,29.723258632464916],[-89.48372487796097,29.72307487637548],[-89.48409052641757,29.72307361959304],[-89.48545792757001,29.723578146655615],[-89.48558588719234,29.72351040242087],[-89.48561506087951,29.72307487637548],[-89.48524694205587,29.722708665221766],[-89.48512009724281,29.72215303822179],[-89.48561517406723,29.721537254093207],[-89.48566655949813,29.72098823621123],[-89.48550959327527,29.72087444543296],[-89.4841444945049,29.72107978893907],[-89.48327855809688,29.72083183402641],[-89.48209790770886,29.72009559702883],[-89.48170252501633,29.719455378345533],[-89.48159571353241,29.718700068831893],[-89.4811785673555,29.718836746470128],[-89.48078699711306,29.720189707896417],[-89.48078699711306,29.72124447192274],[-89.4800494164844,29.721724472901897],[-89.47931508596045,29.721701584484737],[-89.47713689507697,29.720602952264876],[-89.47661046704913,29.72016807594807],[-89.476216988785,29.719573634767496],[-89.47516413093265,29.719047205733702],[-89.4739052804025,29.719092982993367],[-89.47107343130087,29.71803947348703],[-89.47128076875664,29.717673914904218],[-89.47186110198976,29.717650378804205],[-89.47253961928679,29.716136591386913],[-89.47306661055832,29.715704878865747],[-89.47377614488548,29.71549888617268],[-89.47485188911631,29.715701065331437],[-89.47619410060987,29.716615336524793],[-89.47716168947713,29.71691795302318],[-89.47849817870234,29.717027323147647],[-89.4801009142047,29.71741767787906],[-89.48094205531424,29.71787925715653],[-89.48128156369442,29.717783889614473],[-89.48075647954622,29.716912881895233],[-89.48075647954622,29.716159480292927],[-89.48104505075483,29.71572395277642],[-89.48267145776325,29.715380844962464],[-89.48267145776325,29.715037958329408],[-89.4823554008019,29.71471687217418],[-89.48077936682303,29.71384777273261],[-89.48025293969349,29.713206903302147],[-89.48009900618302,29.712904891198335],[-89.48012323913615,29.712218896213137],[-89.48059626142204,29.711394920820858],[-89.48048944993813,29.711072580125617],[-89.47907475967249,29.70933433325153],[-89.47886304472632,29.70825477442976],[-89.47828511718156,29.707522351885558],[-89.4775511567635,29.707041941247464],[-89.47463635812682,29.706149061016955],[-89.47274561196458,29.703883781857535],[-89.47193364454219,29.70363136030353],[-89.47070093408851,29.703677787540002],[-89.46938867781644,29.70404399867435],[-89.46865625621245,29.70466388664342],[-89.46862820901265,29.70518775692461],[-89.47025843026778,29.707023278439795],[-89.47350911617572,29.708006818268082],[-89.47443170932868,29.70846523325078],[-89.47474451438872,29.70873989111739],[-89.47500638497213,29.709448774560535],[-89.47379903216229,29.70958610380305],[-89.47298212490418,29.709312096624423],[-89.47185297403306,29.708396569837085],[-89.47143553231042,29.708464877461722],[-89.47125272065854,29.708647687340182],[-89.47125272065854,29.709814985716626],[-89.47102136943857,29.710273401027102],[-89.47036524085337,29.710643426023093],[-89.46973200223991,29.71062053820011],[-89.46860285136881,29.710345880016096],[-89.46563501529944,29.708972588749873],[-89.46416882641522,29.708514173742593],[-89.46482495500041,29.707343061217344],[-89.46526936774113,29.70727439625608],[-89.46590204311092,29.707801476889433],[-89.46658162311492,29.70869728002154],[-89.46823644653072,29.709681892654547],[-89.46954755116263,29.710162122914074],[-89.47012547780909,29.71004768163791],[-89.47062329539345,29.70967765678714],[-89.47046442204726,29.708556786476645],[-89.46928186723083,29.707091941231987],[-89.4681570938501,29.706358868836457],[-89.46763066492392,29.705145795062514],[-89.46613530325084,29.704802473198654],[-89.46532166945362,29.70411655862634],[-89.46440343043481,29.704253155463203],[-89.46288136544158,29.703818280888314],[-89.46167401353006,29.702738720508922],[-89.4611227893054,29.701571423370478],[-89.4609124173406,29.700427665293816],[-89.4605156907684,29.700015677665984],[-89.45912713878262,29.699649466670024],[-89.45726422242787,29.698481517960843],[-89.45737237779143,29.698230398447862],[-89.45889119088332,29.69900794557962],[-89.45967892625093,29.699168163931542],[-89.46041325497826,29.69891639379306],[-89.46046228322982,29.6986194973774],[-89.4596764567822,29.697448385741737],[-89.4597037215494,29.69630332516277],[-89.45943994384264,29.69602931842068],[-89.45870752313698,29.695548666308422],[-89.45794458306787,29.694770468126052],[-89.45558384643381,29.694312053065826],[-89.45513696422437,29.693900716922887],[-89.45511273216958,29.692980723341847],[-89.45592279157029,29.691859853204768],[-89.45589855951549,29.691424326432355],[-89.45500726456532,29.690990102559166],[-89.45351055811425,29.690760568273127],[-89.4527489619248,29.690806995995473],[-89.4523829155145,29.690898508349314],[-89.45226109587715,29.691132324231592],[-89.4527495260668,29.69179053775666],[-89.452726074648,29.692065847565402],[-89.45238275202114,29.692412984459857],[-89.45209283513621,29.69252742554032],[-89.45149011229297,29.692363393882793],[-89.45107049664736,29.691768300366867],[-89.4511759642516,29.690989450946105],[-89.4516732194906,29.689685474961884],[-89.4521691290533,29.689067494703433],[-89.45277948038995,29.68879092883313],[-89.45343560897514,29.688907276632193],[-89.45385522551909,29.68936504053447],[-89.45406178233891,29.690165476190206],[-89.45435113598012,29.690415989996904],[-89.45513752746805,29.69011969979023],[-89.45618982117838,29.690417897244163],[-89.45668573163941,29.690990101778773],[-89.45668629488308,29.692362742278625],[-89.45689935550556,29.692638051299976],[-89.45792061960934,29.693030656191873],[-89.45976038009098,29.693370473911592],[-89.46078271857988,29.694083821750752],[-89.46101922972282,29.694585455040404],[-89.46104268114163,29.69557090286155],[-89.4621483796956,29.69616664728475],[-89.46288080219789,29.697105063318],[-89.46395654732704,29.699302329028164],[-89.46571377868524,29.701777417326305],[-89.46657997470638,29.70255561506986],[-89.46707899513491,29.70255561506986],[-89.46817998112692,29.7016858641624],[-89.46925572625607,29.701155620885007],[-89.46970148287646,29.700742377620266],[-89.46980694958239,29.700377422438713],[-89.4694649717335,29.700103415884595],[-89.46797017240577,29.700491863810694],[-89.4676796922772,29.700379981049046],[-89.46747044859639,29.700056986995925],[-89.46752385344001,29.699210124389488],[-89.46828241512044,29.698066365956908],[-89.46906824246636,29.695407521514348],[-89.46859682008,29.695361550076168],[-89.4679696091621,29.69568218075462],[-89.46726063897694,29.695406870710265],[-89.46550531564041,29.695659291862984],[-89.46479252941191,29.694994883560685],[-89.46408490220811,29.69481177805216],[-89.46332330691696,29.69391978951265],[-89.46237726144685,29.693233144347026],[-89.46208734456195,29.692660939319136],[-89.46198491056842,29.691882089793925],[-89.46211651824912,29.691264108997235],[-89.46180338260906,29.690853198948044],[-89.46135492205967,29.69096721415942],[-89.46033258267246,29.691722523916667],[-89.45965356681045,29.691928516998082],[-89.45849636963787,29.69172187308868],[-89.45810479939541,29.692271840723368],[-89.45781353863084,29.692248301010615],[-89.45773533759042,29.690852122029177],[-89.45699853669943,29.689592014440763],[-89.456920899801,29.689181284067185],[-89.45734051634494,29.688605264814857],[-89.45778683531073,29.68842215936849],[-89.45825738722958,29.68844379191244],[-89.45949200660323,29.68865104034398],[-89.46166772622139,29.689313542745833],[-89.46290234559503,29.689909890828247],[-89.46392659210558,29.689818338554936],[-89.46487072955402,29.69052787214937],[-89.46555243227706,29.690482171611237],[-89.46631268638349,29.68977256121638],[-89.46631268638349,29.688948587408056],[-89.46605137904373,29.688399270383854],[-89.46604700155335,29.687436710112685],[-89.46620721877922,29.686908374643895],[-89.4651619912169,29.687072406621304],[-89.46366662954382,29.68762172309406],[-89.46227044996294,29.687804829218383],[-89.45902032729869,29.68746150661993],[-89.45592279157029,29.686408650153535],[-89.4547173467821,29.686225543826716],[-89.45406121909521,29.686179767973265],[-89.4513857711761,29.686636880171285],[-89.44941491685007,29.686339985710255],[-89.44815606631994,29.688197744081766],[-89.44734409799925,29.688242868945927],[-89.44716099349657,29.688036874552456],[-89.44716099349657,29.68727774979366],[-89.44818333198543,29.685698465484556],[-89.44831493966615,29.684737160802065],[-89.44799584819575,29.682860981002726],[-89.44757623165182,29.681941638704643],[-89.44705719136886,29.681461011301973],[-89.44456262013053,29.68189586246111],[-89.44314602274154,29.68230719857433],[-89.44380173181351,29.68292881041318],[-89.44587353252294,29.681986763255875],[-89.44637325812899,29.68200965135956],[-89.44692773335663,29.68226016520403],[-89.44742364381764,29.682719836337743],[-89.44771356160088,29.683272967951446],[-89.44753045530156,29.68370784405037],[-89.44598168788652,29.684873233790736],[-89.44540185501504,29.684943805806775],[-89.44506091382199,29.684760077155094],[-89.44469479015657,29.684874490270847],[-89.44356564018379,29.68597312316842],[-89.44290951159857,29.686202005819275],[-89.44243839643603,29.686064676603515],[-89.44170159734169,29.685308109209505],[-89.4416773643886,29.684782937312495],[-89.44199207657195,29.68448539118279],[-89.44235828737393,29.684508279497972],[-89.44309774098996,29.684989553347464],[-89.44377544890492,29.685011819552],[-89.44421929750365,29.684577595286385],[-89.44419506544887,29.684187844952724],[-89.44366998130069,29.68370784405037],[-89.44335583056434,29.683592752191387],[-89.4422533839117,29.683684304672937],[-89.44185418517584,29.683353077217582],[-89.44170159734169,29.6825825078273],[-89.44000024119416,29.682677876017312],[-89.43894738513846,29.68221629650845],[-89.43816155689423,29.681621203781848],[-89.4377953451939,29.681644092749156],[-89.43766564553486,29.68221629650845],[-89.43858117343817,29.682790409085232],[-89.43892449606503,29.683135638635903],[-89.43892449606503,29.683410297079437],[-89.43781823336904,29.683776507950554],[-89.43669159688243,29.68375362024918],[-89.43673485884818,29.684390675583163],[-89.43616703196045,29.684344247237874],[-89.43584984851174,29.683181415875698],[-89.43433159956184,29.682010303811296],[-89.4332831200982,29.681620552107976],[-89.43207329781963,29.681438098879447],[-89.43170708701764,29.681048999756968],[-89.43152398161665,29.68054355192824],[-89.43176049275961,29.679307590700446],[-89.43141716923442,29.67889751057545],[-89.43086785303146,29.678691516541036],[-89.42898014047994,29.678439094914285],[-89.42811364082823,29.677497516117615],[-89.4275896831674,29.677199317793953],[-89.42486351816397,29.678645740378524],[-89.42423274901923,29.67960639231295],[-89.42423274901923,29.680247261494376],[-89.42473381850495,29.680749546070064],[-89.4272749700857,29.681529000868572],[-89.43029048962867,29.683134988532743],[-89.43220299837698,29.684985767522488],[-89.43296649989315,29.686499551549666],[-89.4330727490317,29.68728221604438],[-89.43252343193042,29.688380849156655],[-89.43173760368617,29.688586843625405],[-89.4302422429114,29.689319265330614],[-89.4300591375104,29.689868582008362],[-89.42903163909854,29.690440134932736],[-89.42937305550038,29.691130595703516],[-89.4305016431278,29.69163478696272],[-89.43073815427073,29.69181598479732],[-89.43092182291541,29.692343669393317],[-89.43202236334302,29.69284720920757],[-89.43281334971363,29.694659842373174],[-89.4327833962888,29.697359997534054],[-89.43231037220626,29.69969840755634],[-89.43257609566393,29.700087507042127],[-89.43279046243681,29.700088157815866],[-89.43256405105261,29.700812299426833],[-89.43123653599712,29.701437910508982],[-89.43013543322411,29.702376976437286],[-89.42976596962248,29.70235343753167],[-89.42958286422149,29.70226188411253],[-89.42916324677923,29.70118614059734],[-89.42777031909966,29.701072350003464],[-89.42748040221477,29.700797692234932],[-89.42732456247928,29.7001332828023],[-89.42622155078631,29.69985927636253],[-89.4250695126384,29.698596610715587],[-89.42438897143704,29.698299167132067],[-89.42381066210827,29.698482169525384],[-89.42373436819118,29.6987320328824],[-89.42391747359218,29.699466361841843],[-89.42538288184043,29.701872785246657],[-89.42703789839403,29.702880516682125],[-89.42780083756483,29.704139366783426],[-89.42793053632555,29.705035821333585],[-89.42786187180018,29.706016198733963],[-89.42709321036101,29.706606825165967],[-89.43761224248787,29.713805160683687],[-89.4422585438347,29.717184983436013],[-89.44118279870554,29.717822689641526],[-89.44141930984848,29.718001979540137],[-89.47194643385691,29.73888680004688],[-89.46945352989174,29.741293875124004],[-89.46885080615016,29.742346730984526],[-89.46814508696802,29.744681977856185],[-89.46743555443749,29.745875978252496],[-89.46696253125327,29.747111939961496],[-89.46649141609072,29.747775046358836],[-89.46441622064782,29.749056785680732],[-89.4631325739209,29.7494961266024],[-89.4623696347501,29.749976778561212],[-89.46118707903535,29.750974321827787],[-89.46089334790373,29.751395195546152],[-89.46079036234462,29.751914543352022],[-89.46099825046767,29.752257317216703],[-89.46202631302155,29.752601290169267],[-89.46268243981012,29.753104831893214],[-89.46429442885822,29.753652662487855],[-89.46548242926191,29.753516818411338],[-89.4677331007141,29.753789569366006],[-89.46832619900738,29.75367551241929],[-89.46957765280949,29.75264961641484],[-89.47079305272766,29.751955956106123],[-89.47168569155748,29.751795737786416],[-89.47320337816201,29.751908923382587],[-89.47438784189842,29.752230614261475],[-89.475728708614,29.752757693515868],[-89.47675104710287,29.75351235198748],[-89.477697092573,29.754586840551173],[-89.47824831679762,29.75621697267001],[-89.47833033298308,29.75747647479777],[-89.47791071554082,29.759124424612768],[-89.47704287200943,29.760130853547356],[-89.47444315566203,29.76132485397056],[-89.47405024153991,29.761691716430196],[-89.47352572063541,29.763430567465004],[-89.47365732741778,29.763567896899602],[-89.47537012720373,29.76361432369783],[-89.47573061573735,29.763705225366202],[-89.47610254970601,29.764075902502746],[-89.4764401500645,29.76467034351148],[-89.47710200091807,29.76679959704391],[-89.47720309013363,29.76746270341063],[-89.47707148245293,29.768218664875537],[-89.47652216624995,29.768584875935616],[-89.47586469378508,29.76863000053014],[-89.47523279815299,29.76835790131076],[-89.47399732448149,29.766843915365],[-89.47187303520998,29.765998222284637],[-89.46783666119501,29.765730830550474],[-89.46551732431912,29.764029475138646],[-89.46345301016927,29.76288571696972],[-89.46142359107661,29.762977269665107],[-89.45879907763411,29.762702612107752],[-89.45561761949523,29.76190152508476],[-89.4536187170711,29.761148122922425],[-89.45212773468502,29.76109978751755],[-89.45207432804476,29.760848017560264],[-89.45307377925681,29.759383173039115],[-89.45307377835849,29.75892159523179],[-89.44971302996365,29.755991906442926],[-89.44923944353573,29.755008365116506],[-89.44881931944366,29.754710759598826],[-89.44784764144524,29.754595727289967],[-89.4475991234202,29.754275944576474],[-89.44656152524959,29.75434460857141],[-89.44522256655569,29.75473305635445],[-89.44417161582668,29.754847497357737],[-89.44362039339869,29.755213708938065],[-89.44388360696345,29.755625696146332],[-89.44480104199008,29.756106347568537],[-89.44501275783455,29.756358117740987],[-89.44509095977328,29.75686165774807],[-89.44580049230383,29.757433863342595],[-89.44577569880198,29.757640508454756],[-89.44543237437848,29.757941868850487],[-89.44489068756721,29.758189824052288],[-89.44459314129061,29.75807538296623],[-89.44388360696345,29.756518986974427],[-89.44249180487293,29.755534143753064],[-89.44330131809797,29.754559599318934],[-89.44335717983391,29.753837253192202],[-89.44364765906418,29.753519982420546],[-89.44466943430938,29.753219272415947],[-89.44519642647923,29.752669304878633],[-89.44627407873172,29.752371758707064],[-89.44724244913327,29.752463310869373],[-89.4476620647789,29.75280663424289],[-89.44795448886177,29.753665075961944],[-89.44822844897227,29.753971538623496],[-89.44936963097999,29.75335599973139],[-89.44949884195549,29.75308003600049],[-89.44805688692267,29.751708651518793],[-89.44608850296369,29.750976229484397],[-89.44635553167348,29.750594760610035],[-89.44622583111611,29.750438357788134],[-89.44346836790987,29.74819084836319],[-89.44286126757626,29.743220949009494],[-89.443677911628,29.742854206135103],[-89.44380731214804,29.742623948820167],[-89.44375390640609,29.742145203754756],[-89.44346836701156,29.74186989476548],[-89.44304875046761,29.741755453766697],[-89.44051454376232,29.74127799464874],[-89.4402672734972,29.74191632225501],[-89.43900460692373,29.742350546626092],[-89.43822259472283,29.743381166213666],[-89.43751305949735,29.743472719566764],[-89.43706292538657,29.743198061596562],[-89.4368002750655,29.742876975070807],[-89.43671960365803,29.742442751419343],[-89.4368002750655,29.74214455169367],[-89.43719262594394,29.741962099220753],[-89.43735150018844,29.741091696830367],[-89.43764141617504,29.7406797083905],[-89.43656376482086,29.739764181477696],[-89.43601253969791,29.739508596779924],[-89.43485803028464,29.739349030147846],[-89.43430546218033,29.738936392606906],[-89.4334815130287,29.738754499019926],[-89.43207330051457,29.73893704312887],[-89.43144443759488,29.73824974641006],[-89.43139293987458,29.737883535262846],[-89.43228558050106,29.737311331178535],[-89.432522091644,29.73680779125524],[-89.43197086562273,29.73552605136386],[-89.4309975544871,29.734748504675547],[-89.4299490768201,29.73433586614843],[-89.42897576478617,29.733165405127597],[-89.42813900296365,29.732890096449935],[-89.4276907750779,29.7325696610281],[-89.42687768026984,29.730739256596927],[-89.42664116912688,29.73053326355869],[-89.42629784650002,29.73028149406207],[-89.42446353969046,29.729865040545846],[-89.42397730588168,29.729247696781346],[-89.42368872748655,29.729247708482532],[-89.42365807517243,29.729400298578543],[-89.42367524197749,29.73103615320361],[-89.42806023778121,29.73445095836421],[-89.42803162733773,29.734702077768024],[-89.4274804040114,29.7350918278658],[-89.42706078656913,29.734977386932982],[-89.42674663673114,29.734423604795733],[-89.42587822995608,29.733529709131503],[-89.42329186437044,29.731540343807737],[-89.42278260224936,29.731654134192205],[-89.42230957906513,29.73211189748449],[-89.42215126986093,29.733439412714596],[-89.42272919650739,29.733851399694245],[-89.42522210226919,29.734423604795733],[-89.42603844718195,29.73499836748144],[-89.42671936926901,29.736968008565057],[-89.42771691605267,29.738226858642555],[-89.42842644948152,29.73966946575246],[-89.4294754894939,29.74248787608593],[-89.43121117925158,29.744620943812762],[-89.43288964542735,29.747253085374634],[-89.43409509111383,29.750094383652854],[-89.43401121092418,29.75154741892829],[-89.43417138503091,29.752486851280654],[-89.43464440731682,29.75291981947743],[-89.43597955176402,29.753541614196013],[-89.43682069287358,29.754252404585372],[-89.43716210837711,29.755006459096368],[-89.43729371515948,29.756701441031133],[-89.43816155958916,29.757663396469795],[-89.43892449875996,29.75890317290805],[-89.4393403010572,29.759909601725248],[-89.43947381586125,29.760755208948538],[-89.4394204101193,29.762223867013358],[-89.43852777218777,29.764697047830953],[-89.43802804568344,29.7667379113107],[-89.43797463994149,29.767584774833928],[-89.44094629115585,29.769736915619625],[-89.44170922942834,29.769735008320154],[-89.4431565815394,29.76937194314007],[-89.44645662178735,29.769942258109676],[-89.44769067701901,29.770331356567052],[-89.4492413515574,29.77149865534632],[-89.44966096810134,29.772143338008124],[-89.44987268484412,29.772897391997407],[-89.44987268484412,29.774064690500477],[-89.44929289149852,29.775832678373167],[-89.44934625591797,29.776496560008347],[-89.44952936131897,29.7768392326277],[-89.44987268484412,29.77699819300265],[-89.45015878748235,29.77764031870958],[-89.4514996524013,29.782267547768637],[-89.45202417420413,29.783137298614154],[-89.45278711337492,29.783801706422576],[-89.45837946109016,29.786893519829217],[-89.46127100414077,29.78781095427159],[-89.46339960442731,29.788839015377455],[-89.46602411786981,29.79046533293279],[-89.46783609884963,29.79202173002244],[-89.47001619775479,29.794108369779888],[-89.47157068923482,29.795871412089625],[-89.47233553552896,29.796458223509312],[-89.47095857809852,29.79733007743435],[-89.47107477787546,29.79753461886762],[-89.47030586400972,29.7976372180058],[-89.46999140425294,29.79795358508427],[-89.47007532756172,29.80033842243353],[-89.4704148359419,29.801138858202048],[-89.47117586709102,29.801871279810467],[-89.47340937443306,29.8030144328738],[-89.47469874163173,29.803935683261276],[-89.47472163160349,29.804392795217563],[-89.47451563623073,29.80475965734623],[-89.47369929131798,29.80524030991854],[-89.47359251037679,29.805446243707458],[-89.47385950854385,29.80688635205526],[-89.47369929131798,29.80709425295963],[-89.47353597310776,29.807134009905056],[-89.47327967387572,29.806888259426422],[-89.47272710577143,29.805537204833893],[-89.47209711816097,29.804919874347473],[-89.47037287473665,29.804095900802867],[-89.46888514155695,29.804141676639347],[-89.46839360858631,29.803980808292035],[-89.46734265965395,29.803362827450282],[-89.46610669729894,29.80185220747903],[-89.46568708075499,29.801096896734133],[-89.46511326839254,29.800808659248382],[-89.4624535598555,29.797202741342904],[-89.46185083791059,29.796928083329227],[-89.45521326263302,29.795880948436047],[-89.4524505874015,29.795257140990937],[-89.44914026324017,29.794845258324195],[-89.44627598765169,29.793562869191824],[-89.44422693138692,29.791362438680633],[-89.44376863159023,29.791087780228434],[-89.44334380122437,29.79113501362452],[-89.44192913880653,29.790232637280674],[-89.44196728576505,29.78991983275643],[-89.4404427504048,29.78859106120203],[-89.43926043454024,29.78655050038087],[-89.4379771112068,29.786002137874576],[-89.43716210927542,29.785316142369943],[-89.43632153230787,29.780459380478128],[-89.4361236577053,29.78030214635246],[-89.43566674760233,29.78073469027645],[-89.43511758501127,29.78248849603807],[-89.43109539449628,29.781283356081087],[-89.42967767151826,29.780437144025417],[-89.4283883043196,29.778899820506727],[-89.42754906943509,29.77841916927884],[-89.42625207194641,29.778350504629394],[-89.42545098671538,29.77867093951728],[-89.4249245568909,29.779380472546098],[-89.42487115204725,29.781077361646535],[-89.42505425744825,29.78302285874014],[-89.4254223762719,29.783663727210683],[-89.42539758007511,29.784537945001095],[-89.42563409121804,29.78602567742203],[-89.42474145238822,29.788587246541613],[-89.42429131827745,29.79113355811869],[-89.42400140139254,29.791522657647036],[-89.42371148540595,29.79156461845268],[-89.42342785223647,29.79133890038828],[-89.42395237224265,29.78918359556098],[-89.42376488935129,29.788612043001265],[-89.42336053159076,29.78840604883426],[-89.4228264741712,29.78842893683612],[-89.42137879507338,29.78888604947418],[-89.42068881617163,29.788952821793508],[-89.41905081909943,29.788680739593616],[-89.41764802073153,29.789114932057505],[-89.41685265597222,29.789159451777717],[-89.415877633546,29.788932123065333],[-89.41363305087481,29.78890958912304],[-89.41268566062672,29.788519839370643],[-89.41208293868179,29.78803918677129],[-89.4118706586953,29.787719404006438],[-89.4118706586953,29.78723875146141],[-89.41208293868179,29.78675363400545],[-89.41315868381093,29.78606698719773],[-89.41379326810068,29.786044750431227],[-89.41607445801802,29.7874199497227],[-89.41755674920371,29.788107851012796],[-89.41787336940877,29.788107851012796],[-89.41846245852093,29.787719404006438],[-89.4188926679987,29.787630634573986],[-89.41987128278777,29.78801483065524],[-89.42032840938471,29.787695863298033],[-89.4206673545212,29.786552105642603],[-89.42130115817496,29.785471895101146],[-89.42316216650802,29.784282359878226],[-89.42413738566532,29.782061554579425],[-89.42413738566532,29.781420685208772],[-89.42390087362404,29.781054474302838],[-89.42378777842472,29.78031698055082],[-89.4235970427337,29.7801624860023],[-89.42216271619428,29.780597361767217],[-89.42129459238855,29.780641425265753],[-89.42014855498672,29.780456218099285],[-89.41893548170515,29.779929789010406],[-89.4178597356777,29.779220255975797],[-89.41694286479306,29.778487182836287],[-89.41528728589411,29.776377654156786],[-89.41486766845185,29.775301910009745],[-89.4149210741938,29.774455047015266],[-89.41589135082039,29.7723957610742],[-89.4158150569033,29.770146996644886],[-89.41592052540587,29.76973626451783],[-89.41814965256259,29.76755872317995],[-89.41896599747535,29.766070991646277],[-89.41935947484116,29.764651272669372],[-89.41941288058311,29.763689968389883],[-89.41983249802537,29.762473080385504],[-89.41988781089069,29.76190087471186],[-89.4196755318025,29.760940222496743],[-89.41886356438015,29.75924584566744],[-89.41865319331365,29.758464483061424],[-89.4188120648632,29.755259485291525],[-89.41925591436025,29.75397458407581],[-89.41991204204716,29.753219273195842],[-89.420072259273,29.75273862196638],[-89.41994121663264,29.752234429526897],[-89.41916685807793,29.75189124145619],[-89.41762756699082,29.751918298577046],[-89.41500634138225,29.752257969991927],[-89.41484612325807,29.75239529913983],[-89.414769829341,29.752965596098694],[-89.4150292304557,29.75468346614829],[-89.41487664262154,29.75681653409206],[-89.41395348442823,29.758121160352136],[-89.41229790463096,29.759356471982386],[-89.41109246074109,29.759975103513998],[-89.41027611493003,29.760181097680874],[-89.40988129368453,29.76050088104798],[-89.40985649838608,29.76132867122925],[-89.41038292641393,29.763251929588744],[-89.4104840165278,29.764807675925557],[-89.41022270918808,29.766848537931484],[-89.40982788794258,29.767786954278122],[-89.40843743063006,29.769641549040653],[-89.40764778903744,29.770216916872716],[-89.40334099337585,29.770282418160832],[-89.4029061189468,29.77016988492209],[-89.4024756202115,29.76968667393894],[-89.40189903834303,29.768153816469038],[-89.40163638712362,29.767764067016],[-89.40138559276767,29.76767402210827],[-89.4011360982739,29.767741178968848],[-89.40095299287292,29.768016487862162],[-89.40029686518604,29.76941266716522],[-89.39935081971592,29.770053536190247],[-89.39903801465589,29.770442636554673],[-89.39903419951088,29.771037077212668],[-89.39961075083664,29.77169981243952],[-89.4011360982739,29.77218530147855],[-89.40292137773021,29.772322630607928],[-89.40397423378593,29.7732159222864],[-89.40434044548623,29.774409921926047],[-89.4040753238998,29.775691009477583],[-89.40331238383068,29.777659394096013],[-89.4028683151447,29.777864347646567],[-89.40135735153176,29.77761426577254],[-89.4005562645041,29.777682933266],[-89.40010803841498,29.77791116390574],[-89.39953011087022,29.778689362104355],[-89.39921539778851,29.779742218862495],[-89.39921539778851,29.781001068921086],[-89.40060966934774,29.78347555202845],[-89.40057915267921,29.784049013656535],[-89.40018433233207,29.784735658713508],[-89.39803093495043,29.78641096179394],[-89.39771813078872,29.786958370913755],[-89.39753502359109,29.787919675608777],[-89.39679687971875,29.788607577362484],[-89.39661186629611,29.789088880547183],[-89.39532419511669,29.789431752526113],[-89.39500969403741,29.789729749942353],[-89.39146202419825,29.79126260690783],[-89.38878410681042,29.79194990489114],[-89.38773124895806,29.792041457523332],[-89.38581627074105,29.792041457523332],[-89.38450401536726,29.791698134525824],[-89.38368766955618,29.791305220343304],[-89.38152298843626,29.789406921187165],[-89.38109367457882,29.789609587486932],[-89.38158958503983,29.791305220343304],[-89.3812462633113,29.791717208013264],[-89.3804864916002,29.792012866873264],[-89.37949701078945,29.791880202532553],[-89.37864710841095,29.79205987998867],[-89.37774214918699,29.791534210435255],[-89.37680631756166,29.79157986104778],[-89.37592094340752,29.79194227504661],[-89.37429588117708,29.79134146057642],[-89.37432505576257,29.79104516981876],[-89.3755510513095,29.791116141941515],[-89.37631056520414,29.790728575863554],[-89.37707163857408,29.789607029593345],[-89.37720268211278,29.78912702851296],[-89.37696635422614,29.787935692142952],[-89.37652232147279,29.787135104757763],[-89.37611334098182,29.78685841078703],[-89.37450604652938,29.787725495977533],[-89.37442558173443,29.786166822593596],[-89.37505309987615,29.78621576259273],[-89.37552841017109,29.786466251779846],[-89.37576072618165,29.785894071688535],[-89.37634240059948,29.785670832560765],[-89.37654846065092,29.786169985571643],[-89.37705907743147,29.786334017461332],[-89.37754600384132,29.78594366281745],[-89.37757327040515,29.785254458685962],[-89.37743919325574,29.785003339632915],[-89.37689044029642,29.78459070138911],[-89.37334983570696,29.78422132656488],[-89.37185122303086,29.783396699959525],[-89.37116782967848,29.78289381102243],[-89.36872507775729,29.780055025563065],[-89.36745994261342,29.77812925406202],[-89.36655698214098,29.777419719964037],[-89.36621635086671,29.777419719964037],[-89.36486213249106,29.77812860223506],[-89.36496703774992,29.779917695341982],[-89.36478965371899,29.78049055204694],[-89.36397330880624,29.781360302736378],[-89.36350028562201,29.78163877629731],[-89.36247064921977,29.781682890016057],[-89.36147797579652,29.78120375769749],[-89.36057068813935,29.78102165311769],[-89.35686412519102,29.781181058284],[-89.3551995020538,29.78193632209592],[-89.35246054953228,29.78262487544331],[-89.3515373338468,29.782443338704567],[-89.34760825191442,29.782489455023992],[-89.34548402821993,29.782191255950128],[-89.34317232163409,29.78145883453757],[-89.34101852809542,29.780177009128426],[-89.33851033121083,29.77956096304175],[-89.33523337137746,29.779901181646192],[-89.33421866138198,29.779605542368753],[-89.33211541784098,29.77939889890108],[-89.328672090017,29.777980481464105],[-89.32773042203725,29.777361849621993],[-89.32615438895671,29.77594343295865],[-89.32452607482494,29.773329713713597],[-89.32420889227454,29.773055706769348],[-89.32444540341749,29.772117291438402],[-89.32111135744444,29.770442638893982],[-89.3178536062868,29.767444286556184],[-89.3166710478771,29.76535764625195],[-89.31646371042133,29.76402947981752],[-89.31641030467937,29.761988616532463],[-89.31609564100502,29.76146225101698],[-89.31504598654499,29.761439951079506],[-89.31409994107487,29.762103708200065],[-89.31257596985661,29.762766815235196],[-89.30957570999539,29.763751659119084],[-89.30882039841966,29.762977274343957],[-89.30790352753502,29.762560821705108],[-89.30643239791674,29.760501536109008],[-89.30617165382068,29.759470916284545],[-89.30640625784027,29.75855157359716],[-89.30611882479714,29.757224676240487],[-89.30532994856912,29.757292723685953],[-89.30100026742736,29.759376200460316],[-89.30013051587433,29.759559305162167],[-89.2974678563716,29.759559305162167],[-89.29585042443117,29.759765299403988],[-89.29266432200228,29.759422256435805],[-89.29231038578033,29.7596508585574],[-89.2853491232514,29.761279084286784],[-89.283063556742,29.762126598314996],[-89.27985920863136,29.762168559742946],[-89.27910064695095,29.76193902601751],[-89.2769208777275,29.76058885336571],[-89.27193226615515,29.75861707549373],[-89.27045216326547,29.758433970629966],[-89.26962055867098,29.75863996406561],[-89.26949396179295,29.75901767699615],[-89.26975025833003,29.760539032106834],[-89.2705666041411,29.761157664136103],[-89.27232327225562,29.762007691780518],[-89.27248158235813,29.762191447503604],[-89.27216496215308,29.763014771754776],[-89.27283382525576,29.763609126261866],[-89.27434336503899,29.763427066889985],[-89.27526496824852,29.76122949342061],[-89.27608265883757,29.761459026431947],[-89.27497763312174,29.76354818874221],[-89.27505268916036,29.764094330893737],[-89.27528920030332,29.764207515856988],[-89.27802815372313,29.764505061979655],[-89.27936329817035,29.76443639792817],[-89.27973007221601,29.764368988534958],[-89.27983497657658,29.764094330893737],[-89.28101562606629,29.763590790579094],[-89.28154530599548,29.763524684460975],[-89.28253712781583,29.76521585180869],[-89.2849140988037,29.766157192847846],[-89.2863747145399,29.766914044541384],[-89.28734294121102,29.767806032321122],[-89.28770985898714,29.76780477531945],[-89.28792023005363,29.767485596979842],[-89.2884499099828,29.767509136201735],[-89.28849815849672,29.768080690703396],[-89.28870930930088,29.76839986870641],[-89.2902046718723,29.769731198399615],[-89.2907845056421,29.77064863259263],[-89.2909395638433,29.771540621426137],[-89.29053181494257,29.772754301383717],[-89.29054799539746,29.773490583768474],[-89.29075398807527,29.774165784650076],[-89.2914101175588,29.775321637686865],[-89.2907845065404,29.775828993438985],[-89.28895561297874,29.775825178292276],[-89.28894582134214,29.77614561346418],[-89.28973164868808,29.77729383763933],[-89.29083218911569,29.778483371689326],[-89.29106870205527,29.779330234923428],[-89.29106870205527,29.780135136331147],[-89.2905422731291,29.78134821002035],[-89.2891594452083,29.78310171500175],[-89.28783955864617,29.78441587942853],[-89.28883519471323,29.784827214826183],[-89.28888669423014,29.78517435201423],[-89.28857961054017,29.78530470347125],[-89.28777284166834,29.784989135301597],[-89.28622020251443,29.785488170087834],[-89.28565755171937,29.78530851825682],[-89.28494858063587,29.78468988647308],[-89.28383455020763,29.784324356464538],[-89.2828728219493,29.78441587942853],[-89.28255620264258,29.784918768516203],[-89.2826897165483,29.786132491372268],[-89.282937638092,29.786266389695808],[-89.28347801426126,29.78597162447554],[-89.28460921778279,29.78588187582843],[-89.28667989110656,29.786707861908155],[-89.29079134721131,29.788012169031386],[-89.29138039859424,29.787989663727952],[-89.29175018828433,29.78771494144632],[-89.29285207348993,29.786342301066195],[-89.29358887258427,29.785952551452475],[-89.29445424664692,29.78586099792829],[-89.29508748615868,29.786365189539946],[-89.29511037343549,29.786983170115793],[-89.2946144638728,29.78785292131108],[-89.29494194111635,29.788011076003592],[-89.2955833966197,29.787851014356647],[-89.2962152922518,29.787165624039144],[-89.29540029121871,29.78519598397166],[-89.29550575882296,29.78480814080534],[-89.29597878200718,29.78437326617849],[-89.29605641890561,29.783595718728996],[-89.29642445418592,29.782930827723696],[-89.29713407115811,29.78327081735265],[-89.29747548755992,29.78375528430372],[-89.29742208091965,29.78409860803847],[-89.29658284783179,29.78471723957788],[-89.29647603724618,29.785243016661664],[-89.2967926565529,29.785403233729276],[-89.29805341330807,29.785517674780362],[-89.29860463753272,29.785792332925116],[-89.29926076611792,29.786410313919063],[-89.29926076611792,29.786780991224084],[-89.29858165593281,29.786985538626773],[-89.29852452936895,29.787283880124516],[-89.2986964714059,29.787535650679533],[-89.29952207255936,29.787535650679533],[-89.29999509484523,29.787833196103062],[-89.29997030044508,29.7882222952087],[-89.29933896715835,29.788702947708376],[-89.29931417185989,29.78939024455904],[-89.29915586265568,29.789549811032032],[-89.29880276366359,29.789390651515248],[-89.29830709215442,29.789455094805554],[-89.29807820950487,29.78929678491346],[-89.29823708285106,29.788725835642335],[-89.29800057170812,29.787074072404106],[-89.29743560146301,29.78639051046342],[-89.29708066631446,29.786501866940835],[-89.2975288942002,29.787849106622534],[-89.29642453862756,29.78860758048094],[-89.29618802658631,29.788977605688757],[-89.29618802658631,29.789870245936264],[-89.29673925081094,29.791380865948557],[-89.29687276561499,29.792226472525954],[-89.29665914264716,29.79245726291222],[-89.29558339751802,29.792804399364464],[-89.29518857627255,29.793238623831662],[-89.29466786871643,29.795436541096034],[-89.29343190815804,29.797111193432727],[-89.29250875086305,29.797729174695597],[-89.29009213991664,29.80004023132563],[-89.2872025048877,29.802035317924513],[-89.28478780196296,29.803477925349178],[-89.28331589260698,29.803935037838325],[-89.28231587725293,29.803569478346386],[-89.28189625981068,29.802699727335977],[-89.28068756312116,29.802512155426953],[-89.277890826469,29.801574391163552],[-89.27721943820208,29.801733956916273],[-89.27698483508078,29.80253504409997],[-89.27777066512165,29.803523050586392],[-89.27798238006781,29.804485006048235],[-89.27798238006781,29.80551306733496],[-89.27777066512165,29.806338298194838],[-89.27713933093662,29.80727671308449],[-89.27743306386485,29.80787627279965],[-89.27745595203999,29.808379812540064],[-89.27724423619549,29.809065806606103],[-89.2775619586334,29.80934051391723],[-89.27807393187001,29.80936209700114],[-89.27931752541336,29.808791800053026],[-89.28129028596442,29.80737208122589],[-89.28389191033348,29.805972087266092],[-89.2856256920695,29.805514323083685],[-89.28704475802886,29.80434702573194],[-89.28851532440348,29.803774820039134],[-89.29014420088062,29.8025388582287],[-89.29177307645944,29.80180643605142],[-89.29578939289077,29.801120441305823],[-89.29707876008942,29.801165566827034],[-89.29784169926023,29.801394448607358],[-89.29831472154612,29.801805179476606],[-89.2991667439487,29.801965196198495],[-89.30062642992861,29.801210086642715],[-89.30385804100979,29.800501809041194],[-89.30501389520104,29.79965113061795],[-89.30579152991157,29.79926649745799],[-89.30635352224152,29.799261403991327],[-89.30705800983341,29.798598925266237],[-89.30821633439169,29.796309456323712],[-89.30832123785395,29.795001013377203],[-89.30813813245295,29.794405921388847],[-89.30813813245295,29.793398841353522],[-89.30832123785395,29.792872412503666],[-89.30945038872504,29.79152200980525],[-89.30952993364514,29.79074446175525],[-89.31023946797231,29.78952757348008],[-89.31239095733228,29.7876049662521],[-89.3129980576659,29.787283880124516],[-89.31754136357215,29.78659723383562],[-89.31917023915096,29.786089879632634],[-89.31969560357352,29.786068064654],[-89.31993070975136,29.78641031313942],[-89.32111135744444,29.786730748739036],[-89.32171598830935,29.788084966056],[-89.32214132622335,29.788474716722146],[-89.32305741737031,29.788611395140634],[-89.3235819382748,29.78785608345628],[-89.32381844941776,29.786501866161178],[-89.32426229891482,29.78602186500273],[-89.32552552693532,29.785311679702676],[-89.3279628656086,29.784420459082916],[-89.3309380202526,29.78460089059536],[-89.33166853563152,29.784693698943098],[-89.33303610566723,29.785266554828365],[-89.33708159219248,29.787669163551627],[-89.33829275924903,29.788791335737997],[-89.34007803870531,29.791450179637714],[-89.34007803870531,29.791930832227603],[-89.3391091050601,29.792571701355122],[-89.33878867060835,29.793029465511882],[-89.33887259391713,29.7938305522302],[-89.34005133538518,29.794447881765127],[-89.34359709720272,29.795294744808768],[-89.3440987308304,29.795755066718545],[-89.34428183533309,29.79605452100863],[-89.34428183533309,29.79676214720654],[-89.34404532419012,29.797588029459792],[-89.34346549042033,29.79838911632181],[-89.34231345137411,29.799121538573043],[-89.34241644950964,29.799490912973372],[-89.34271784955881,29.79958094485833],[-89.343839330614,29.799327531730476],[-89.34542318622407,29.799878355468746],[-89.34676138943482,29.799602189393564],[-89.34949271436125,29.799920717345387],[-89.35108591334856,29.79950998653451],[-89.35261313826477,29.7994190846285],[-89.355184245067,29.800105730251918],[-89.35570685884817,29.801295264488157],[-89.35629813625637,29.8016144426209],[-89.35841147865781,29.800975481209466],[-89.35977714067185,29.80023924428299],[-89.36114830127376,29.799944726012647],[-89.3616959331356,29.8011541203857],[-89.36269347902095,29.80177210162058],[-89.36315696299515,29.802323981385403],[-89.3635894928213,29.80227465327298],[-89.36379785076325,29.80204735435485],[-89.36387412671402,29.800697008440633],[-89.36454899235943,29.79908607211674],[-89.36615913087806,29.799941045863736],[-89.36568992373716,29.80023924428299],[-89.36568992373716,29.800582566818115],[-89.36708038015138,29.802435858773073],[-89.36792533640593,29.80454222308464],[-89.36823814146597,29.804929415287862],[-89.3685662053094,29.805068652114105],[-89.3689482390368,29.80493067104393],[-89.37023569911213,29.804129585116932],[-89.37169300635314,29.804242434073064],[-89.37212778915402,29.80410669680875],[-89.37212778915402,29.80383203904079],[-89.37186210432391,29.80353323552659],[-89.37186210432391,29.803121248178748],[-89.37233569165012,29.802847846605264],[-89.37505309987615,29.802847846605264],[-89.37661521895126,29.80305258332585],[-89.37759178198822,29.80335585247719],[-89.3782440954284,29.80408762256501],[-89.37811248954434,29.80488870960763],[-89.37756126442137,29.805163367592073],[-89.37553336887146,29.805369720122922],[-89.37536399871115,29.805528322615306],[-89.3754021456697,29.806056006873654],[-89.37568102764965,29.806169685360434],[-89.37769287120376,29.80591867803208],[-89.37837760933414,29.806195895334724],[-89.37968986560624,29.80731932281742],[-89.38068897905175,29.80775405252017],[-89.38289230569521,29.808073982492644],[-89.3833138293625,29.80826155332541],[-89.38394325462757,29.808878883452262],[-89.3844429802336,29.810344378829114],[-89.38544243144565,29.81087080693804],[-89.38684122153076,29.8111213115697],[-89.38883089466367,29.810807263667666],[-89.38922088926111,29.810965523936236],[-89.38914268822069,29.811949715216],[-89.38929909119986,29.81220148528055],[-89.39050835113305,29.8119726040676],[-89.39001244067202,29.81304899928207],[-89.39001244067202,29.813392322275636],[-89.39019554607303,29.813598316441215],[-89.39181153801405,29.813851831371117],[-89.39426201365004,29.813440005779924],[-89.3962075094339,29.812526385475927],[-89.39739006694528,29.812457070020585],[-89.39944237421305,29.81314436659542],[-89.40177696897402,29.81424234837391],[-89.40256279811658,29.814332645232266],[-89.40261620296022,29.813874881127017],[-89.40235545886415,29.813326821137885],[-89.40103748122202,29.812232002372337],[-89.40304019699454,29.81204508279828],[-89.4077660459564,29.81119821891448],[-89.40790337500712,29.811450640142798],[-89.40698021771215,29.81183973937862],[-89.40646141458444,29.81231275847275],[-89.40624207383982,29.812640175860523],[-89.40623246545954,29.81307505078908],[-89.40724152415358,29.812987312429176],[-89.40860718706595,29.813696846897336],[-89.4122311499239,29.814131721906794],[-89.4136502185782,29.814520820842144],[-89.41391533657138,29.815437008214456],[-89.41424086536911,29.81555045780394],[-89.41538456176129,29.815505012981106],[-89.41624993402729,29.815229098933806],[-89.41656711837435,29.81497858432837],[-89.41666955236786,29.814567248952645],[-89.41687554504567,29.814477602337526],[-89.41757568209665,29.814908388279946],[-89.4182106894929,29.81477514947723],[-89.41875863666337,29.814932328658625],[-89.41948345492679,29.814887031642918],[-89.41986627018848,29.814731280273413],[-89.42019051798859,29.814841255268746],[-89.42053384151377,29.816058143510112],[-89.42019051798859,29.816859231311245],[-89.42261285210168,29.818957965677164],[-89.42149637825587,29.819734139404467],[-89.42066601153984,29.818095193065776],[-89.41979816711016,29.81720255369164],[-89.41882542011653,29.816813454281228],[-89.41801232530848,29.816264789217865],[-89.41644834941567,29.816059396788244],[-89.41601342378266,29.816169421763185],[-89.41599053470922,29.816651981240575],[-89.41627663824575,29.817065223789793],[-89.41662870148032,29.817201353426587],[-89.41772240842359,29.817088113029193],[-89.41787881140274,29.81724832976408],[-89.41782922080581,29.817798297243314],[-89.41751260060076,29.818140969508843],[-89.4157254140211,29.818850503255156],[-89.41488427291156,29.820548694824744],[-89.41346559322774,29.822058900668427],[-89.41372841961862,29.82221888108603],[-89.41330689595134,29.825289713838615],[-89.41056517931372,29.825928427934414],[-89.4089337821639,29.825612792295118],[-89.40865868568454,29.82586256950679],[-89.4088951977258,29.82622687306122],[-89.41151970937169,29.82728098617344],[-89.41191643863883,29.827762289533776],[-89.41188782909364,29.82821940166918],[-89.41141480501112,29.82881449508352],[-89.4104134466757,29.82918135722739],[-89.40897149074458,29.829066916252067],[-89.40844506271671,29.82856337627414],[-89.40826195731573,29.827920600113963],[-89.40849846845869,29.827600164750802],[-89.4091047630035,29.82757946388868],[-89.41021968276387,29.828125517732158],[-89.4106804762838,29.827762289533776],[-89.41065433620736,29.827418315288572],[-89.41046685331597,29.827235860747315],[-89.4097496886988,29.827098531381456],[-89.40718621218657,29.82721297305228],[-89.40576714443058,29.82819716492093],[-89.40540093362858,29.82819716492093],[-89.40484398713559,29.82744185444231],[-89.40395134830574,29.827256841454485],[-89.40362580782993,29.826362812536107],[-89.40327233244373,29.826408071620364],[-89.4026924977756,29.827441855221636],[-89.40054100751732,29.828860923569046],[-89.39909142309278,29.82925002206136],[-89.39767235443847,29.829318686068838],[-89.39701280956024,29.829707835770805],[-89.39549225643165,29.830164898483265],[-89.39504784189427,29.830783531146633],[-89.39501923234911,29.831286420145354],[-89.39454621006321,29.831629742844846],[-89.39209673335381,29.831879279026413],[-89.39153831991196,29.83169905825358],[-89.39089208267633,29.8317218662138],[-89.39021080485644,29.83188216391514],[-89.39005496601926,29.831721295001827],[-89.39010399247421,29.831447288200312],[-89.39121063515756,29.83085162600052],[-89.39123752083569,29.830367077748967],[-89.3906215128077,29.83007020980628],[-89.38962334169493,29.830091162643125],[-89.38853099300438,29.829771985008495],[-89.38811137735875,29.8286046879665],[-89.3875601531341,29.827712047369413],[-89.38729637632565,29.827460929686204],[-89.38670790435609,29.827296956660376],[-89.3850627854403,29.827525191808043],[-89.3837754089083,29.828806866492492],[-89.38214653243116,29.829173077949253],[-89.38183372737113,29.829585716212623],[-89.38185661644457,29.830065717184578],[-89.38243644931607,29.83089415710892],[-89.38235443313062,29.83185481045928],[-89.38251274323316,29.833137199527457],[-89.38311546607639,29.833983411552506],[-89.38577049708574,29.83696334229491],[-89.38673942983266,29.83753489595216],[-89.38731768975408,29.83776761557421],[-89.39083641587482,29.838018105788024],[-89.39123314424363,29.83817832325646],[-89.39162605836574,29.838706007384992],[-89.39183777421022,29.83939265359676],[-89.39178436846827,29.839987745915337],[-89.39154785732534,29.84026621911841],[-89.39094322735873,29.840517988764642],[-89.38981407648764,29.84054152950736],[-89.38926150838331,29.840353956908586],[-89.38734462214461,29.83909510727671],[-89.38646470166258,29.838867332585767],[-89.38584679100282,29.83900420629437],[-89.38542717356054,29.83921019910353],[-89.38410919502012,29.840537063070464],[-89.38319175999348,29.841222452303448],[-89.38232200933876,29.84161280781714],[-89.38019340815391,29.842185012772333],[-89.37617271513052,29.84250609873831],[-89.37505249980155,29.84279948803038],[-89.37438743657252,29.843143152966537],[-89.37315147421751,29.844287562321487],[-89.37220352252237,29.844744675985353],[-89.36944358715246,29.8448864707133],[-89.36737602110125,29.845273663263914],[-89.36674278248782,29.845252681665325],[-89.3660790236126,29.84454124095005],[-89.36560769105775,29.844405649569097],[-89.36503477431562,29.845680486302374],[-89.3645836619395,29.846149136172727],[-89.36395233044941,29.846468919096925],[-89.36059348827958,29.847385097967756],[-89.35827704487724,29.847686082934437],[-89.35649077996905,29.8483724539193],[-89.3547875166982,29.849429776391215],[-89.353522944798,29.85057353480382],[-89.35333983939701,29.851122851386585],[-89.35446899026812,29.85155772636444],[-89.35686080501773,29.851809496370816],[-89.35757224646825,29.852197339910497],[-89.35780875850952,29.85261123483023],[-89.35728243648286,29.854556381235074],[-89.35807006495092,29.855406756795993],[-89.3580719729726,29.855704303596422],[-89.35731284715017,29.856620482640043],[-89.35733573532531,29.856963153421155],[-89.35781066563285,29.85748958213375],[-89.35781066563285,29.857878681289055],[-89.3572333031284,29.857993121974186],[-89.35660281695297,29.857535971580816],[-89.35624640048253,29.857513209248516],[-89.35610745536259,29.858094732739946],[-89.35649650223742,29.858981129487635],[-89.35652320555755,29.859736439083715],[-89.35607688569347,29.860309295860997],[-89.35442130769283,29.861133269482014],[-89.35400187081194,29.861522201738882],[-89.35410807503473,29.86172781388314],[-89.35443656557793,29.861749343583483],[-89.35685271658691,29.86049737475344],[-89.3570496335854,29.860583302941336],[-89.35699622874176,29.86076640784282],[-89.35536735136633,29.861842804055488],[-89.3552090421621,29.86254787202706],[-89.35225024853439,29.86322989898983],[-89.3523461104533,29.86305969319895],[-89.35222992415109,29.862991547076174],[-89.34985147812952,29.86328483721856],[-89.3480126132682,29.86305969319895],[-89.34682680475382,29.86278819830184],[-89.34592978753527,29.862395935128372],[-89.34459139208504,29.860884664130463],[-89.34364534661492,29.858801838745887],[-89.3430916538199,29.85884761601462],[-89.34204070398921,29.859786030984104],[-89.34139792616577,29.859988860790015],[-89.34055706712722,29.859877583818683],[-89.3398338999673,29.86035823618578],[-89.3387810448099,29.860404663252297],[-89.33788840418343,29.86063735995888],[-89.33765380016382,29.861620900731527],[-89.33694426673499,29.862650869518024],[-89.33812682244974,29.86297130383202],[-89.33965079546462,29.863749503066302],[-89.34017722349247,29.86448066811877],[-89.34044425310057,29.86601799169144],[-89.34083525830273,29.866957663542127],[-89.34107176944566,29.867186545770746],[-89.34149039155459,29.86722408435677],[-89.34138648252735,29.867293356362953],[-89.340250774853,29.86742740773214],[-89.34017722349247,29.86672943281682],[-89.33962656251153,29.865744589247413],[-89.33946769006364,29.86466568070675],[-89.33605028312716,29.86329173867511],[-89.33507753613354,29.86315440980521],[-89.33507753613354,29.862353322392348],[-89.33476035178653,29.86205642799653],[-89.3345772454872,29.861304932263785],[-89.33330313617365,29.860339813062218],[-89.33280722571264,29.860339813062218],[-89.3316094121128,29.86072891279155],[-89.33092276506244,29.86072891279155],[-89.33021323163359,29.860454254820624],[-89.32841495894502,29.859310669604106],[-89.32784811750915,29.85940139862538],[-89.32648245639342,29.860019379647316],[-89.32339255095503,29.86081855841938],[-89.32182852385826,29.860522919968524],[-89.32104135173435,29.860110280975203],[-89.31951681817073,29.858874970647506],[-89.3192026674344,29.858370778498497],[-89.31912008800526,29.85594146688168],[-89.31836152632486,29.854819294930326],[-89.3164955763594,29.853606872449642],[-89.3152582692264,29.852965351314012],[-89.31461509255097,29.85285225195403],[-89.3142086641737,29.852965351314012],[-89.31394735773229,29.853332213578845],[-89.31320921475827,29.8555746048569],[-89.31294599939687,29.855917928211273],[-89.31200186105012,29.8556439207882],[-89.31092611592098,29.856906586544834],[-89.31047598181019,29.85724990921317],[-89.30924002035349,29.857753449483706],[-89.30867544446878,29.8578659823561],[-89.30720770419406,29.857593055408135],[-89.30624445778288,29.857661691361447],[-89.30532613971232,29.858211212790508],[-89.30508962856938,29.858646088830934],[-89.30514303341303,29.86004226839462],[-89.30490652227007,29.860980684595955],[-89.30495611376533,29.861395834757868],[-89.30561605749556,29.862243348277747],[-89.3058764557402,29.863065724488877],[-89.30669180082806,29.863317186574847],[-89.30757425905078,29.86386558388651],[-89.30931193947514,29.863069365698863],[-89.30989805516373,29.863204001565197],[-89.31023947156555,29.864003831809462],[-89.31075243025404,29.864188194015597],[-89.31100250775441,29.86409681106831],[-89.31108308214381,29.863684653491752],[-89.31079316525891,29.86327266560016],[-89.3107887868702,29.8629528827489],[-89.31200186194842,29.862241441184082],[-89.31276480111923,29.862380677622387],[-89.31305471800412,29.86265342865896],[-89.31305471800412,29.8629528827489],[-89.31268469295546,29.863295554380365],[-89.31181875654742,29.86357086359172],[-89.31163565024812,29.86377685791359],[-89.31158224540448,29.864188844502564],[-89.31201543279744,29.865608821004734],[-89.3123147047377,29.865539162995137],[-89.31315827758672,29.864211081806765],[-89.31376234520795,29.8640966404614],[-89.31477542835447,29.864485739565232],[-89.31518197530933,29.8637304292998],[-89.31606832952542,29.86322944870827],[-89.31651846453452,29.86327140979817],[-89.31685180957352,29.863591496229784],[-89.31715226728996,29.863547324383518],[-89.31744218417488,29.86327266560016],[-89.31828085491738,29.863135987197843],[-89.31596914833155,29.861030275099065],[-89.31612802077944,29.860430715656335],[-89.31667924500408,29.860178945580703],[-89.31718222161312,29.860156708936128],[-89.31828085491738,29.860612565002324],[-89.3196236287563,29.86150901870212],[-89.31973044024024,29.862447435134122],[-89.31959501831285,29.863066672574558],[-89.31891409532747,29.86368339769494],[-89.31917540266721,29.86503887078975],[-89.31880633791756,29.865173218877985],[-89.31842581335985,29.864947970056157],[-89.31799093803248,29.86496894985253],[-89.31775880437992,29.86474132455246],[-89.3178078326315,29.864118272482212],[-89.31712402066418,29.86405125355602],[-89.31641928244231,29.864627535078377],[-89.31562773372636,29.866000174905214],[-89.31518331918898,29.866344149481904],[-89.31486131088887,29.866386416191656],[-89.31364218206397,29.865703280453594],[-89.31326175182934,29.865722300870033],[-89.3118797925794,29.866567309748127],[-89.31131521579638,29.866204912341946],[-89.31108308214381,29.864989279941643],[-89.31091268700577,29.86485403417349],[-89.30951467755666,29.865447694814304],[-89.3087669980676,29.86482971390954],[-89.30801931678188,29.864761049388004],[-89.30719152733242,29.865309715315792],[-89.3060067402025,29.8656798959934],[-89.30457217201626,29.866455599193426],[-89.30368581959678,29.866344149481904],[-89.3015572175136,29.866637881594322],[-89.30109182372111,29.86648147863595],[-89.30043569693254,29.86588638530872],[-89.30002988300294,29.865795280466617],[-89.29883352287723,29.86609237952444],[-89.2968346213514,29.86691635369256],[-89.29549375553412,29.866961479886154],[-89.29224935334163,29.8682610350817],[-89.2919199456185,29.867968560374784],[-89.29189077193134,29.86739700643267],[-89.2909739001484,29.866549492280953],[-89.29102539966532,29.866133689715152],[-89.2916794234978,29.865723697642782],[-89.29337870004545,29.866090431995733],[-89.29388967794874,29.865950949112797],[-89.29381337954008,29.863158877567432],[-89.2935637889266,29.863021987890676],[-89.292944343046,29.863112992432384],[-89.29191938237483,29.863661766358884],[-89.29160523343512,29.863661766358884],[-89.29122443129798,29.86311386495124],[-89.29081502680219,29.863181765594696],[-89.28997579461263,29.863959312699215],[-89.28890004858516,29.864438708316364],[-89.2890297482442,29.865771945105763],[-89.28900113869902,29.865927697142727],[-89.28873072423893,29.865974257945307],[-89.28834310299047,29.865699465619493],[-89.28803029703212,29.864738161722993],[-89.28778136218881,29.864532601743804],[-89.28707662306863,29.8646199068858],[-89.28637528137686,29.864188194794643],[-89.28484883889324,29.862952883527946],[-89.28479543315129,29.8626972986341],[-89.28492951119902,29.86217021962345],[-89.28540578538625,29.86180275180402],[-89.2859283982691,29.861804008403556],[-89.2871090477588,29.862151145555103],[-89.28726735786132,29.86299800839792],[-89.28746655927557,29.86308758732753],[-89.28795265923539,29.862906455309826],[-89.28863301987538,29.861873323903886],[-89.28922048393522,29.861533815773136],[-89.29005399475473,29.862425804309147],[-89.29081542834913,29.862448993992988],[-89.29160523253681,29.861392020538148],[-89.29182729517673,29.86130964317203],[-89.29299703552563,29.862425804309147],[-89.29391884804264,29.862425804309147],[-89.29423299698234,29.862220178801202],[-89.29433846368826,29.861483572678463],[-89.29415556849305,29.86125495470969],[-89.29305044036929,29.860751802934278],[-89.29302430029283,29.86006450584375],[-89.29282840647544,29.85974472283992],[-89.29102864977001,29.85974472283992],[-89.28925114343586,29.85921834263781],[-89.28819051515632,29.859264070634424],[-89.28687606789325,29.858783155126144],[-89.28537526692111,29.858642274506128],[-89.28464150143746,29.858206747143978],[-89.28432678745746,29.85779476001016],[-89.28416847735494,29.85676479174745],[-89.28351044254471,29.856101034660085],[-89.2834831768792,29.85559814594559],[-89.28331492152817,29.855461220188214],[-89.28295865507638,29.85550594175835],[-89.2816978983212,29.856742555121258],[-89.28109517547797,29.857108766215724],[-89.28009572426589,29.857200319168953],[-89.27875295132527,29.856811218927348],[-89.27817311665717,29.856445008299403],[-89.277097371528,29.85518043570809],[-89.27670502064956,29.85492992231918],[-89.27531209386832,29.854678803719462],[-89.27464272591246,29.85428980661874],[-89.27418294299723,29.854335480777866],[-89.27378621373008,29.854724579762756],[-89.27333989386601,29.856326102445845],[-89.27291836930041,29.85713100353936],[-89.27239766354091,29.857749635903822],[-89.27184671240413,29.857999594526586],[-89.27105354492402,29.857794760789243],[-89.27042165019022,29.85721939262539],[-89.26958107142603,29.855982779716342],[-89.26908040618223,29.85596022037243],[-89.26887288277517,29.856141740518186],[-89.26887288277517,29.856601411406384],[-89.26937070035953,29.857378958360805],[-89.26947560472011,29.85806560472051],[-89.26936879233789,29.859602928179214],[-89.2699734232028,29.86065578458565],[-89.26981892824529,29.862147982643517],[-89.27003928139122,29.862307549068735],[-89.2707878609922,29.862307549068735],[-89.27147450624594,29.862903293201242],[-89.27147450624594,29.863839801144156],[-89.27118458936103,29.864093478390537],[-89.27170529601885,29.865122796104338],[-89.27157559635981,29.86579036878452],[-89.27189030854318,29.8665685662876],[-89.27191701276163,29.867459949716558],[-89.27081074916732,29.869776727262458],[-89.27068870584947,29.870915313822064],[-89.27104726031028,29.871310236404792],[-89.2730194603126,29.871150018355635],[-89.27541127596054,29.871400531534896],[-89.27752679857316,29.871813247694835],[-89.27848754946449,29.87170324661636],[-89.27956604523503,29.871333124120092],[-89.28101181541285,29.870692255200506],[-89.28158974295762,29.87018871478378],[-89.28179708041341,29.869868930728526],[-89.28237691508153,29.86700790777554],[-89.2830025252016,29.867042239269114],[-89.28321805619109,29.86810588962995],[-89.2834165569194,29.868172854419054],[-89.28421737714743,29.86790133292641],[-89.28515247934075,29.86817252568308],[-89.28558564068256,29.867899895676285],[-89.28542732968172,29.867236138642795],[-89.28561177806407,29.866664584399942],[-89.28611206871041,29.866457940114394],[-89.28637337605015,29.865904808966285],[-89.28682160124094,29.8655843739453],[-89.28722158151108,29.86556213694716],[-89.2876869753036,29.86585903181871],[-89.28753438746942,29.866458591365582],[-89.28634578968608,29.866847346286477],[-89.28608480124826,29.867099460216483],[-89.28608480124826,29.86744213240887],[-89.28739705931699,29.868197442621366],[-89.28929105558393,29.868586541313377],[-89.29063192229951,29.86913650892589],[-89.29152456112935,29.869849206123785],[-89.29488912646585,29.87349224275453],[-89.2955986598947,29.8736969803952],[-89.29864907359656,29.873766901447187],[-89.29964661768528,29.873236658374218],[-89.29961935201979,29.872939762088794],[-89.29867330565135,29.87211578781481],[-89.29832998302449,29.871612247572887],[-89.29854226301097,29.87085628706395],[-89.29932943423654,29.86943786921113],[-89.29932943423654,29.869002994239356],[-89.29890981679429,29.868678745100443],[-89.29935860702541,29.86753368367234],[-89.29977956834732,29.867465670698248],[-89.29989482758818,29.868882868649703],[-89.30019974903327,29.868838311208915],[-89.30098748350254,29.86822033027182],[-89.30283132772547,29.868175204647596],[-89.3037487618538,29.86870098218292],[-89.30505911100254,29.868768389818246],[-89.30650869632538,29.869734765013387],[-89.30663839598444,29.87035339714305],[-89.3061424864217,29.87090271314092],[-89.30508772144603,29.87092495050667],[-89.30414358399759,29.871680912053165],[-89.302985822683,29.872252465600432],[-89.30285421590061,29.87289780117024],[-89.30314400522474,29.873126586422487],[-89.30349424937087,29.873235678447966],[-89.30419564496155,29.87312603102647],[-89.30627274842612,29.872183800734657],[-89.30676809564345,29.87179535248889],[-89.30800405799847,29.869277652049806],[-89.30895010257026,29.868722613984513],[-89.30890124230366,29.868586986117805],[-89.30787435923776,29.86851852672],[-89.30669180172639,29.867717441085322],[-89.30674520836665,29.86735122996971],[-89.30732369735848,29.866297721283647],[-89.3075539238877,29.866162951706617],[-89.30808798130727,29.866298372535894],[-89.30818907052281,29.866869926539508],[-89.3095299372384,29.86719036132701],[-89.3097130435377,29.86744213162985],[-89.30974356020623,29.86849373216373],[-89.30985889580386,29.868608178592716],[-89.31039834401344,29.8684949879],[-89.31084219261217,29.868175204647596],[-89.31218553149142,29.86794567188751],[-89.31414383455629,29.868012885284063],[-89.31484056070413,29.867854118665107],[-89.31525961400439,29.867557223498157],[-89.31551901332246,29.867078478531088],[-89.31629627613046,29.867349277012597],[-89.31875634846864,29.866389274376257],[-89.32150264920917,29.866274833192097],[-89.32309500467842,29.86590736568674],[-89.3261683065554,29.86379909453056],[-89.3261683065554,29.86361598818224],[-89.32524649403841,29.863021546956652],[-89.32519308829644,29.862655335744734],[-89.32533041734719,29.862447435134122],[-89.32577292206625,29.862172775660547],[-89.32674813942691,29.862013815115525],[-89.32838217582703,29.86194580149509],[-89.32916800407128,29.862128907012867],[-89.32958762061521,29.862491303641782],[-89.32969443209912,29.86292999389015],[-89.33021513875693,29.86352443488209],[-89.33029715494239,29.864669496359465],[-89.33003203335593,29.86508083111882],[-89.3284814324794,29.865904754435395],[-89.32851187638438,29.86629455772455],[-89.32900778594708,29.866824149834734],[-89.32903448926723,29.86719036132701],[-89.32861296559993,29.867648124191614],[-89.32745901943035,29.867990191556174],[-89.32668227944184,29.867809922219934],[-89.32632986855926,29.867969210058103],[-89.32587973444848,29.868884737445928],[-89.32522360676158,29.86913650736794],[-89.32488028413474,29.869708712701545],[-89.32298819319449,29.87113159488767],[-89.32112280557442,29.871932029934634],[-89.32020346342443,29.87277954432002],[-89.32020346342443,29.87314510455467],[-89.32099028340876,29.873145320325637],[-89.3252508733254,29.8712682732428],[-89.32811514711724,29.869685824613494],[-89.32858817030147,29.86975383763208],[-89.32869498178538,29.870141680770296],[-89.32777367052829,29.870467231499383],[-89.32756201576926,29.870741844771928],[-89.32924429888666,29.87074249599517],[-89.32978217055292,29.87139797261833],[-89.32940451611253,29.871589359142646],[-89.32893149292832,29.872321780073964],[-89.32890860475321,29.87277954432002],[-89.3295609181934,29.873625756106428],[-89.33044357943537,29.873852770691606],[-89.33213831050766,29.8732824329156],[-89.33289877931145,29.87323730802322],[-89.33447644912243,29.87392334361582],[-89.33728949558689,29.87419796061609],[-89.33823935710032,29.874473270122284],[-89.33886687434374,29.875182152109627],[-89.3389717796026,29.875594791865886],[-89.33878295103494,29.876311303307595],[-89.33733908798047,29.877296146937827],[-89.3373104793336,29.877707483381567],[-89.3376003953202,29.87805080614014],[-89.33773200300091,29.8792638795606],[-89.33797997125697,29.879426402604757],[-89.33833090980082,29.87932556598799],[-89.33890378432213,29.879436419352682],[-89.33926169648751,29.88020676111499],[-89.34052054791597,29.881921467872086],[-89.34067694999683,29.882403376306495],[-89.34033744161667,29.88506096428312],[-89.33984153205395,29.88581627504029],[-89.3387848590566,29.886710169598846],[-89.3383919458328,29.887237249792864],[-89.33851075880891,29.88762328033376],[-89.3387854231986,29.88755703345728],[-89.34007479039725,29.886298182563714],[-89.341440451513,29.885863307892784],[-89.34206931443269,29.884370504223487],[-89.34206931443269,29.883273777814942],[-89.34219901499004,29.883022007749386],[-89.34319846530379,29.882219015050786],[-89.34459330010671,29.879973412932603],[-89.34569765567934,29.879057885281505],[-89.34608429057762,29.87894581795256],[-89.34726094256432,29.87923865538085],[-89.34753652772717,29.879149239725038],[-89.34780539888162,29.878807550232196],[-89.35148399008862,29.879563984029588],[-89.35182159134541,29.880591394272024],[-89.35224311501273,29.881278040559476],[-89.35305755280213,29.881964685234173],[-89.35405700401421,29.88235378474415],[-89.3542401103135,29.882609369905733],[-89.3542401103135,29.88320064744149],[-89.35366599701543,29.88453262795315],[-89.35206000961172,29.88595104532338],[-89.35145537964512,29.887003901707878],[-89.34924857652153,29.888175664855307],[-89.34856956065951,29.888335882811923],[-89.3466469530508,29.88835877129295],[-89.34638755283439,29.888610541121952],[-89.34638755283439,29.889020621365315],[-89.34670035789442,29.889844595374754],[-89.34641044100951,29.88998764768744],[-89.34543171393105,29.890121476185133],[-89.34506766806889,29.889964758801657],[-89.34488456176959,29.889415442656638],[-89.34454123914271,29.889117895926333],[-89.34386222328071,29.889068304588417],[-89.34270446196614,29.890513424719508],[-89.34254996700862,29.891109168617913],[-89.34259955850388,29.89209270878194],[-89.3422848454222,29.89260006377517],[-89.34217797824273,29.89317197560808],[-89.34349601247872,29.89317292029246],[-89.34429431562732,29.893532063242958],[-89.34472196760149,29.89336130559224],[-89.34609763594948,29.89364975733434],[-89.34746329886185,29.894888882181036],[-89.3479897268897,29.895574272727032],[-89.34871451910197,29.896100700940167],[-89.34927965823037,29.895987515752495],[-89.35031759237087,29.894780473477795],[-89.35057609247535,29.895490348115896],[-89.35138480889472,29.895801246687824],[-89.35146110191349,29.896217048609373],[-89.35093467388562,29.898025215728524],[-89.35038535768265,29.899213494372777],[-89.34854667338271,29.901485147087197],[-89.34802024535486,29.90249031990568],[-89.3478066205904,29.902377785983756],[-89.34773032757163,29.90194291138333],[-89.34733475982615,29.90187414937577],[-89.34712760472839,29.902236642209825],[-89.34660989035879,29.90219476915763],[-89.34591453144681,29.902656259511435],[-89.3451000936574,29.903685576343467],[-89.34391753704433,29.906962401965338],[-89.34325950133578,29.908153239451323],[-89.3417641396627,29.909484568794703],[-89.34186713689991,29.909964570154113],[-89.34210364804287,29.91010189918758],[-89.34415651855431,29.909777649776526],[-89.34462954173853,29.90936566154548],[-89.34589029849369,29.907191284251727],[-89.34681154866534,29.906413086069904],[-89.34825675649779,29.90650082409894],[-89.34959952943841,29.90737313320975],[-89.35033385906405,29.907671935964355],[-89.35058372186708,29.90769356787666],[-89.35112406479867,29.907397278015626],[-89.35143821463669,29.906774226150517],[-89.35146548030218,29.906134612920358],[-89.35110000881369,29.90482011031208],[-89.35114829685345,29.904052438186074],[-89.35146110191349,29.90308731993051],[-89.35191123692258,29.90262764912007],[-89.35267283221371,29.90251446433755],[-89.35269706426851,29.902217568795727],[-89.3524071473836,29.901576699803194],[-89.35261942647175,29.901095396470136],[-89.35611503444865,29.8975216754922],[-89.35613792172546,29.896783531895785],[-89.35569407312673,29.89605236535067],[-89.35566489943956,29.89536637142091],[-89.35629679507166,29.892066005775046],[-89.35650413252745,29.891702353675374],[-89.35890167044374,29.891932491412],[-89.35902946387775,29.892156302360906],[-89.35966270428783,29.892499625211578],[-89.36162646731299,29.892879797472162],[-89.36352317828872,29.892797171192836],[-89.36557548555649,29.891925513277368],[-89.36657510565183,29.891741828504355],[-89.36662834251052,29.891559302265865],[-89.36586540244139,29.891124426402516],[-89.36545942052685,29.890666011160462],[-89.36484171917455,29.890666011160462],[-89.36457603524273,29.89048355693997],[-89.36463000422839,29.889819148790973],[-89.36549784865807,29.890025141865877],[-89.36557548555649,29.88924759467413],[-89.36612480265778,29.888515172657254],[-89.36647575467634,29.888448415456487],[-89.36800529994095,29.88888032629305],[-89.36878123593729,29.888835018423233],[-89.36944033794609,29.88855648368606],[-89.37014987227323,29.887892726265434],[-89.37044426995477,29.887828492873865],[-89.37151804777345,29.888854211223837],[-89.37306755360366,29.889220240581295],[-89.37364738737348,29.890021327183117],[-89.37397573149129,29.890341761578945],[-89.37421224443086,29.890341761578945],[-89.37433078162418,29.89029598552228],[-89.37435692080231,29.889861761476183],[-89.3741432978345,29.88894623349783],[-89.37425010931841,29.888213810824382],[-89.3741199883495,29.887989128846925],[-89.37460869162702,29.888066945102786],[-89.37471741113256,29.89029598552228],[-89.37430356716264,29.891143419385447],[-89.37441032654428,29.89167309216761],[-89.37465446797725,29.89210671097704],[-89.37505119634606,29.89219951995923],[-89.37570685062079,29.89222494802273],[-89.37603907725727,29.891821285120937],[-89.3753586240908,29.89426216264347],[-89.37506519479314,29.893691805312525],[-89.37448662135968,29.893731772331122],[-89.37396457082218,29.893481258398232],[-89.37370079401374,29.893161475047727],[-89.37288476081638,29.890295765894354],[-89.37247751048065,29.89000169145601],[-89.37191551455744,29.890662847595387],[-89.37136047608611,29.8910322215598],[-89.37059753601699,29.892542843439855],[-89.36985072340217,29.891904793821965],[-89.36949699558937,29.89206284225446],[-89.3683144389763,29.893457114113914],[-89.36833732715144,29.893778804564143],[-89.36910026722055,29.89439678599838],[-89.36978691247427,29.89538544381014],[-89.37010162645427,29.89652920185501],[-89.37049700735018,29.896620754452],[-89.3710457630044,29.895749747549488],[-89.37133567988931,29.895749747549488],[-89.37170952098133,29.896115958739422],[-89.37170570673463,29.896803860172326],[-89.37125938597224,29.89753693307388],[-89.37013023599945,29.89776581520908],[-89.37013023599945,29.898177803129357],[-89.37071006976926,29.89902466534299],[-89.3708664718501,29.899622922787984],[-89.37081306700647,29.901957517268684],[-89.37118309205515,29.902758604280898],[-89.3723426724582,29.903491626365053],[-89.37341850652055,29.903903013581896],[-89.37415092902283,29.904538811439103],[-89.37436645821569,29.90493298177064],[-89.37452476921653,29.90534496964658],[-89.37431877384377,29.907638254647125],[-89.37441986485597,29.907980925348784],[-89.37551277589188,29.909087188863435],[-89.37615745994036,29.910300913198963],[-89.3767601827836,29.91380471343372],[-89.37691467774111,29.915934571129544],[-89.37796562667349,29.91792965875496],[-89.37851685089811,29.918501862762756],[-89.37951439588515,29.920725831879686],[-89.37853973907325,29.922167787300374],[-89.37832802322878,29.924757968050063],[-89.37764519312005,29.925422375980656],[-89.37759182690398,29.925651087378945],[-89.37790649956148,29.926657687824996],[-89.37790649956148,29.927641879772064],[-89.37879913928963,29.928053866345557],[-89.37922066295694,29.928694737014233],[-89.37922066295694,29.92933941984752],[-89.37882775063144,29.92977494710335],[-89.3783547265489,29.929935164333056],[-89.37840813229086,29.930415816031527],[-89.37885063790823,29.931284916075022],[-89.37924355203036,29.933371555855775],[-89.37990349396395,29.93350953689206],[-89.37992829105904,29.933875096226497],[-89.37966698371932,29.934425064009424],[-89.37976807293487,29.935591710659185],[-89.37958311520777,29.936442830521447],[-89.37963646525417,29.93756456092511],[-89.37908333390617,29.93838788427606],[-89.37921684960854,29.939120957006477],[-89.37950676649345,29.939347932141427],[-89.37908333390617,29.9401273861751],[-89.37952965466856,29.942626665044898],[-89.3799492712125,29.943518653330674],[-89.38358086346217,29.94517106841822],[-89.38510293025202,29.94610883334909],[-89.38744324548472,29.94647504381897],[-89.38791626866893,29.94674970292705],[-89.38847130714026,29.94732637257653],[-89.38975686009223,29.9492712181925],[-89.39207238361972,29.95206804246949],[-89.3953320419007,29.954703347008977],[-89.39764947255154,29.957271290801224],[-89.3980404777537,29.95800306157663],[-89.3980404777537,29.9586668186547],[-89.39772576736694,29.95967264298421],[-89.39722413284095,29.96041013585323],[-89.3962914399292,29.961093618423376],[-89.39580753545197,29.96073438529735],[-89.39585656370352,29.960384083905016],[-89.39559391248413,29.96004011022627],[-89.39419964002659,29.959353464477243],[-89.39014977511266,29.95939989211878],[-89.38922661781768,29.95930833888093],[-89.38851708349053,29.959033680996438],[-89.38767650652296,29.95845701075461],[-89.38678195967147,29.95733548951902],[-89.38616485569884,29.956924284985313],[-89.38451928043888,29.957130147027723],[-89.38373020119163,29.957060830853308],[-89.3823227702118,29.95660002311272],[-89.38154704621789,29.956668284229135],[-89.38107079359021,29.95696611478092],[-89.37999504846108,29.956874561636493],[-89.37978333351492,29.957102792902482],[-89.37978333351492,29.957743662449772],[-89.38052147648892,29.959510518608283],[-89.38049286604544,29.96049405944093],[-89.38017815296375,29.961570456270803],[-89.37772911822547,29.963948919877907],[-89.37772911822547,29.96422535336354],[-89.37816236670385,29.9643430899604],[-89.37999377464999,29.96422757058112],[-89.38028171344465,29.963976879929387],[-89.38030785352112,29.963082983219287],[-89.38054436466405,29.962785437158196],[-89.38251903413509,29.961710947780485],[-89.38367679544967,29.961298960509918],[-89.3844740026536,29.96120934457319],[-89.38570183705194,29.961480810226515],[-89.38646477801939,29.961871817121125],[-89.38772553387624,29.96294691024151],[-89.38880318792536,29.963500041175184],[-89.391568843767,29.96585626889569],[-89.39656419000903,29.966181774532856],[-89.39723716559908,29.96634066071703],[-89.39896172882365,29.965997412729823],[-89.40056390198063,29.966090221316204],[-89.40135163734824,29.966662425396148],[-89.40194369539242,29.967599620304537],[-89.4025629939493,29.967372175796427],[-89.40269250406382,29.96707506437339],[-89.40256280440478,29.96597643163937],[-89.40214184398117,29.965243358429987],[-89.40211704778439,29.964327830944228],[-89.40235355892733,29.963847178906544],[-89.40290187081384,29.963366933904258],[-89.40509004198012,29.963778513361724],[-89.40822381754371,29.96503801593219],[-89.40951318474237,29.965842916778975],[-89.41000909520338,29.966827109357347],[-89.41014070198577,29.968451518369818],[-89.41053552323125,29.96959658008021],[-89.41069574135544,29.97113390329915],[-89.41084832918959,29.97140790986256],[-89.41123001437066,29.971499462848747],[-89.4114554286249,29.96955015175459],[-89.41087750197845,29.968291301704813],[-89.41090173403323,29.967628195677168],[-89.41121891748196,29.967078227066914],[-89.41292981283948,29.965979588142023],[-89.41377038801039,29.963456822617857],[-89.4156935579645,29.96203901113094],[-89.4160077078025,29.96203901113094],[-89.41663904019092,29.962702769275776],[-89.41779870862887,29.962838841809614],[-89.41847963161423,29.963183419843862],[-89.419427585106,29.963229197412527],[-89.42003412219594,29.96350259928234],[-89.42179614876113,29.965087295493205],[-89.4220967555979,29.96515328377718],[-89.42255919303481,29.964948493642613],[-89.42288737186261,29.96450359627113],[-89.42400331570242,29.965079325563664],[-89.42395563133051,29.965385152182723],[-89.42313928641774,29.965911580897444],[-89.42292566344993,29.96627779158148],[-89.42292566344993,29.966872233874625],[-89.42363519867538,29.96854181493579],[-89.42355890386,29.969554617080135],[-89.42324037653161,29.970400829228232],[-89.42271966897547,29.970880224692753],[-89.41995019888715,29.971820547809337],[-89.41800661022664,29.971705455786505],[-89.41805810794693,29.972781201244402],[-89.4184014314721,29.97374697041546],[-89.419797611053,29.975417808624883],[-89.42045239486022,29.975394268610117],[-89.42076654379993,29.97436495186514],[-89.42176599501198,29.973426536007267],[-89.42247990772783,29.973101635399576],[-89.42389459709514,29.973031714827673],[-89.42760820642856,29.97351362276397],[-89.42979212047872,29.974249858899032],[-89.43042536088879,29.974591925918745],[-89.43142481299918,29.975462933131436],[-89.4327240410047,29.97690280102582],[-89.43366078801333,29.976492901481663],[-89.43476648566899,29.976332887652575],[-89.4344765696824,29.975120261368936],[-89.43536921030886,29.974479391818416],[-89.43539838309772,29.974158306891095],[-89.43450383534791,29.972529431048383],[-89.43452997542435,29.971637442344345],[-89.43489618712465,29.970378592281058],[-89.43381909721752,29.969325083677642],[-89.43381909721752,29.968981759618384],[-89.4340376725975,29.968918303829064],[-89.43475953091205,29.969321201994934],[-89.43522585715583,29.969325083677642],[-89.43578882595449,29.968934728673055],[-89.43677301838315,29.9670521753101],[-89.43816022469265,29.96536161290376],[-89.43947382484441,29.96332140076987],[-89.44363050124225,29.959837929241285],[-89.44520978712245,29.956473365753677],[-89.44562940276806,29.955920234632895],[-89.44739179315094,29.954340949483907],[-89.44875879994296,29.953540514159766],[-89.45033864816853,29.95317365178313],[-89.45095606655151,29.95281190715253],[-89.45168085876378,29.9532410598673],[-89.45117922513609,29.95381452097436],[-89.4503915203112,29.955737702283198],[-89.45042200823363,29.956239412488763],[-89.45160456574501,29.958236406737136],[-89.45213099377285,29.959838580660396],[-89.45233889447233,29.960890785834263],[-89.45228548873037,29.96217633912897],[-89.45039149156511,29.965381336496105],[-89.44978876962018,29.966094686019062],[-89.44812937557622,29.96714689110999],[-89.44826288948194,29.96888704478929],[-89.44802637833901,29.969390584326593],[-89.4498955811041,29.969985678027783],[-89.45155115910475,29.9708776659973],[-89.45276041903794,29.970973032609603],[-89.45344515896494,29.97124769173913],[-89.45581599266279,29.973017710786124],[-89.45556422273641,29.974494650832035],[-89.45512934651074,29.97452135351657],[-89.45497103640822,29.974841136185283],[-89.45521327071786,29.97649736727334],[-89.45470973086513,29.978919700119032],[-89.45336886504785,29.981074354238363],[-89.45187159445479,29.982560829165223],[-89.45110865438568,29.983043389602074],[-89.44865961874909,29.98403139560051],[-89.44429560399715,29.984992700465618],[-89.44413538677128,29.985175805432583],[-89.44418879430987,29.98586245169251],[-89.44403620467908,29.985994058265742],[-89.44360892460743,29.985793784245686],[-89.44271497423728,29.98583891259696],[-89.44271497423728,29.985518477516273],[-89.44344874061925,29.985221071006748],[-89.44344874061925,29.984992700465618],[-89.44231958974815,29.984534936182055],[-89.44013758282134,29.984534936182055],[-89.43706875006289,29.983665454218812],[-89.43645258482971,29.983756738359546],[-89.43592234165685,29.984145186384353],[-89.43486566955781,29.98432512843546],[-89.43417134550504,29.984010517135975],[-89.43402834269496,29.984305403157396],[-89.43434305667498,29.986323378939638],[-89.4342667627579,29.98902418554566],[-89.43446226131654,29.989296984243417],[-89.43476683241867,29.98923022616819],[-89.4351326991659,29.98858996040166],[-89.43605585556259,29.987695413723984],[-89.43679265555527,29.98737623575944],[-89.43760462297762,29.987262445566046],[-89.4386117035814,29.98730631512138],[-89.44103022254949,29.988155085237388],[-89.44197626712128,29.988841079116884],[-89.44247599362562,29.989825271033727],[-89.44242258788367,29.99030592342534],[-89.44142313667162,29.992320083972512],[-89.44197626801959,29.99351408385566],[-89.44205446906003,29.9941091769551],[-89.44129152988921,29.99507048149617],[-89.44129152988921,29.99539091686764],[-89.4420601913284,29.99600954863068],[-89.44263430282983,29.99720289808345],[-89.44305964343876,29.997684200933037],[-89.44339971326598,29.99770262276734],[-89.44368525355881,29.99703951704462],[-89.4443457596344,29.996397996952492],[-89.4456618301532,29.995894456631373],[-89.44653101936086,29.995000560053064],[-89.44737025244875,29.994636257124377],[-89.44824056544883,29.9943609469064],[-89.44992609867093,29.994292934196558],[-89.45092554988301,29.994452499740532],[-89.45306941074958,29.995549876919522],[-89.4534111092224,29.99555113338747],[-89.45358821028405,29.995286661702774],[-89.4560067283538,29.995595652798826],[-89.45645114109453,29.996809983365875],[-89.4563653106624,29.998143871317282],[-89.45663233847387,29.998816514614337],[-89.45794459654259,30.000383098970076],[-89.458448135497,30.00204821451775],[-89.458448135497,30.003310879554725],[-89.45815821861211,30.00427153252501],[-89.45737239036787,30.00532313322478],[-89.45510646013227,30.006770811619763],[-89.45350047272856,30.008097675039384],[-89.45339747549136,30.01008959806748],[-89.4527108293393,30.011420928769606],[-89.4514748669843,30.012244902711195],[-89.45044927659409,30.01233580508414],[-89.44957952593938,30.01219847565786],[-89.4485528081635,30.01181002773689],[-89.44823865922379,30.011374500552733],[-89.44822474432004,30.010596953428585],[-89.4478814216932,30.010596953428585],[-89.44776316567255,30.01077940752926],[-89.44789668137491,30.01270075944779],[-89.44805689770246,30.013183318821365],[-89.44842311030108,30.013591490938467],[-89.44777627119423,30.0139102812339],[-89.44751546421611,30.013825172993716],[-89.44713374130579,30.013961517737616],[-89.44689723016283,30.014236175407245],[-89.44692011833797,30.014739064156178],[-89.44789668137491,30.01570483510963],[-89.44831629702054,30.016551045966676],[-89.44889613168866,30.018954957378767],[-89.44865962054571,30.020354300090528],[-89.44737025334706,30.022277559549234],[-89.4463421907932,30.02298644260925],[-89.44331522851013,30.02383711876878],[-89.44178744214688,30.02470687099837],[-89.43900080435515,30.025050844672865],[-89.43857737266619,30.02537062789097],[-89.43691988664388,30.027434380664594],[-89.43346949267189,30.028876335713523],[-89.43205042401755,30.029151645033757],[-89.43052454477764,30.029151645033757],[-89.42830445018109,30.028718124359113],[-89.42741175116412,30.028825489563264],[-89.42504663883632,30.02621814300562],[-89.42433710450916,30.023536410309685],[-89.42328456466043,30.021612906152335],[-89.42303431468353,30.021363023839704],[-89.42283274980177,30.02140204509622],[-89.42159815019104,30.019759859081436],[-89.42359705261516,30.01826831216957],[-89.42357429469577,30.018084352758535],[-89.42294092402997,30.017787659872088],[-89.42252130748602,30.017375672667818],[-89.42211310852933,30.016143305283727],[-89.42186474770948,30.016252838712465],[-89.42133875087296,30.01714679118519],[-89.4213616390481,30.01973697127391],[-89.42068262318607,30.0207421436405],[-89.41967745060396,30.02115538778033],[-89.41920252029641,30.021590914014094],[-89.41973085544761,30.022345573298836],[-89.41917963212128,30.0231129793641],[-89.41863804681962,30.022804033521123],[-89.41801996368334,30.022849764936893],[-89.41612024424974,30.023719516494843],[-89.41362543136458,30.023627963444547],[-89.4121453284749,30.023124423656665],[-89.41117505005168,30.022688896381037],[-89.4099905872136,30.021842033220366],[-89.40933008113801,30.02103778310333],[-89.4089638694377,30.01998301998392],[-89.4088570588521,30.01744052324559],[-89.40941265966882,30.016753225838404],[-89.40943689262191,30.016433442829502],[-89.40859631475605,30.01618102182811],[-89.40859631475605,30.015700370303822],[-89.40838403566791,30.015472139120348],[-89.40846032958497,30.01494571100613],[-89.40901727517966,30.01471654077863],[-89.40909794748544,30.014533071825284],[-89.40917614852587,30.012995748477287],[-89.4100701321337,30.01217242484804],[-89.40920475896934,30.009928731370863],[-89.40930719206457,30.00862094156687],[-89.40817804119345,30.008506500513814],[-89.40717915232676,30.008208302522863],[-89.40562219317464,30.00701876803507],[-89.40510014263718,30.00575926730359],[-89.4051783436776,30.005412129031622],[-89.40543908777366,30.005183899069493],[-89.40543908777366,30.004932128568925],[-89.40519058591829,30.00479629495866],[-89.40459985468577,30.005000141766995],[-89.40362375338289,30.005046545739845],[-89.40264672861188,30.005384169753718],[-89.40244073503577,30.00497790478823],[-89.40073040561687,30.00374129143513],[-89.39996746644607,30.002364185292958],[-89.39962548769887,30.000972471804925],[-89.39903484360293,30.00004495304129],[-89.3985344837863,30.000287734148984],[-89.39773454211064,30.000075930765227],[-89.39745111016377,30.0003506758903],[-89.39809960935727,30.00156309908718],[-89.39828271385994,30.003146849656915],[-89.39772958341028,30.005229024051193],[-89.39641359912973,30.006694431643226],[-89.39643830818996,30.006854079153975],[-89.397863097316,30.007287704755015],[-89.39962548769887,30.00823184253689],[-89.40207070908876,30.01031401600805],[-89.40238732929382,30.010795319049855],[-89.40337915111417,30.012979233688686],[-89.40448922805685,30.016547233023974],[-89.40412110923319,30.01757720137368],[-89.40204400666694,30.019893373779535],[-89.40206689484208,30.020419151053833],[-89.40261811906672,30.020968467976015],[-89.40340966957932,30.02106002037089],[-89.40430421553249,30.021472008601833],[-89.40493554881924,30.02197429287047],[-89.40592074915763,30.023259707943776],[-89.4070673767526,30.023104474310927],[-89.40798921442241,30.025614770323525],[-89.40664453435848,30.027545658553134],[-89.40556497408431,30.028483422784067],[-89.40217370722429,30.029947011439344],[-89.39964074738059,30.03068134042909],[-89.39486006435548,30.03133975405854],[-89.39314050205212,30.03124973081921],[-89.3901518106951,30.030517922757063],[-89.38960916807638,30.030608680054627],[-89.38795251209739,30.031730383182385],[-89.38695306088532,30.032211035547817],[-89.38618630746781,30.032851253135426],[-89.38552827175926,30.033560786957324],[-89.38536996075842,30.03433898614966],[-89.38588494604619,30.03470393963086],[-89.38662146396786,30.034705197158225],[-89.38816011994605,30.03452600595234],[-89.3895813876762,30.03415969473657],[-89.3918206163883,30.0347318984198],[-89.3921243448707,30.03516562998551],[-89.39300508102302,30.03491500492264],[-89.39308709631015,30.035711019549648],[-89.39353150905089,30.036150966717248],[-89.393613524338,30.036979407418155],[-89.39375461104159,30.037068514020064],[-89.39526966648064,30.036543881135255],[-89.39616612135382,30.036429439644692],[-89.39745301818543,30.03658965676121],[-89.3981377563158,30.037299191035864],[-89.3985204017959,30.03743614274429],[-89.40069416847662,30.03720763808522],[-89.40298298688735,30.037184749639945],[-89.40379876945474,30.036796301619102],[-89.40556115983762,30.03750899875186],[-89.4071156486227,30.03766921567823],[-89.40864343498598,30.03808120409254],[-89.41098566093528,30.03986648246127],[-89.41383142494068,30.041541785486082],[-89.41454095926784,30.04259464263572],[-89.414754583134,30.044105263186484],[-89.41472406646548,30.04504749283851],[-89.41374941055189,30.04687789789288],[-89.4126555499967,30.04783150217671],[-89.41257987951045,30.04813674800753],[-89.41334314476968,30.04804775322414],[-89.42107789358919,30.049579172392427],[-89.42146082203861,30.04953548511458],[-89.42159680720968,30.04820922679303],[-89.42275456852428,30.04596236911216],[-89.42278070860073,30.04504749283851],[-89.42301778298736,30.044795071602522],[-89.42446546118684,30.044291532041353],[-89.42459650382725,30.04410716990549],[-89.4245430998819,30.043557853684497],[-89.4238869703984,30.042457313130132],[-89.42288752008463,30.041724891069645],[-89.42299298679059,30.03837874922165],[-89.42328290367547,30.0383329736445],[-89.42351941661506,30.037692103233997],[-89.42486218865734,30.036181482887702],[-89.42583684367264,30.035494838005405],[-89.4303643293484,30.034623830358235],[-89.43210001641113,30.034716639334807],[-89.43395546057934,30.035219471646734],[-89.43470736304857,30.035105738656316],[-89.43539210028061,30.03606578580157],[-89.43673487411954,30.037238154707964],[-89.43958063902326,30.038863867321737],[-89.44039641350582,30.03959577706241],[-89.44092341376052,30.03961917742412],[-89.44110651826318,30.03987094695635],[-89.44252749404086,30.04502395301132],[-89.44252749404086,30.046420133005103],[-89.44235964562665,30.047102963499313],[-89.44032832030898,30.04768154098729],[-89.43797274359791,30.049216306291935],[-89.43441744616365,30.051047362107862],[-89.43038912374854,30.05247024465041],[-89.42801963662532,30.052584637286714],[-89.4278351837514,30.052676237453174],[-89.42786188617323,30.052835198211927],[-89.42809839911278,30.052973784620868],[-89.42962618457774,30.053111113542073],[-89.43035064800661,30.053454141877694],[-89.43231305367739,30.053592534589647],[-89.43373270713495,30.05478195112016],[-89.43431635604978,30.054874154952525],[-89.43526240151989,30.055375787860104],[-89.43686648180025,30.055472410612353],[-89.43734522725282,30.055652353121765],[-89.43807764885678,30.0565939317701],[-89.43787165528067,30.05682346468556],[-89.43787165528067,30.05709812409994],[-89.43881770075079,30.057761880946526],[-89.43950434600451,30.05870029608814],[-89.44129153258417,30.05984405589702],[-89.44234438953818,30.060919799715663],[-89.44318934489442,30.06128856989711],[-89.44424220095014,30.06234333341671],[-89.4453603232045,30.062891254841148],[-89.44698115526826,30.06250164268232],[-89.44810267584934,30.062890741710696],[-89.44865227412332,30.06289199888025],[-89.44992868042905,30.062388772913362],[-89.451245987928,30.062411346877443],[-89.45177241595584,30.06252578789409],[-89.45207697358326,30.062846222192373],[-89.45244408449715,30.062846222192373],[-89.45485334812285,30.06103424012421],[-89.4570303083144,30.061107594247165],[-89.45793696894752,30.062179300897586],[-89.4585945950243,30.062227058901737],[-89.45867129857314,30.06325821006656],[-89.45956965967135,30.064059946838363],[-89.45988437275305,30.064791717813392],[-89.4631783646442,30.068088267562086],[-89.46377345719742,30.068361019012777],[-89.46481105536802,30.06829426129923],[-89.4654957934984,30.0684767156911],[-89.46691676837774,30.069163362042726],[-89.46839114899906,30.070101777160144],[-89.47031947977447,30.07104084417415],[-89.47071048587493,30.071387330468017],[-89.47091600424227,30.071921657973814],[-89.47160884787145,30.072623943355968],[-89.47218868253958,30.07296535940281],[-89.47293664409963,30.07319549725756],[-89.4775311665535,30.073306123597455],[-89.47813961076679,30.07427189355982],[-89.47969600847185,30.07559940802201],[-89.48111507622785,30.078780215634936],[-89.48225185649066,30.07944462385281],[-89.48347317001836,30.0805877047402],[-89.48420590513436,30.080522008560326],[-89.48460494666503,30.080656078781015],[-89.4854109887998,30.080359499429456],[-89.48628017800745,30.079215741172035],[-89.48630306528426,30.07861874140057],[-89.4859641201478,30.078318636103827],[-89.48598891634457,30.078043978050317],[-89.48749190740936,30.076899568800428],[-89.4877799162726,30.075823823757705],[-89.48806185611778,30.07566801561218],[-89.48905735114934,30.07588964588178],[-89.48967582325615,30.07534317159195],[-89.49081966966698,30.07540676531013],[-89.49110958565359,30.075244641127163],[-89.49138424375506,30.07460758630294],[-89.49444038152191,30.07206253120157],[-89.49446652070006,30.071742747107237],[-89.49412319717489,30.071284984450095],[-89.49417660291685,30.07020923900128],[-89.49380714021352,30.07004837115493],[-89.4934899567648,30.069591258355107],[-89.49312240208316,30.069499054236182],[-89.49256679946983,30.068538402131797],[-89.4931204949598,30.066313781157856],[-89.49374935608287,30.06505558195043],[-89.49501449212507,30.063517607865307],[-89.49593574139837,30.062785185279722],[-89.49725181281548,30.062098540549567],[-89.49743628904561,30.062078415565928],[-89.49776807281265,30.06248612897632],[-89.49793655094585,30.062464751561354],[-89.49809486104837,30.06230453353576],[-89.49811965634686,30.06164077604585],[-89.49833137219134,30.061156309073624],[-89.4985945866544,30.0608587631702],[-89.49912045143859,30.060674400775277],[-89.49869758299333,30.059416806308416],[-89.49847734393342,30.059328451435643],[-89.49577877517552,30.060241433212756],[-89.49406216293953,30.061479302608987],[-89.49409133483007,30.061228789214805],[-89.49448615607552,30.060839689096266],[-89.49567061981195,30.059947049735626],[-89.49788314610223,30.059096372571958],[-89.49817115496546,30.05859283263636],[-89.49827358806067,30.05785915447862],[-89.49877578403374,30.057539975270824],[-89.49893409413626,30.057059324495736],[-89.498880687496,30.05673507406516],[-89.49708968756795,30.055796658957693],[-89.49677194267217,30.05527011689485],[-89.49632809317512,30.05543491350963],[-89.49638149801878,30.05600330418149],[-89.49579978946497,30.056297638738304],[-89.49590522383154,30.05554488869443],[-89.49577114578382,30.054973334721314],[-89.49621993691325,30.054629360722796],[-89.49624416806972,30.05440113053836],[-89.49579841324595,30.05408004454185],[-89.49579841324595,30.053599392522095],[-89.49611446930899,30.052684516033892],[-89.494877162176,30.051859889950546],[-89.4951117661956,30.051539455862255],[-89.4951117661956,30.051219020737214],[-89.49495345699138,30.050990138869984],[-89.49495345699138,30.05029967845011],[-89.49453193242579,30.049548183695094],[-89.49429104199582,30.047668188214338],[-89.49329159168208,30.04769489142563],[-89.49279243021805,30.04751113436914],[-89.49244910669286,30.04716399686029],[-89.49335790172309,30.047251917803997],[-89.49347469708307,30.047139851790376],[-89.49338179960459,30.045672450186014],[-89.4967616228262,30.037562402089762],[-89.49741965763643,30.037360222660134],[-89.497784909936,30.0366286704687],[-89.4979989299592,30.036668505386874],[-89.49817346812732,30.036994012131068],[-89.49857862718508,30.036947018076596],[-89.50008231713917,30.035552054640807],[-89.50053054412659,30.035323173125118],[-89.50121909740197,30.034270317254837],[-89.50219184619222,30.03420165220085],[-89.50219375241727,30.03369811168414],[-89.50269132565987,30.033606953589132],[-89.50361472819493,30.03294280155602],[-89.50411445469929,30.032507926362253],[-89.50453732134793,30.03179904372688],[-89.50548336681803,30.03120395117116],[-89.50645858597531,30.029738456192426],[-89.5075400524745,30.02923491555424],[-89.5080130747604,30.02822402033208],[-89.50833815619708,30.0281404806411],[-89.50856564466135,30.028227835159043],[-89.5086724543486,30.02850123770565],[-89.50892285973406,30.02852400138478],[-89.51048881371712,30.02744963620418],[-89.51077816646001,30.026967728011975],[-89.51204139627718,30.026415852842863],[-89.51222640880151,30.02593520193036],[-89.51246292084276,30.02582076063413],[-89.51359652286611,30.025688364562466],[-89.51423885782013,30.025915603920204],[-89.51509506188036,30.025710133351904],[-89.51533157302333,30.0250463756213],[-89.51593563974622,30.02456256109567],[-89.51724026662663,30.02454158071441],[-89.51780484161301,30.02390261845294],[-89.51854354872901,30.023806599575373],[-89.51880867121378,30.023627309332753],[-89.51917678913911,30.023055103765834],[-89.51923019488108,30.022803334292433],[-89.51904518235672,30.022547749134322],[-89.51930498501837,30.022434791058394],[-89.51965115620298,30.0224568475659],[-89.51975415433851,30.023165730121796],[-89.52032125987907,30.023282608938278],[-89.52096779086378,30.021563556642793],[-89.52307350297518,30.02126601081135],[-89.52362472719985,30.02101424068395],[-89.5245721165496,30.01998301609494],[-89.52546913376815,30.019869831088435],[-89.52638791267444,30.019365034715957],[-89.52652389784552,30.01872542150802],[-89.52689201577084,30.01840498682326],[-89.52912708438485,30.01813081750344],[-89.5301554909935,30.01753523531713],[-89.53145792867953,30.017718341695094],[-89.53191922525602,30.017307004467167],[-89.53349729032573,30.016688888180973],[-89.53518326282402,30.016665483961212],[-89.53549727252484,30.016437113432815],[-89.53531430726103,30.016254147811175],[-89.53544400692007,30.0149495216769],[-89.53598365545398,30.014942197472728],[-89.53772162603414,30.013781572630172],[-89.5384341876838,30.013803163571147],[-89.53876279410969,30.01295634120474],[-89.53931648780305,30.012312914007445],[-89.54199765888885,30.0119473538116],[-89.54210446947444,30.011790950442453],[-89.54189522579362,30.011557603525215],[-89.54197342593572,30.01089384596023],[-89.54176114594927,30.01061983867823],[-89.54257825263338,30.01052776946658],[-89.5433444131628,30.01018613351788],[-89.54352544525211,30.010619187592177],[-89.54382871289876,30.010640819671334],[-89.54444669452543,30.010137279279643],[-89.54465897361358,30.009177231518496],[-89.54484398613793,30.008948349785946],[-89.54534371174397,30.00876524433084],[-89.54565842482566,30.00821592827139],[-89.54647476973842,30.00782682843083],[-89.54945066100095,30.007482400613668],[-89.55002816094765,30.007208847541534],[-89.55023740642508,30.006797510291854],[-89.55065702296902,30.006477076744574],[-89.55151318301182,30.00647642563132],[-89.55310605950393,30.005811411180638],[-89.55331833859209,30.00556089705778],[-89.55328916490492,30.004665095275325],[-89.55360634835365,30.004366896629346],[-89.55444939568824,30.004229567840376],[-89.55466111153271,30.004000685584394],[-89.5558188728473,30.000971815987832],[-89.5610485437329,30.000971815987832],[-89.56219323366179,30.000483533665466],[-89.5649316238379,29.99992151738514],[-89.56624387921168,29.999395088435797],[-89.56816705096243,29.998183271247875],[-89.56879972812882,29.997976020778033],[-89.5700382929032,29.997906103715756],[-89.57058500668683,29.998063758958452],[-89.57147001702326,29.998662667195926],[-89.57222125384085,29.998597392015366],[-89.57256102093581,29.998801252336197],[-89.57253431761568,29.999762556555282],[-89.57286267430992,29.999875319510156],[-89.57327055436468,29.999694542101096],[-89.57329782092849,29.99923612676271],[-89.57356103449325,29.998847028271925],[-89.57394194083497,29.998754219174046],[-89.57542832923669,29.99891187773733],[-89.57611306736706,29.998133679799608],[-89.57721933006304,29.997881909304397],[-89.57782396092796,29.997172375362553],[-89.57806047117259,29.99632551218078],[-89.57832121526864,29.99607439294822],[-89.58053430300598,29.99518110327566],[-89.5811408400959,29.994627972139217],[-89.58124327408945,29.994079306811432],[-89.58053373976229,29.99238367341421],[-89.58045419394388,29.99064161203706],[-89.58019041713543,29.990207387742842],[-89.57774138060051,29.98839922123302],[-89.57584928966028,29.986407949002107],[-89.5746362154804,29.984233570930378],[-89.57400297686696,29.983684254472916],[-89.57292723083948,29.982104969363633],[-89.57261117387813,29.981184976050724],[-89.5715583169241,29.976466193880025],[-89.5715310512586,29.975665759321846],[-89.57176756240156,29.974727344079447],[-89.5727427806605,29.97323895900428],[-89.57321580384473,29.970900549510223],[-89.57274087353717,29.968565954239704],[-89.57226785035297,29.967371954003884],[-89.57179044967836,29.965175339786327],[-89.57229264565143,29.964213384745985],[-89.57287057409452,29.96377850869226],[-89.57336973555856,29.96288079830656],[-89.57407927078403,29.962102599726176],[-89.57468636842272,29.960135471673798],[-89.57884001300647,29.95505113188822],[-89.58112748663922,29.951750765164554],[-89.58169340640359,29.950706189151646],[-89.5825478991732,29.947879497798528],[-89.58325743260205,29.946712200525088],[-89.58325743260205,29.945701304642196],[-89.58307432809937,29.945350353254735],[-89.5817772731185,29.94485570575667],[-89.58084654212736,29.94552964399524],[-89.58071875049,29.946249970194895],[-89.58104490721009,29.94646805938706],[-89.57976507652648,29.946642884093148],[-89.5795972290106,29.94681836077469],[-89.57958769249555,29.94715851944509],[-89.57938360604278,29.947295197816416],[-89.57868742427398,29.94726533149815],[-89.57856973059873,29.947104463429735],[-89.57858117513545,29.94687939512202],[-89.57906154474205,29.946604920070325],[-89.57930596824603,29.94599438641418],[-89.58005308538974,29.945785228191916],[-89.58071684336664,29.944915477194485],[-89.58083891363398,29.944698040008106],[-89.58065580913131,29.944089594774276],[-89.58167814672187,29.942519847231722],[-89.58165200754372,29.940093047941932],[-89.58183701916975,29.93924618467751],[-89.58173155156551,29.938487711414034],[-89.58067925875346,29.93800640822105],[-89.5806786964081,29.937640848496102],[-89.58131059114189,29.936358457701356],[-89.58154710318315,29.93455029136331],[-89.58241056832584,29.931478203135896],[-89.58259805211551,29.93111324923523],[-89.58359312493889,29.930495918323924],[-89.58530210957981,29.92783707429757],[-89.58664500738622,29.926509341937397],[-89.58745988445182,29.92490291894745],[-89.58843016287503,29.92419213044995],[-89.58987840341989,29.92240810689114],[-89.59287484903444,29.919451716024064],[-89.59339689867359,29.918239292921673],[-89.59318956211612,29.917021753579736],[-89.59300454869347,29.91313076121805],[-89.59266313229163,29.91138744390331],[-89.59276803755053,29.90925884307248],[-89.59263395860448,29.904699022558113],[-89.59276365916182,29.902639085490332],[-89.5916865692547,29.898493764591688],[-89.59179147361527,29.89636516315907],[-89.59145077406905,29.89578976903615],[-89.59102664528741,29.89576728956326],[-89.5906884619223,29.895953826591125],[-89.5902154396364,29.896983795182944],[-89.59016203389444,29.89741867117943],[-89.59090208489013,29.89881485082334],[-89.59092497396357,29.899432831399885],[-89.59034514019375,29.900325470771975],[-89.5897347879588,29.90055244559214],[-89.58939909472363,29.90041702377479],[-89.58963560586659,29.899776154882176],[-89.590135893818,29.899592397358603],[-89.59016203389444,29.899181061651927],[-89.58979257298776,29.897738454108804],[-89.58974107257251,29.896479604080504],[-89.59084104975646,29.895057372507118],[-89.5907634119597,29.893019673371835],[-89.59089445639674,29.89265411278782],[-89.59265550200163,29.889834399763615],[-89.59362577952653,29.887454680085153],[-89.5936549532137,29.886809344471033],[-89.59438504907938,29.88610691383386],[-89.59525847114867,29.884925534656414],[-89.59549363751364,29.88403987312319],[-89.59767373641878,29.88135814031334],[-89.59959253067913,29.88115214646589],[-89.60248216480977,29.879363052492597],[-89.60439848690646,29.87783019526292],[-89.60710748690144,29.876383774305257],[-89.60759520472706,29.87597625229589],[-89.60771783823807,29.875655167275365],[-89.608873691531,29.87514399648126],[-89.60918840461271,29.87475489766111],[-89.60784697465343,29.873334574613665],[-89.60860228533085,29.872811959925162],[-89.60908293700844,29.873334574613665],[-89.60929656087458,29.873931574783516],[-89.60994395963186,29.874476698263695],[-89.61115813245135,29.873794245758422],[-89.61252379536371,29.87269179685822],[-89.61372555077102,29.872373599783792],[-89.61604857612946,29.871381448325444],[-89.61967310223108,29.869551649304313],[-89.62508806591538,29.867854108538133],[-89.62725672297877,29.86749171268988],[-89.62980437746386,29.866429969806056],[-89.63288149538417,29.86611842109547],[-89.6346171824469,29.865660656665717],[-89.63860870088483,29.865205451548267],[-89.64168581790682,29.864222515573005],[-89.64390569241611,29.864314068232677],[-89.6458286494695,29.86401711033706],[-89.64777602902052,29.864290378068823],[-89.64917597883064,29.86399363277732],[-89.65025127031058,29.863421828587956],[-89.6505410767027,29.8627583214392],[-89.6505683423682,29.861887919299797],[-89.65041003406232,29.861178386605214],[-89.65004408916165,29.86074378491877],[-89.64836154014291,29.860629069265272],[-89.6481759643749,29.859988851441337],[-89.64869133234495,29.85980678438002],[-89.6508315577296,29.860514628486328],[-89.65112091137082,29.861316366363006],[-89.65125098203409,29.863214760024494],[-89.65148768631481,29.863581646161425],[-89.6521162015865,29.863836082059382],[-89.65403534169823,29.86347167106336],[-89.65548492612275,29.86370055271921],[-89.65595248755004,29.863949415925415],[-89.65700317686928,29.863654775339405],[-89.65881165891108,29.86390480174942],[-89.66010834109109,29.863744421455028],[-89.66165710850613,29.864064855373606],[-89.66280201223405,29.863998131663088],[-89.66352631037292,29.864226980950356],[-89.66567836297656,29.865370738860292],[-89.66679388281156,29.865462292024503],[-89.66933093807464,29.866267192661308],[-89.66996017289686,29.866884986270776],[-89.67133118527676,29.867433233880806],[-89.67172084480259,29.86809824690235],[-89.67211701082604,29.868442221256785],[-89.67418251793862,29.86944266308687],[-89.67455841796924,29.868785543968272],[-89.67529521796192,29.8663129688426],[-89.67534862280556,29.86569498784383],[-89.67471729131545,29.864523875120508],[-89.67474152337023,29.863860769488053],[-89.67490174059611,29.86360709242908],[-89.6759513456488,29.862921701828917],[-89.67653118031691,29.862029062550054],[-89.67747617924972,29.85818523693529],[-89.67816005679407,29.85836313814154],[-89.67708374842121,29.862464589591834],[-89.67684723817659,29.862922353103183],[-89.67540528044883,29.863881750292013],[-89.6753518756052,29.8642269801713],[-89.67606140903405,29.86532561350531],[-89.67608486224947,29.865988719530307],[-89.67537485271353,29.868458748373534],[-89.67639957353454,29.868075359223837],[-89.67751862464691,29.867982549598725],[-89.67768703360984,29.868052470761143],[-89.6777932656804,29.868968576952685],[-89.67799861336783,29.8690581840187],[-89.67828957948497,29.869036816366958],[-89.6787379825422,29.86823557675796],[-89.6790521323802,29.868098898921858],[-89.68291194522106,29.868485997544706],[-89.68383632691979,29.86809824690235],[-89.68453222841418,29.86809824690235],[-89.68600251271779,29.86828391103268],[-89.68851314763006,29.869036662906186],[-89.6902368278107,29.868877097114954],[-89.69264065213737,29.869837748853868],[-89.69295536432072,29.870638836158566],[-89.69427277961752,29.871072455306532],[-89.70057713112864,29.87379740518501],[-89.70317875729434,29.875079143407884],[-89.7043361008923,29.87542247209855],[-89.70451905896961,29.874620124708834],[-89.7043880163292,29.874255169669645],[-89.70359590257293,29.87349860369012],[-89.70346620201558,29.87288252891199],[-89.70304658547164,29.872333212910796],[-89.70394169556683,29.872424113926364],[-89.70417820670977,29.873408306564443],[-89.70504604934283,29.874300945301552],[-89.70504604934283,29.875216473779673],[-89.70538799395405,29.87544548194256],[-89.7075885474982,29.875975597991083],[-89.71050813595197,29.877423926998436],[-89.71318661658349,29.879462232336145],[-89.71468904530292,29.881066963481004],[-89.71744572787318,29.884867659563575],[-89.72081545133607,29.8884865511963],[-89.72202089612422,29.890411066594638],[-89.72138765571415,29.89070861180132],[-89.72110211631963,29.889838210559304],[-89.71978548165885,29.888419793976425],[-89.71778658013301,29.88665358843443],[-89.71573427286523,29.88340346625174],[-89.7130792418559,29.880401298522123],[-89.71045338633036,29.878294934348364],[-89.70911251961476,29.877516736407692],[-89.70740297083186,29.87676207705874],[-89.70619752694199,29.876426384164493],[-89.70483925536779,29.875655164159564],[-89.70478092955302,29.875975597991083],[-89.70506837517257,29.87643782821478],[-89.70966890196578,29.87898223126081],[-89.71332338328887,29.881869957668254],[-89.715134020389,29.88404368414041],[-89.71631657700209,29.886057844389054],[-89.7182086679423,29.888281814323364],[-89.71931492973997,29.890433303504526],[-89.72007596178742,29.89114283761005],[-89.72070863895382,29.891370462626853],[-89.72154843708202,29.892584792976795],[-89.72160184192566,29.89297389231455],[-89.72223451909205,29.89361350514227],[-89.72318056276555,29.89412276744493],[-89.72367894539022,29.89459895354772],[-89.72509801404455,29.896616928340123],[-89.7255761953551,29.8970753434684],[-89.7272018190326,29.8981962138127],[-89.72820127114299,29.89849375991912],[-89.72896421031379,29.8993406233413],[-89.73027837370923,29.900073045239107],[-89.73267209737884,29.90078257924544],[-89.7345107816788,29.90192698866086],[-89.73598516230011,29.903094285602773],[-89.73785189469818,29.903552700523004],[-89.73764074119907,29.9039640368711],[-89.73779905130158,29.904170031078827],[-89.73932493143981,29.905291552038904],[-89.7411655228631,29.90792369359982],[-89.74213170586695,29.90844198865699],[-89.74307668773176,29.90668773115848],[-89.7417472655529,29.90590190322936],[-89.74212301197163,29.90543651024989],[-89.74268758695804,29.905177111115066],[-89.74323690405932,29.903986924877906],[-89.74313784593461,29.90372784980859],[-89.74282366465557,29.903644381384996],[-89.7418614117811,29.90369237766441],[-89.74152163390636,29.903567959517336],[-89.74121645823804,29.902114559213747],[-89.74178103322443,29.90125243821658],[-89.74168092227424,29.900855709179872],[-89.74067477052846,29.90150039315971],[-89.74004781652873,29.901404374324915],[-89.7402246364177,29.901229549581615],[-89.74056860762819,29.901297639984545],[-89.7414529702793,29.90051429422167],[-89.74222353884181,29.90074889715634],[-89.74231565388769,29.90123271281122],[-89.74164370417368,29.902114559213747],[-89.74174288626588,29.90323226577443],[-89.74194668974935,29.903473440931364],[-89.74342763885201,29.9034299798106],[-89.74365270635657,29.903990739804765],[-89.7429559604458,29.90553062204761],[-89.74218539188327,29.90580146483492],[-89.74301946594649,29.90610789732353],[-89.74335268881461,29.906329801332582],[-89.74348485884066,29.90663813999799],[-89.74346197156387,29.907065386288767],[-89.74251345572672,29.90894286902915],[-89.74329928307264,29.91025893997379],[-89.7436296933156,29.911268869077063],[-89.74574125435784,29.912146564411994],[-89.74591616712345,29.912301710632285],[-89.74597967262414,29.913062091805394],[-89.74641970697618,29.913572004532632],[-89.74750173671904,29.914061543179656],[-89.74820554877786,29.913977618568673],[-89.74970797749728,29.913007429389808],[-89.74978483465804,29.913210864182677],[-89.74942568910576,29.914125135974015],[-89.7500533195369,29.914649737603728],[-89.75006655980587,29.915286711889006],[-89.74913577222085,29.91465347192308],[-89.74888794589859,29.914105972957117],[-89.74807528587513,29.914420775127553],[-89.74706057677795,29.91455047520106],[-89.74516239256518,29.912722532928928],[-89.74468211189176,29.91271113976322],[-89.74390212179857,29.913421114789486],[-89.74437693622346,29.914404866079142],[-89.74448184058402,29.915297505217218],[-89.74487856895283,29.916488341150927],[-89.74487856895283,29.91889476477825],[-89.745222573401,29.921442035229603],[-89.74514559856092,29.924482042245753],[-89.74540833422198,29.925056487411787],[-89.74530581668512,29.925410920427197],[-89.74627856367874,29.928226168290085],[-89.74682978790338,29.928363497050228],[-89.74930171171509,29.926711732372986],[-89.75040988243273,29.926810914139903],[-89.75122622734548,29.927474672306584],[-89.75159243814747,29.927406007337037],[-89.75177554444679,29.927222902596004],[-89.75177554444679,29.92687957952006],[-89.75101260437766,29.925689393393977],[-89.75130252126257,29.924861604304034],[-89.75233058201981,29.924201660771296],[-89.75490741198871,29.92362945682309],[-89.75543384001658,29.923080139433278],[-89.75588015988065,29.921844177459022],[-89.75600985864138,29.9211079409859],[-89.75588015988065,29.92048996018514],[-89.75556544590063,29.92000930804843],[-89.75424831986139,29.91975764948059],[-89.75196437121782,29.91968887252053],[-89.7502440363633,29.91920117411138],[-89.75018862827658,29.91939895610908],[-89.74895266681987,29.919097595031044],[-89.74853305027594,29.91852539055386],[-89.74853114315258,29.917952534987887],[-89.74900416543848,29.917380329380396],[-89.75091342048883,29.916928939689207],[-89.75039800400974,29.918677688837057],[-89.75301888017366,29.91925394191714],[-89.75511721891321,29.919116668327195],[-89.75591067654916,29.91932266156158],[-89.7564905112173,29.919894866906866],[-89.75674991053536,29.921546631029685],[-89.75656680513437,29.92223327619229],[-89.75582675324038,29.92356079153658],[-89.7553804333763,29.923949890567332],[-89.75424937628016,29.924407655162554],[-89.75251559544246,29.924728090294526],[-89.75190308904745,29.925328439469066],[-89.75189523956851,29.926079968006626],[-89.75235347019493,29.927406007337037],[-89.75219516009241,29.927772218922694],[-89.75177554444679,29.928106005080288],[-89.75098208681084,29.928106005080288],[-89.7500055237739,29.927495652957354],[-89.74939517243725,29.927495652957354],[-89.7478370769163,29.92851441475205],[-89.74719790762535,29.92908256723118],[-89.7465265193584,29.930120165208276],[-89.74596385059704,29.930308993671456],[-89.74577430876704,29.93058698816518],[-89.74385479226119,29.934965349217585],[-89.74374186594514,29.935605271575664],[-89.74425868199945,29.93651932213085],[-89.74494151210817,29.937320408232612],[-89.7455728453949,29.937411960697165],[-89.74601490095633,29.937133827243755],[-89.74601916436067,29.93557709180231],[-89.74722842339555,29.93285339679378],[-89.74801615876314,29.93218582484268],[-89.74870089869013,29.93216293553223],[-89.74872378596694,29.93231743165835],[-89.74870089869013,29.93248718600013],[-89.74799136346466,29.93292778301412],[-89.7474852184976,29.933573862272826],[-89.74691821356838,29.935029830130198],[-89.74667720006921,29.937087711486956],[-89.74625758352528,29.937755284024295],[-89.74548892118779,29.93811577329364],[-89.74451235904917,29.937688526349383],[-89.74377993654689,29.93707817461504],[-89.74329165547758,29.936284717834546],[-89.74280337440825,29.936101611525043],[-89.73669985655026,29.936528858277917],[-89.73358706293675,29.937688526349383],[-89.73071841075621,29.93909233607445],[-89.72638491267278,29.941533742731984],[-89.71851137504022,29.944097219997833],[-89.71369913958907,29.946472880692323],[-89.71460512379078,29.949855224021015],[-89.71668032013199,29.951869384387187],[-89.71979311464379,29.954432861432522],[-89.72321108392562,29.95663012790139],[-89.72821596847935,29.958827393281883],[-89.73120669182552,29.95785083126549],[-89.73779849075284,29.95363940377216],[-89.74481753561581,29.94802416827099],[-89.74933413730359,29.9458269015474],[-89.76209048922256,29.94246996644575],[-89.7670343377443,29.940638911728605],[-89.77033023675882,29.939235102809505],[-89.77478580421125,29.93783129276365],[-89.7818048499725,29.9362847162776],[-89.78619938229129,29.935634027407406],[-89.79022770290976,29.934657464155404],[-89.80359440616537,29.93307054925319],[-89.80713444571452,29.932826408887607],[-89.81159001406527,29.933619865999653],[-89.8151910887481,29.93404711173191],[-89.81921941026489,29.934840569230204],[-89.82379704798464,29.937037834204858],[-89.83020574151097,29.94045580409178],[-89.83368474592645,29.942836175524114],[-89.83862859714316,29.94362963220489],[-89.83942205298247,29.94704760210854],[-89.84119207275704,29.951075922614738],[-89.84381658530124,29.955043209409514],[-89.84509832400649,29.958644284110797],[-89.84619695731077,29.962428463982715],[-89.84699041494673,29.965846433607048],[-89.8491266473199,29.969447508354587],[-89.8505304553942,29.974025146196503],[-89.85211736976777,29.978236573600736],[-89.85358221477236,29.988856693049517],[-89.85340065177871,29.993254586050618],[-89.85541326968058,29.99764575772255],[-89.85669500928417,30.002324767573587],[-89.85295320722389,30.0069960149771],[-89.85242254723272,30.00732965181023],[-89.85219366548148,30.00767269082165],[-89.85162908959678,30.00732965181023],[-89.85052445195315,30.007889175740203],[-89.84418279969647,30.018315982449607],[-89.83733376818755,30.02691841072233],[-89.83630926296222,30.027898503449084],[-89.8336065493776,30.02993527006413],[-89.83124982012802,30.032057421130418],[-89.83101446152358,30.032954887098434],[-89.83171636556072,30.033889487027725],[-89.83208257636271,30.03386278553924],[-89.8319318965502,30.034106924942783],[-89.83165909436809,30.034140864383186],[-89.83080080082651,30.033097202415558],[-89.83020574510421,30.033513739946468],[-89.82953435953223,30.03333063396536],[-89.82850439075332,30.03400555372775],[-89.82739812715904,30.0344903028354],[-89.82703191635706,30.034917548746574],[-89.82587562109302,30.035328607600317],[-89.8250691648349,30.035868407841075],[-89.82343084167422,30.03748102597076],[-89.82269841827363,30.037725167347723],[-89.8215702663291,30.038635622583232],[-89.82098943542937,30.039312081744978],[-89.82005101845263,30.039517791628967],[-89.81982976699142,30.04010553913338],[-89.81940252105576,30.040532784940954],[-89.81952459042479,30.042119699473623],[-89.81909734448912,30.042485910498996],[-89.8189142381898,30.042913156928343],[-89.81810170842208,30.043723779453614],[-89.81659490221227,30.044683176217088],[-89.81618196194752,30.044683176217088],[-89.81561834007364,30.044927316954507],[-89.81348729097962,30.0450087266158],[-89.8120172644925,30.044500071435596],[-89.81148511329798,30.04480496438774],[-89.81102465484963,30.044683176217088],[-89.81089002164308,30.044938478010586],[-89.80917912898049,30.044701967241576],[-89.8086660526127,30.04512158353696],[-89.80855753432974,30.04503975017068],[-89.80792790784206,30.045293528487687],[-89.80469304396122,30.045293528487687],[-89.80389958632526,30.04547663335771],[-89.80287976850907,30.0453388008468],[-89.79858952610323,30.045720773694807],[-89.7946222397201,30.045720773694807],[-89.79437810008376,30.04590388010792],[-89.79388981811614,30.04590388010792],[-89.79148489784482,30.04549066216654],[-89.79108220017095,30.045720774472365],[-89.79058438168826,30.045760828907667],[-89.78992253173301,30.045720774472365],[-89.78944245497719,30.04548073601276],[-89.78814038829536,30.045585039505248],[-89.78622036693632,30.045361910581892],[-89.78510075347859,30.04547663413533],[-89.78412419044163,30.04529352926524],[-89.78339176883769,30.04547663413533],[-89.78229313553342,30.04547663413533],[-89.7818048544641,30.04529352926524],[-89.78088932656081,30.04529352926524],[-89.78023129085226,30.044953738631783],[-89.7791803419199,30.044927318509757],[-89.77863102571693,30.044683176994706],[-89.77698307441304,30.044500072213218],[-89.77631168794274,30.04431696631566],[-89.77576618688478,30.043961916226536],[-89.77539616003945,30.04413386007965],[-89.77465894772008,30.043889720497194],[-89.77399235106688,30.043889720497194],[-89.77368717629687,30.04352350921776],[-89.77301578892825,30.04327936890876],[-89.77130680428732,30.04327936890876],[-89.7676389731008,30.044013698639667],[-89.76689667721521,30.043710514795933],[-89.76617984856794,30.043889720497194],[-89.7650812170603,30.043889720497194],[-89.76379947745673,30.043279369686395],[-89.76343326665476,30.042485912054225],[-89.76288395045178,30.041875560370947],[-89.76212450123586,30.04134978803446],[-89.7616022117465,30.04132624421813],[-89.76129703607819,30.040898997943955],[-89.76080875411056,30.04071589238931],[-89.76032047214294,30.040288645816013],[-89.75983219107363,30.040288645816013],[-89.75940494513796,30.03992243522294],[-89.75922183883867,30.039495189116316],[-89.75744062695397,30.038720422569362],[-89.75702457312843,30.038884837672498],[-89.75629215152446,30.038884837672498],[-89.7553766245195,30.038518626556773],[-89.75501041281919,30.038091379840576],[-89.75427799121525,30.037908274541014],[-89.75391177951492,30.03748102830376],[-89.75281314621066,30.03711481744347],[-89.75201668371008,30.03632496631113],[-89.75147557271892,30.036926511587282],[-89.75148181690844,30.037261683942315],[-89.75296191979812,30.039199550264982],[-89.75357799430142,30.039703090044718],[-89.75517063004506,30.04030199802836],[-89.75488834345019,30.04071589238931],[-89.75399379570037,30.040683466942223],[-89.75465755277897,30.040580470176923],[-89.75485430538575,30.040315875928677],[-89.75369243427875,30.039962490447323],[-89.7530782686954,30.039561946028822],[-89.75121297000852,30.037086489932204],[-89.7502880349476,30.036762906683304],[-89.74921207152782,30.03668757167344],[-89.7487848264905,30.036321360213858],[-89.74793420635808,30.0351117781851],[-89.74731998058762,30.03473444613688],[-89.74701480491929,30.034124094143515],[-89.74658755808534,30.033696847922403],[-89.74658755808534,30.033086496537983],[-89.74640445358266,30.032720285769624],[-89.74548892478106,30.031926828351203],[-89.74518375001104,30.031133371580022],[-89.74463443290975,30.030889230295585],[-89.74432925813976,30.030095772995264],[-89.74299220567086,30.029145630029376],[-89.74249820233321,30.029119211136255],[-89.73981265465535,30.027715401871365],[-89.7395667471345,30.0273147675086],[-89.73959951048957,30.02691193204173],[-89.73822574028175,30.0266778040619],[-89.7349908755026,30.024114327410075],[-89.73480777099994,30.023503975352764],[-89.73389224399496,30.022527413112318],[-89.73328188996337,30.022283271632674],[-89.72622088479349,30.022374542031923],[-89.72553042349644,30.02271051804977],[-89.72461489649147,30.02271051804977],[-89.72260073528395,30.023320870325062],[-89.72202280863748,30.023324401450648],[-89.71961001193776,30.024480538863106],[-89.71869448493278,30.02509089035276],[-89.71759585162853,30.025518136337546],[-89.71668032282692,30.02631159294789],[-89.71643243541922,30.026807371677783],[-89.71659640131476,30.027161988584773],[-89.71633935468442,30.02738727163681],[-89.71634494220548,30.028023689992633],[-89.7165391804278,30.028278071088362],[-89.71744829525827,30.028590397817137],[-89.71751286526258,30.02947007965635],[-89.71791762546835,30.030334346161077],[-89.71861628389237,30.03057070457215],[-89.71890047761059,30.03108568801963],[-89.71939013759388,30.031470242619516],[-89.720395840182,30.03144426997796],[-89.7204034695737,30.031926829128924],[-89.72069529448027,30.03220720920853],[-89.72328928945763,30.032218653228966],[-89.72502688364371,30.03282900529166],[-89.72508982769736,30.032973963432],[-89.72469881980027,30.032958704854114],[-89.72301844470452,30.032352167480582],[-89.7204034695737,30.032481415817987],[-89.7204034695737,30.03296802487463],[-89.72244051895638,30.036475856130075],[-89.72483424172768,30.039443692073597],[-89.72583560006309,30.040958126014782],[-89.72734431339624,30.04229708528305],[-89.72864894117494,30.044105253077447],[-89.72900180031685,30.044280728616],[-89.72949771167619,30.045476636468127],[-89.73015383846477,30.046134671855544],[-89.73026311043425,30.046774288600574],[-89.73125247266735,30.048789702115023],[-89.73158244453246,30.04996081397161],[-89.73153453648004,30.05275433227042],[-89.73168162662466,30.053519927561315],[-89.73130587840932,30.05452700826237],[-89.73108462604979,30.054717093873613],[-89.73094538897737,30.055801117292138],[-89.73064434106779,30.056399210292],[-89.73054732481373,30.05701419044949],[-89.73078898689653,30.05701419044949],[-89.73102168289446,30.05733844074353],[-89.73090152064877,30.0579278109103],[-89.73057727105203,30.05875750787295],[-89.72998599274551,30.05933161974136],[-89.72969673702066,30.059178482775856],[-89.72986104697095,30.05957288339682],[-89.72962750026844,30.05962064810089],[-89.72961978194353,30.06030818236285],[-89.72903668908586,30.06071634778693],[-89.7282770081046,30.06189509648569],[-89.72772769190163,30.062078202537286],[-89.72748355046863,30.06268855411473],[-89.72668471821234,30.062895587683414],[-89.72571353069407,30.063726151867137],[-89.72453414962554,30.06417332938052],[-89.72388247578583,30.064092363077233],[-89.72357729921919,30.064519609590675],[-89.72247866771154,30.06488582019754],[-89.72211245601125,30.06512996166352],[-89.72218302765995,30.065343301474087],[-89.72192935061025,30.066106523837504],[-89.72058657677132,30.066533770208686],[-89.71942690833339,30.067327227193434],[-89.7172906759602,30.067752566695994],[-89.71668263958206,30.067693438296338],[-89.71480157815688,30.068344280221922],[-89.71448305981164,30.068120684813913],[-89.71425277129866,30.068563434468647],[-89.71381167244301,30.06891414151493],[-89.70923403472327,30.070134846002286],[-89.70740297981501,30.070134846002286],[-89.70441225557053,30.07068416250139],[-89.70244196269157,30.070733470441997],[-89.70209291959297,30.07092830365732],[-89.70184328226709,30.070728593756677],[-89.70111635565772,30.07092830365732],[-89.70031697453078,30.07068416250139],[-89.69861391517749,30.07068416250139],[-89.69830873950916,30.07092830365732],[-89.69629457830162,30.071294513873163],[-89.69531801526466,30.071294513873163],[-89.6925103973195,30.072515218538438],[-89.69019106044361,30.073125569499553],[-89.68909242893596,30.0737359213601],[-89.68790234533915,30.07407710035538],[-89.68732240826309,30.074529378902767],[-89.68543031732284,30.075078695104885],[-89.6837823669173,30.07611629355563],[-89.68340671392335,30.07658585832751],[-89.68334367734325,30.07770292467346],[-89.68314531315882,30.077966138721937],[-89.68287786852908,30.079319276869388],[-89.68307092636509,30.079574316781496],[-89.68295236940885,30.08026588826553],[-89.68323305161262,30.081905097685407],[-89.68281252597362,30.08347914383163],[-89.68264002248961,30.085400228646744],[-89.68268373540965,30.088689537860287],[-89.68240974295978,30.0892831882466],[-89.68228128477249,30.090572091755437],[-89.68250062911034,30.0913140506703],[-89.6819265176089,30.092673989673298],[-89.681167481618,30.093886134392896],[-89.68133714732403,30.094588967997552],[-89.68123269840932,30.09516015171221],[-89.681329517034,30.096049997985286],[-89.680368120254,30.099285543269712],[-89.68033578809029,30.100066875485123],[-89.67987611836277,30.100896571925045],[-89.67932859879036,30.10369699117911],[-89.6793268012615,30.10468075285368],[-89.67953088861258,30.105056501043034],[-89.6787774850585,30.106511808190007],[-89.67859628678086,30.107608533443003],[-89.67827749804273,30.107760103376418],[-89.67809276040288,30.108088527544158],[-89.67816713282355,30.10829136448912],[-89.67768838916761,30.108657575458324],[-89.67743471121958,30.1093194259579],[-89.67603090224699,30.10968563700228],[-89.67572572657866,30.109929776685394],[-89.67321756203344,30.11052296303314],[-89.67059877175761,30.110479094400613],[-89.66901185738404,30.11108944573507],[-89.6675145894859,30.111897878725152],[-89.66534326891771,30.11384856938666],[-89.66538026513436,30.11398289436333],[-89.66449525479793,30.114507415170326],[-89.66382386742931,30.114690520960142],[-89.65698792886565,30.118535736404453],[-89.65460755685612,30.120733002651736],[-89.6525933974452,30.123723726422963],[-89.65207744197693,30.1242396804888],[-89.65059554155837,30.12643846933422],[-89.64850403989644,30.13092587628816],[-89.64722230208949,30.132085544324145],[-89.64569642195124,30.133123142637157],[-89.64533021114927,30.133733493878413],[-89.64317255036329,30.135440706609298],[-89.64212014256691,30.136712490587108],[-89.64102584004063,30.138624916325615],[-89.64038636172921,30.14088033151694],[-89.63629700597707,30.141729101742],[-89.63567227261274,30.14154854910878],[-89.63524951915181,30.14165981598207],[-89.63300110606427,30.14227841813916],[-89.62972763977903,30.143762563680646],[-89.62947441817516,30.14391845558039],[-89.62867714719084,30.14529556224149],[-89.62830139807717,30.147100197259913],[-89.62776619081404,30.147348999269944],[-89.62694215722078,30.148449060210375],[-89.6268613501677,30.14885467507308],[-89.6264106034059,30.14948218850156],[-89.62694718059984,30.150035607434056],[-89.62769104674052,30.150090919949456],[-89.62856461433688,30.15050863031434],[-89.62919785295034,30.150466668579913],[-89.63001419876142,30.150825248969035],[-89.6307294535603,30.150882470362813],[-89.63091446698296,30.151096093499238],[-89.63224770430682,30.1513821954668],[-89.63329674611585,30.1518437731637],[-89.63409974026685,30.151677834589442],[-89.63429619732791,30.152301537880927],[-89.63446213682214,30.15222905848595],[-89.63447930272889,30.15237401722263],[-89.6342218114325,30.15304241096951],[-89.63486268033596,30.152946221458755],[-89.6351831138894,30.15333913568553],[-89.63939038609897,30.154672292134844],[-89.64342569830531,30.155278909101927],[-89.64374211908435,30.155278909101927],[-89.64407708378579,30.154964196897726],[-89.64453546802415,30.155278909101927],[-89.64672448450511,30.155250298519384],[-89.64712302297923,30.15507468742998],[-89.64712121377225,30.15478872045292],[-89.64808633227248,30.15458272677768],[-89.64918687180177,30.154697167502555],[-89.6494786994033,30.155003679676145],[-89.65057923623765,30.154729592855382],[-89.65112855333894,30.15491269861086],[-89.65096903949394,30.154513914541237],[-89.65054246190486,30.154686687613875],[-89.65016724908543,30.154407250430925],[-89.64999940246784,30.153888451132342],[-89.65012910212688,30.153423058246112],[-89.65028931935275,30.153415428925342],[-89.65016534196207,30.15390371047683],[-89.6516988505937,30.154391991164402],[-89.65241521121871,30.155278908325222],[-89.65456117773631,30.155829807613966],[-89.65468385256982,30.15569661846781],[-89.65539910826705,30.15618489959957],[-89.65638329979737,30.156387078489722],[-89.65680482436298,30.15613340195019],[-89.6569927447339,30.155461497303957],[-89.65881898557053,30.154302346324016],[-89.66052119152431,30.152541042873867],[-89.66040589994411,30.15131162237884],[-89.65997865400846,30.15033505993494],[-89.66072251925083,30.14965413611792],[-89.66109063897281,30.15041326094483],[-89.66133096436246,30.152328239248945],[-89.66074357935435,30.15362698894729],[-89.6612050789501,30.153560386695183],[-89.66107919443608,30.154044853669635],[-89.660643841205,30.153826462982565],[-89.66019036985294,30.155067193390693],[-89.6600320588521,30.15751622878033],[-89.66037140194227,30.15803724362398],[-89.660632874572,30.158164727700235],[-89.66101816020074,30.15888570623218],[-89.66110398973456,30.159461725173056],[-89.66308954049862,30.161273706423497],[-89.66330201631781,30.161657925786347],[-89.66771295456863,30.16455053220077],[-89.66952875159177,30.165569055991963],[-89.67004564400288,30.165668238871465],[-89.67113092474878,30.16635869974397],[-89.67518022641902,30.168296565902214],[-89.6757590118549,30.168523539802003],[-89.67616441884766,30.168452968885266],[-89.67773226019115,30.169475306779553],[-89.6803663101487,30.170619716931565],[-89.68243196907655,30.171325436269882],[-89.68581560564652,30.17280172346757],[-89.68703249497145,30.173072567432534],[-89.6879308551713,30.173072567432534],[-89.6891416718849,30.172791631476283],[-89.69011095587308,30.172435512049194],[-89.69079987655942,30.171873802675535],[-89.69048288894344,30.169597377704612],[-89.69081476793191,30.169135798457205],[-89.69110846043594,30.169105868509707],[-89.69122866310579,30.167302836078857],[-89.69185427322584,30.1665418040978],[-89.69279994769175,30.16591465629355],[-89.69308260529084,30.16551565032246],[-89.69532564824964,30.164069879050977],[-89.69598940622656,30.163463341794184],[-89.69836596309108,30.162219750851282],[-89.6989801286744,30.16148732802261],[-89.6995561113666,30.161355136028337],[-89.70007876197869,30.16089414343041],[-89.70142153671593,30.160283790882584],[-89.7020223506392,30.160213218727467],[-89.70258692652389,30.15966390278182],[-89.70303515440965,30.15960668259939],[-89.70567873998395,30.158534752228395],[-89.70601061807409,30.1582181326913],[-89.7075107650727,30.157926016194008],[-89.70941332857251,30.156619774039438],[-89.71084384086522,30.15623448878126],[-89.711293974976,30.155929312539765],[-89.71289233478463,30.155715689773874],[-89.71332339496698,30.155278906771713],[-89.71399287521226,30.15556310135684],[-89.7141778877366,30.155278906771713],[-89.71649722371413,30.154485448988975],[-89.71768931774056,30.154868827175754],[-89.71820620925335,30.154693350561335],[-89.72069148472515,30.155006155942054],[-89.72120837713626,30.154872641003262],[-89.72160891975177,30.1550137851397],[-89.72233180484069,30.155730948058892],[-89.7238347959055,30.156238303332646],[-89.73064403204732,30.154468282813003],[-89.73116473870513,30.1550290435333],[-89.73163394764265,30.15588925845205],[-89.73163394764265,30.156926856571722],[-89.73133605641297,30.15825780834709],[-89.73181514502198,30.15786717941852],[-89.73233048963586,30.157764491102444],[-89.73212222781365,30.15869687568365],[-89.73257045480108,30.158683524697572],[-89.7327535611004,30.15852330728679],[-89.7328203185024,30.15866826531599],[-89.73285464941763,30.158870444551702],[-89.73233293934163,30.159279622832305],[-89.7328279469958,30.159881339949038],[-89.73313343348121,30.161055616793472],[-89.73293037200617,30.161130471833147],[-89.73276869591629,30.16161536763461],[-89.73469524263754,30.162784324508326],[-89.73511676630483,30.163329826655985],[-89.7352655398923,30.163211570794537],[-89.73576526549833,30.163367973302044],[-89.73598128786628,30.16371152700848],[-89.73783855381788,30.163852440247336],[-89.73774127884904,30.164493309417537],[-89.73755817344802,30.164710746807692],[-89.73639469166172,30.16492246278371],[-89.73608951509509,30.165288674156756],[-89.73639469166172,30.16526769332949],[-89.73726444141812,30.165611015960334],[-89.73734836472691,30.16579793588459],[-89.73685245426589,30.16676467897911],[-89.73652661914265,30.166883172117316],[-89.73711868886495,30.167338609302334],[-89.73735217987192,30.167186485445615],[-89.73752574875785,30.16746877476631],[-89.73812656537606,30.167781579227885],[-89.73812833775213,30.1681541585429],[-89.739030646946,30.168224084284287],[-89.73956529725365,30.169174338940003],[-89.73992137955081,30.169486748896556],[-89.7398736951789,30.16979192511362],[-89.74020748308733,30.17009328559393],[-89.74049549195058,30.1708981870954],[-89.7411344537307,30.171542871015365],[-89.74109439875049,30.172301818017413],[-89.74134939991693,30.17257582414862],[-89.74190883743822,30.172767389724527],[-89.74294834273218,30.174045313710877],[-89.74316959599004,30.17457555641904],[-89.74377994642835,30.174077738913315],[-89.74487857973263,30.17389463225035],[-89.74583046694701,30.17332145612881],[-89.7465055481881,30.171878564866308],[-89.74664669238385,30.170245874046547],[-89.74738102111118,30.16870664324111],[-89.74750309227682,30.16809629090812],[-89.74738102111118,30.167302833748938],[-89.7470148103092,30.16669248204336],[-89.7470148103092,30.166326272002],[-89.74719791750682,30.166082130441936],[-89.74707584634116,30.16492246278371],[-89.74728830329575,30.16422973716937],[-89.74697749159732,30.163470139290776],[-89.74609928330422,30.16229795020433],[-89.74512272026728,30.15973447377667],[-89.7449949277316,30.158881888676273],[-89.74467840723955,30.158464915150795],[-89.74482781683423,30.158478844044996],[-89.74512272026728,30.157476172230268],[-89.74487857973263,30.15692685579498],[-89.74469547343331,30.155706152956206],[-89.74512272026728,30.154485448212206],[-89.74469547343331,30.153691991036624],[-89.74533152557024,30.15364316024447],[-89.74607257908576,30.152114614120435],[-89.7464156717439,30.151716439377815],[-89.74643497564107,30.151359303922163],[-89.74668324662939,30.15115516890073],[-89.74786528671116,30.149034244898797],[-89.74811344271514,30.148076755995746],[-89.7487791078154,30.1475026436437],[-89.74900989848662,30.14686558927226],[-89.74939136717371,30.146369678748055],[-89.74972324526384,30.146224720509462],[-89.7501352333144,30.14555714827397],[-89.75020771208646,30.146462593413222],[-89.75033370170338,30.146282609525162],[-89.75059587412073,30.145839467665954],[-89.75024585904501,30.144458514748262],[-89.75044422412773,30.14418004215671],[-89.75267200650649,30.142142992796344],[-89.75326900797968,30.142253619654845],[-89.75461750318865,30.141883593087954],[-89.75524883647539,30.14141820027475],[-89.75602512640795,30.140285233873833],[-89.75695591309464,30.139743547635714],[-89.75796701994751,30.139641646062664],[-89.75861149199359,30.139104585666654],[-89.759179882125,30.13776371959377],[-89.7609511487612,30.136419111658455],[-89.76111393427047,30.13593075677451],[-89.76235253946905,30.13478550665854],[-89.76300793233403,30.13368962157093],[-89.76479556807132,30.131873151081955],[-89.76535969300176,30.13094303879101],[-89.76658993308841,30.130344131715976],[-89.76682262998467,30.130038955412004],[-89.76742146222442,30.130124285409646],[-89.7684362476784,30.12970707612054],[-89.7688177172638,30.129157759677174],[-89.76941471783869,30.12891171193405],[-89.77033024484363,30.127507902435813],[-89.77055722036985,30.127425886254912],[-89.77124386562357,30.127593733430498],[-89.77217793924589,30.1271148084242],[-89.77411442582577,30.1251275306741],[-89.77417546185775,30.12451717983726],[-89.77436428862879,30.12421772591122],[-89.77474766533754,30.12401554636825],[-89.77531224122225,30.123283124277872],[-89.77607899553806,30.12277576970791],[-89.77634411622618,30.122314191241127],[-89.77789860590958,30.121526456009203],[-89.77832585364187,30.120732998766652],[-89.7792223058201,30.12039539809006],[-89.77967672669139,30.119937322967672],[-89.77962094221056,30.119701122781763],[-89.7812345608026,30.118762707470584],[-89.78308087359594,30.116874432185693],[-89.78407841768465,30.11632511506418],[-89.78446179439341,30.115936015660207],[-89.78498033521306,30.115872620514484],[-89.78536015638993,30.115459178792623],[-89.78601628407681,30.11511776337489],[-89.7874239072961,30.113528941398567],[-89.78793676806822,30.11326166700401],[-89.78839665518802,30.112676355700696],[-89.78851872635369,30.111882898853107],[-89.78913670708202,30.111549112181002],[-89.78935223717319,30.110999796529605],[-89.78948999472034,30.1109888387513],[-89.78943425425696,30.109929773576987],[-89.7889822112262,30.10819980803768],[-89.78916531842383,30.10772297035343],[-89.7911072056752,30.106522832520643],[-89.79126429496725,30.106294772550232],[-89.79116231192798,30.106094094261817],[-89.79269391343627,30.10541507775873],[-89.7940118910784,30.104497642500853],[-89.79477074381298,30.104227072669484],[-89.79522305813494,30.10377094393715],[-89.79637558227142,30.10319096053104],[-89.7965200547253,30.1029355245613],[-89.79765302074144,30.102863045443442],[-89.7992838034436,30.102069588283776],[-89.8000314847293,30.10186740926032],[-89.8003652708411,30.101421089149973],[-89.80327779314686,30.100654334982774],[-89.80590612173438,30.09950229508746],[-89.80740529675585,30.09930011625262],[-89.80823690135033,30.09902545818087],[-89.80898648975939,30.099212378329636],[-89.81114121125776,30.099034238055303],[-89.81309682656328,30.098506659245636],[-89.81369573426151,30.09792682447947],[-89.8182256885077,30.096828192557027],[-89.81819135669416,30.097091406223416],[-89.81939561840112,30.099308509064922],[-89.82038282018598,30.10040462723555],[-89.82062061232651,30.10053035628662],[-89.82253820464103,30.10052844910016],[-89.82283956606264,30.100688665843354],[-89.82338888226562,30.100673406821034],[-89.82387144286322,30.101020545498788],[-89.82425719741252,30.101741679578634],[-89.82518751248368,30.10207340104282],[-89.82574353640689,30.102594798725992],[-89.82620031535583,30.102695197429565],[-89.82630331259304,30.10295459673652],[-89.82706625266216,30.102893561255307],[-89.82837469378924,30.103276938556558],[-89.8289240099922,30.103276938556558],[-89.82961302859492,30.103704184476218],[-89.83097631725998,30.10364505736135],[-89.83137304742544,30.10345813626983],[-89.83416159054389,30.1034886542294],[-89.83522016976627,30.103084296134707],[-89.83605558860745,30.103656501672834],[-89.8364866487898,30.103526801471315],[-89.83705313089953,30.103812902984888],[-89.83761770768257,30.103736609484336],[-89.83789618003074,30.10388729008208],[-89.8389719260582,30.103038520170227],[-89.8395136128695,30.101115911294567],[-89.83975966052749,30.100841253605473],[-89.83984549095962,30.101016729590448],[-89.83921988083956,30.102981299019138],[-89.83857938922851,30.103767144455176],[-89.83852088464899,30.104497641723704],[-89.83925230552974,30.1043851081901],[-89.84146673804504,30.104808538996885],[-89.84216101358881,30.1058766559271],[-89.84267981222494,30.106322974566464],[-89.8432977929533,30.106551856672365],[-89.8440531036307,30.10735675747453],[-89.84477026645126,30.107700081116878],[-89.84531386308083,30.108669013749488],[-89.84571440479802,30.108882637329003],[-89.84604469646337,30.10978296438924],[-89.84666045026815,30.110210152649703],[-89.84687407323595,30.111491890518483],[-89.8478506362729,30.11267444719452],[-89.84833754471646,30.11453500329269],[-89.84851882384248,30.114837135583254],[-89.84879095857634,30.114837380357763],[-89.84899504592742,30.115371438121382],[-89.84941466247136,30.115718576450536],[-89.85085852552584,30.11851475029608],[-89.85134680749346,30.11909076948653],[-89.8510855217133,30.11933411045356],[-89.85155280196791,30.11966678842561],[-89.8518465339978,30.120589945416032],[-89.85211546983095,30.120879862389323],[-89.85205634092233,30.121532175575457],[-89.85254080774493,30.121700022668616],[-89.85298331426063,30.122695658685895],[-89.85341818868967,30.122939798848762],[-89.8534925754834,30.123592113190867],[-89.85382826871857,30.124053691123216],[-89.8537824923683,30.124339793021047],[-89.85408699519849,30.125360112697365],[-89.85510047180708,30.126334880428047],[-89.85572417390547,30.127227519630473],[-89.85619338104635,30.127544139953645],[-89.85661490651029,30.128146861782405],[-89.8567619023318,30.129112374945855],[-89.85707267001276,30.129272198038475],[-89.8572099990635,30.12973377661065],[-89.85781462903009,30.13036701648223],[-89.85811980469842,30.131129955268804],[-89.85812552696679,30.131580090295156],[-89.85847647898537,30.131850934046184],[-89.8585813833459,30.13238499147946],[-89.85876448964524,30.132484173544672],[-89.85919745784925,30.134792067621735],[-89.85963996256831,30.135471082614856],[-89.85959990848642,30.136657452582543],[-89.85971452363519,30.137277515567103],[-89.85987265766794,30.13736317259093],[-89.85986503007284,30.13830158824745],[-89.85926802859964,30.140083052278197],[-89.85938628462027,30.140372969498017],[-89.8586462336246,30.141330458588186],[-89.85905104952592,30.14212360890397],[-89.85682583093899,30.142095306021556],[-89.85671790284917,30.142860152964317],[-89.85623107345738,30.143120734008793],[-89.8557459445764,30.143881685728314],[-89.85575278524728,30.144569137457054],[-89.85530598208956,30.145304312367987],[-89.85524988409671,30.145702074090217],[-89.85527623258231,30.146524353146976],[-89.85552580972106,30.14686558616502],[-89.85504966309462,30.147126489104572],[-89.85480292553046,30.147527436147872],[-89.8546942060249,30.14863560562633],[-89.85453875076834,30.14874264029517],[-89.85393508199911,30.151080826729455],[-89.85365851587595,30.153407792613212],[-89.85286853112689,30.154365797573387],[-89.85320111619116,30.15472958586465],[-89.85421546236894,30.154533128997972],[-89.8559313137319,30.155095797035656],[-89.8565948067058,30.155023250563726],[-89.85765441180425,30.15442631732585],[-89.85863288196452,30.15422032367042],[-89.85933287977663,30.15435765256295],[-89.86022551860647,30.15391896282809],[-89.86088573542455,30.154085446796383],[-89.86130698600398,30.15392659133315],[-89.86150725821005,30.154174547330445],[-89.86230522538874,30.154485444328493],[-89.86353476928103,30.154231767557924],[-89.86408027213564,30.154485444328493],[-89.86476501026601,30.15418217659244],[-89.86522849603685,30.154151657987345],[-89.86605437836299,30.1535260478042],[-89.86742957689208,30.153197983715106],[-89.86779388057073,30.152866104629897],[-89.86845573052597,30.152774553001855],[-89.8690679898843,30.15246556145479],[-89.8693035470164,30.152715424196792],[-89.86990713224232,30.152603483131823],[-89.87030585936263,30.152105073070707],[-89.87030585936263,30.151311615387854],[-89.86969550712769,30.149907807572713],[-89.86936440338533,30.149375240858816],[-89.86912330274959,30.149360397950222],[-89.8694090936724,30.149241165998983],[-89.8695124017267,30.14893124443619],[-89.86874578575143,30.1486851978269],[-89.86882473419018,30.148594324345517],[-89.86859687472172,30.148320893198203],[-89.86780341618747,30.148076752111738],[-89.86652167838052,30.148503998422363],[-89.86621650181388,30.148076752111738],[-89.8657072396928,30.146693923438708],[-89.86598952808431,30.146518447816874],[-89.86627372270085,30.146632888576534],[-89.86700233005813,30.1463963778377],[-89.86770975064944,30.14641882852722],[-89.86786063707443,30.145827987071158],[-89.8682916981551,30.14533016967089],[-89.8673761702518,30.143926359857723],[-89.86746390870562,30.142535902665788],[-89.86798652248677,30.14263596556945],[-89.86806116619869,30.142065448658705],[-89.86794074703485,30.141849257900724],[-89.86888679160664,30.14170429845856],[-89.86959632503549,30.141307570149042],[-89.86982520678673,30.140830733062533],[-89.87005599566132,30.140742995514774],[-89.87206718434359,30.1405554104975],[-89.87232001967189,30.139898038982825],[-89.8715875962713,30.139714934101008],[-89.87109931610028,30.139287687796617],[-89.87012275396167,30.13788387825017],[-89.86963447109572,30.13751766766448],[-89.86920722516005,30.13733456225048],[-89.86749824051914,30.13733456225048],[-89.86631377678275,30.136691785691802],[-89.86700995944983,30.134893155345154],[-89.86748298173573,30.13553974653911],[-89.8688047754212,30.13658878865898],[-89.86957915823041,30.13680622619536],[-89.87113364701548,30.1367642640713],[-89.87243255342416,30.13727543429087],[-89.87245544159927,30.13784000934138],[-89.87321075137838,30.138587690805885],[-89.87469466941306,30.139270520529752],[-89.87529357711128,30.13926670687592],[-89.8763220528902,30.140400914741544],[-89.87686714072314,30.140422559637027],[-89.87646850343434,30.142181135207892],[-89.87598213038669,30.142888762479643],[-89.87490066298918,30.143562057076842],[-89.87223413174756,30.144461204130035],[-89.87116035123394,30.145087936054235],[-89.87108405731686,30.145808914630045],[-89.8707331052983,30.146306732721907],[-89.87048896386533,30.147889122777062],[-89.87189849600459,30.147655227441017],[-89.87281211588622,30.147693374712908],[-89.87269958303224,30.147968032615214],[-89.87275680212258,30.14892170773927],[-89.87254521383888,30.14893196607756],[-89.87191316189991,30.149918785112202],[-89.87239287843133,30.150177094063196],[-89.87265189866034,30.150092819964517],[-89.87285216996808,30.15026448143706],[-89.87328513907042,30.150249222306357],[-89.87402900521111,30.150701264119512],[-89.87439521511479,30.15009091218159],[-89.87500556734975,30.14972470107034],[-89.87512763851538,30.149114350080996],[-89.8756159195847,30.148687104083454],[-89.87634261892032,30.14839527861988],[-89.87795623751235,30.146796920022776],[-89.87825378468727,30.146693923438708],[-89.87961753778133,30.14684269590264],[-89.8801248927791,30.14780781566317],[-89.88067230275703,30.147720077328355],[-89.88383087182247,30.144176222477988],[-89.88471588215893,30.142795302213038],[-89.88550361662818,30.14209530524475],[-89.88832460599637,30.14092143035669],[-89.89319616978217,30.135073160008062],[-89.89642891363893,30.130681727902],[-89.89724485610643,30.12984329780288],[-89.89899238925283,30.127080652239965],[-89.89944726377334,30.126654581188326],[-89.90072044692384,30.123332711347953],[-89.90167793693068,30.1217095581111],[-89.91748604643118,30.10169002140432],[-89.92108712111398,30.09747859487371],[-89.92658028673704,30.091497147361462],[-89.92769491993484,30.09086759585788],[-89.92856392947942,30.089698517079288],[-89.92980450019185,30.08882225078378],[-89.9307993421482,30.087882721407656],[-89.93086419242688,30.08765383959849],[-89.93134293698114,30.08737918181645],[-89.93170723976147,30.086736404275502],[-89.93223402352217,30.08670271526933],[-89.93257317616948,30.08624621496849],[-89.93285522650743,30.086137735199237],[-89.93349278332246,30.085461370535818],[-89.9336699023504,30.08491488616144],[-89.9347227593044,30.084056579064782],[-89.93533311064107,30.083766662097254],[-89.93721947931293,30.081886015230683],[-89.93878731975809,30.080924712280922],[-89.94021401690578,30.07940264746656],[-89.94418660784066,30.076082126738505],[-89.95410714818928,30.06848688753879],[-89.96027360830429,30.064006524355978],[-89.96127496484307,30.06360598154573],[-89.97362123763148,30.055820182228974],[-89.97553430782685,30.05521746020193],[-89.98091438633539,30.05247658558842],[-89.99169337024422,30.0467412010685],[-89.99249827062026,30.04608697996178],[-89.9971769984539,30.04410905796168],[-90.0024756132409,30.04160661636687],[-90.01227557362724,30.038009356360444],[-90.01267611714107,30.038207720022974],[-90.01307665885827,30.038806627713548],[-90.01527583348846,30.03760881182309],[-90.0156763770023,30.038207720022974],[-90.01807582294026,30.03740663326579],[-90.02197635281966,30.04080934343733],[-90.02807605463433,30.044807147145654],[-90.0280817769027,30.05290941526826],[-90.03067767900342,30.052806568841213],[-90.03070628944688,30.048711490644482],[-90.03117740460945,30.043006609791927],[-90.0315760401016,30.034007736723577],[-90.03416578604767,30.033239591410094],[-90.03400218756306,30.032476135173088],[-90.0340765743568,30.031688400562704],[-90.03558910193667,30.031682678133212],[-90.03777301778345,30.031306929684746],[-90.03926837945653,30.03321046408968],[-90.04071033448936,30.034061142726085],[-90.0433520129403,30.03499574388824],[-90.04710376923225,30.035091110334438],[-90.04885853112172,30.03481645210787],[-90.05013263953697,30.03481645210787],[-90.05797756582776,30.033508010623045],[-90.05908622073733,30.034306284089553],[-90.06157673518385,30.03360719234309],[-90.0633499215198,30.034099384398747],[-90.06557644535883,30.032809920375467],[-90.07330883969398,30.03210992292708],[-90.07407750023481,30.03120774644046],[-90.07767857581597,30.03220719754284],[-90.08118237732654,30.02789849567162],[-90.08191479893051,30.027288144357087],[-90.0824717445252,30.026038830680335],[-90.08367718931339,30.027309125712552],[-90.08646001106177,30.02736253065798],[-90.08797826090999,30.02770966832404],[-90.08967337376629,30.02949704364642],[-90.09211104212127,30.02989818093512],[-90.0946787793429,30.029006665748415],[-90.0965524736844,30.02864181961502],[-90.09697904139202,30.028011029096007],[-90.09759856812096,30.028475304728666],[-90.10217847678176,30.028081600799805],[-90.10347738049548,30.027686780018453],[-90.10931959101373,30.027532283622822],[-90.11277952060249,30.026809398503712],[-90.11287743607015,30.026907936725515],[-90.11328687649853,30.025884334049675],[-90.11371412333251,30.02368706915334],[-90.1143549931343,30.02324456375995],[-90.11431696655002,30.023341530518906],[-90.11468701764983,30.023278981366317],[-90.11497869523271,30.022208872187104],[-90.11878004212159,30.022010508393397],[-90.11883502889845,30.02272957224352],[-90.12091956861693,30.02344244830562],[-90.12543287618256,30.021917048174654],[-90.12561216823518,30.02049225913343],[-90.12828245533298,30.020080270720687],[-90.13538160925803,30.019902887147012],[-90.1379919499803,30.02008527123785],[-90.13879957853987,30.019902887147012],[-90.14147540824297,30.01989020032342],[-90.14298048968745,30.019710244972288],[-90.14978018751759,30.01980942649733],[-90.15108100015127,30.020007790805387],[-90.15181574839184,30.02047331806897],[-90.15441784707136,30.021304543649624],[-90.15491667885368,30.020415963614067],[-90.15741530688386,30.020513238038102],[-90.16077958655612,30.021114332484238],[-90.16119948876432,30.02087944879164],[-90.16166975681556,30.021213357045394],[-90.16339675447452,30.02087944879164],[-90.16443435174683,30.02087944879164],[-90.17157928202212,30.021609963756227],[-90.17481974779706,30.022283257632456],[-90.18028060820586,30.022510232569438],[-90.18620242652628,30.024334877639195],[-90.19528190930866,30.026309671109036],[-90.20268051843031,30.02840775405154],[-90.20960038030275,30.030095758218405],[-90.21888154115462,30.033309640663614],[-90.21893876114326,30.03358811379834],[-90.22311585624752,30.0346829318438],[-90.23430436682303,30.039634409313944],[-90.23715013082843,30.040202799679534],[-90.2370391278054,30.04103938496476],[-90.2376765597546,30.04132622866537],[-90.23817934861574,30.0412932582924],[-90.2379817354229,30.04121369480711],[-90.23801797525812,30.0403820902682],[-90.24133816112463,30.041086123567165],[-90.24528738508234,30.04151388616381],[-90.25459208179464,30.047212455720288],[-90.26007646908072,30.048894588418676],[-90.26599276725372,30.04801264983386],[-90.26989316418248,30.05011015276375],[-90.27838377973654,30.05011529095102],[-90.28039376826959,30.048657136890306],[-90.27965349988163,30.043229761905838],[-90.28050720033715,30.048721645083543],[-90.28091235041175,30.049327555833212],[-90.28725452638622,30.051045705120305],[-90.29922290218911,30.053775493490352],[-90.30665393510263,30.05520791212533],[-90.30806155922025,30.05527848467463],[-90.30989833549852,30.05592698312867],[-90.31358905665681,30.05672425411417],[-90.31649585579588,30.05660599965448],[-90.31874652994301,30.056007091503044],[-90.31926532768084,30.055728618404398],[-90.32362934243278,30.05486649702652],[-90.32593993780262,30.053564012738907],[-90.32578083269107,30.052428904523907],[-90.32616993166819,30.052310648822253],[-90.32628818679048,30.0523373507818],[-90.32636066556256,30.053142253523777],[-90.32624056080907,30.053591547109566],[-90.32807728049349,30.054025355504184],[-90.32964512183698,30.053607646144304],[-90.34524291776317,30.05406447897618],[-90.34666630551736,30.05396622668034],[-90.34986683758468,30.05457657850593],[-90.35510823328136,30.05599564556528],[-90.3601283766185,30.05674332664846],[-90.36076924462365,30.057096185752847],[-90.36267659434729,30.057683650126556],[-90.3660945636291,30.057412806039725],[-90.36744496685975,30.057010355737965],[-90.36804794302792,30.0570216499427],[-90.36871907617332,30.05662125536785],[-90.37019027316525,30.05752074349995],[-90.37042043232083,30.05723542242076],[-90.3713588475009,30.058118525216763],[-90.37439534719734,30.058477106522396],[-90.3749981886182,30.060466482443196],[-90.37698875737145,30.05970948631496],[-90.37508199334937,30.05845994076478],[-90.3750858084944,30.057567300940086],[-90.37541196431616,30.057643594293136],[-90.38638875994552,30.06497163016798],[-90.39058492807989,30.06706589889443],[-90.39387510482602,30.069057171705587],[-90.39708708053172,30.07148713427283],[-90.39845465056743,30.072768872019576],[-90.39922152435918,30.07417331927222],[-90.4004140343056,30.07612595544306],[-90.40212057552894,30.076986021335824],[-90.40261648778659,30.076873486803564],[-90.40289877348314,30.077432339811402],[-90.40303136931065,30.077558081750077],[-90.40391163294915,30.078003439170306],[-90.40445517118822,30.078326886887528],[-90.40640448211708,30.080424970290757],[-90.40955344819216,30.084407341571236],[-90.41251181601841,30.087665267884002],[-90.41493796347989,30.091214844363762],[-90.41543578106425,30.091693588994847],[-90.416440955443,30.09332246536178],[-90.41688345926374,30.094489761868186],[-90.41735648244796,30.094970414256796],[-90.41775321081677,30.096002290504604],[-90.41875266113053,30.097491930045866],[-90.41925620098326,30.098956774308267],[-90.41972922416747,30.099643418922458],[-90.42047690455486,30.101623247325836],[-90.42180632673372,30.10433931339956],[-90.42223166644433,30.104911517111006],[-90.42265418364833,30.106185445947748],[-90.42294120166981,30.10640306467392],[-90.42325591295487,30.107433032637744],[-90.424018853024,30.108440113234323],[-90.4241542758497,30.109842014006826],[-90.42588805489078,30.113296224275697],[-90.42676509806897,30.116814894124065],[-90.42707633377219,30.117236806935814],[-90.42728232734832,30.118175222758424],[-90.42778586809936,30.1189076438806],[-90.42794036305688,30.11943407333083],[-90.42791556775838,30.12062807362283],[-90.42825889038525,30.12179537083589],[-90.42832281180593,30.122614038663194],[-90.4287052084527,30.12403841317668],[-90.42907523619633,30.12466020962821],[-90.42906760680462,30.125592901625787],[-90.42939567064805,30.126197532733325],[-90.42944907728833,30.127044395904797],[-90.43021201556083,30.129703240342753],[-90.43129539098,30.13453264781398],[-90.43152427273124,30.137334544382174],[-90.43221473312997,30.139754969896693],[-90.43250465091319,30.146720607681168],[-90.43237876550084,30.14807673346855],[-90.43269157235751,30.150130948427716],[-90.4327983829431,30.157645903118215],[-90.43235942207784,30.15990160113819],[-90.43224143824673,30.162662231165967],[-90.43079185202556,30.16968318295884],[-90.42965507176277,30.17402240335319],[-90.42699241315835,30.18300220230944],[-90.42602583309916,30.1848975634888],[-90.42481040623154,30.188726156420767],[-90.42322349095964,30.191533773935117],[-90.42016028884139,30.195918770365058],[-90.41825175423989,30.19816776467577],[-90.41180991467621,30.207891200003466],[-90.40662192651813,30.215276456036328],[-90.40399741307563,30.217534757002927],[-90.3967952646083,30.221502043665556],[-90.3939876457648,30.222478606356393],[-90.39008139451535,30.223516204070048],[-90.38129232987781,30.229680756341725],[-90.37390707421287,30.23212216305014],[-90.37079427970104,30.233709078080874],[-90.36920736532745,30.23511288698468],[-90.36249349792945,30.238897068578883],[-90.36023519528892,30.238286715947496],[-90.35468099453222,30.24011777178418],[-90.35339925672527,30.241704685791376],[-90.34839437217155,30.246099217948714],[-90.34638021186232,30.249883399458618],[-90.34088704623927,30.25348447428781],[-90.3389949570957,30.25531552938731],[-90.33722493552446,30.25848935842816],[-90.33533284548257,30.26111387023373],[-90.33350179147264,30.26331113646478],[-90.33148763026509,30.26691221167177],[-90.32678792227799,30.272527447383034],[-90.31989094858068,30.28168272307343],[-90.3156795216629,30.285894149903037],[-90.31293293885139,30.288091415304397],[-90.31079670827482,30.28931211987905],[-90.30811116059697,30.290105577463233],[-90.30609700028774,30.29132628024278],[-90.31000325153718,30.295293566004588],[-90.30766474461316,30.2967253046026],[-90.30591389398842,30.297118899775334],[-90.29902455058112,30.297736881070033],[-90.29841610546953,30.298194644319597],[-90.29794117516195,30.29892706634817],[-90.29530140383436,30.3019292341488],[-90.29108234752486,30.30890441012912],[-90.28851314874429,30.312392950819483],[-90.28563495825206,30.317409278419667],[-90.2816466917155,30.322948220853746],[-90.27993007858119,30.325652841681258],[-90.27703663110218,30.331111675103912],[-90.27564045062297,30.33282065936289],[-90.27525325876921,30.33293510050214],[-90.27488513994557,30.333274608454122],[-90.27399250021742,30.334905392139976],[-90.27023502435205,30.33723808052226],[-90.26962962363095,30.337922823571247],[-90.26788326188768,30.338542706761405],[-90.26788326188768,30.33877158871017],[-90.26853288217866,30.339569819419122],[-90.268987616562,30.340520628282754],[-90.26780505994894,30.341838606672724],[-90.26648517428515,30.34412170288942],[-90.26598967974408,30.344649165217252],[-90.2648448541696,30.344814070405494],[-90.26460834302667,30.345683821230235],[-90.26479145022427,30.345924700344003],[-90.26298328259284,30.348188171132687],[-90.26270862359304,30.348296890245702],[-90.262578923934,30.348699341314383],[-90.26209827135808,30.34893775945369],[-90.26182361325658,30.34939361679801],[-90.26038165822376,30.350713502079007],[-90.2579783971408,30.35248542957252],[-90.25782580930664,30.35284782521839],[-90.25579930794204,30.35426655572396],[-90.25530810914466,30.354430924566525],[-90.25449127105682,30.355257266014412],[-90.2519511749965,30.35701729018285],[-90.2513865991118,30.357753527995744],[-90.24915465124509,30.359495338974277],[-90.24829669457174,30.359840167516875],[-90.24796099953996,30.360364688011604],[-90.24560351750216,30.362117541987324],[-90.24371905595366,30.363789825096724],[-90.23712725792466,30.36932922829646],[-90.23187823373459,30.372319952582313],[-90.22571368074293,30.37689759058607],[-90.22321123846608,30.378484504925044],[-90.22052569078822,30.380132454702306],[-90.21491045489783,30.383123178609647],[-90.21210283785096,30.38489319766234],[-90.20758623436657,30.386480112362857],[-90.19983476789965,30.388128062921798],[-90.19427093001656,30.388492927049526],[-90.1886042961189,30.387700815906364],[-90.18500322143606,30.38409974149676],[-90.18121904135226,30.381292124404023],[-90.17621415590021,30.381719369992435],[-90.17011063804222,30.381292124404023],[-90.16400712018422,30.379888315059024],[-90.15888016626147,30.376104135380253],[-90.15039627819057,30.374883432681692],[-90.14630692243846,30.374089975852257],[-90.14209549372403,30.373906869932867],[-90.13672439836833,30.372503061474006],[-90.13342849935383,30.37073304124966],[-90.12970535260706,30.369329232171726],[-90.12433425814964,30.36792542386557],[-90.11572829711649,30.366521614782584],[-90.10883132521579,30.366521615557673],[-90.10468093343168,30.365728158299422],[-90.09790602820506,30.365300912576846],[-90.09442702378958,30.36450745549032],[-90.09131423017605,30.365300912576846],[-90.08893385816653,30.362493295020574],[-90.08533278168707,30.362310189087125],[-90.08209791780624,30.35968567747912],[-90.07758131611845,30.3568780599638],[-90.07062330549086,30.353521125968207],[-90.06043043188072,30.348882453343823],[-90.0573176373689,30.346929327524528],[-90.05481519599034,30.345098272328798],[-90.05219068344616,30.342717901070504],[-90.04932202946898,30.339727178768747],[-90.0457819890215,30.335332645769554],[-90.04303540531168,30.331304325095726],[-90.04169263237107,30.327520143786362],[-90.03803052165627,30.32452942172345],[-90.03198804072856,30.323919069585788],[-90.01740063479966,30.320134890625784],[-90.01111400974405,30.31751037789274],[-90.00659740895459,30.31488586542701],[-90.0011042415349,30.31110168499862],[-89.99823558845605,30.308721313299447],[-89.99359691650095,30.303899535918344],[-89.99121654359308,30.300725707063123],[-89.98938548778654,30.297307736941427],[-89.98779857341295,30.293889767905572],[-89.98669994010868,30.291082150210258],[-89.98541820140342,30.284917597649063],[-89.98499095546775,30.279912714762332],[-89.98651683291106,30.27008605151418],[-89.98779857251463,30.265691519392323],[-89.98560130590609,30.26251769111488],[-89.9823054068916,30.259710072736002],[-89.97913157724612,30.25848937006707],[-89.97553050166498,30.258306264483192],[-89.97211253238314,30.25928282779065],[-89.96832835140103,30.260076285311104],[-89.96521555778752,30.260503531460056],[-89.95898997056051,30.26172423469842],[-89.95520578957839,30.26172423469842],[-89.94989572935634,30.259893179582217],[-89.94641672494085,30.258306265259144],[-89.94049631338214,30.25671935090088],[-89.93799387110529,30.255315542578533],[-89.9334162324872,30.251287221003718],[-89.92969308574044,30.249517201648437],[-89.9223078309738,30.250921010578338],[-89.91730294552175,30.251531363115543],[-89.91132149972773,30.253911734368252],[-89.9047297008004,30.255132438061384],[-89.89648995326417,30.257085563764566],[-89.89160713987607,30.256292106912433],[-89.88562569318374,30.254094840384916],[-89.8776911204175,30.249883414978555],[-89.87390693853703,30.250310661233136],[-89.8652527550411,30.250042235942427],[-89.86292060729096,30.24591612962288],[-89.85840400470487,30.23889708487663],[-89.856084667829,30.236699818932046],[-89.85211738144588,30.235723255442736],[-89.85461982372274,30.233892200789306],[-89.85278876791618,30.22968077419335],[-89.849614939169,30.225286242267202],[-89.84308417627366,30.22412657388465],[-89.83771308181628,30.224309679510817],[-89.83472235667347,30.223882433554472],[-89.83118231712432,30.223088976400593],[-89.82800848747883,30.221929308500748],[-89.82422430649672,30.218084092595703],[-89.82019598587824,30.216497178475688],[-89.81372625631994,30.216497178475688],[-89.80878240869652,30.215886827300206],[-89.80450994574674,30.214299913445462],[-89.80151922240057,30.2135064566231],[-89.79688054864883,30.2133233502938],[-89.79340154423335,30.210881944258645],[-89.78961736325121,30.209905380565043],[-89.78619939396938,30.20813536138864],[-89.77820378517117,30.20349668913704],[-89.77509099155766,30.2019097749969],[-89.76929264936798,30.19812559419037],[-89.76569157468516,30.196477644589244],[-89.76190739370304,30.194280378251403],[-89.75989323339381,30.18811582714582],[-89.756231122679,30.18268369674781],[-89.75403385607046,30.17853330509567],[-89.75098209759062,30.17987607856181],[-89.74750309317513,30.1807305717579],[-89.74280338518804,30.18030332608625],[-89.73523502232547,30.178106059990995],[-89.72931461076678,30.17511533665131],[-89.72711734415823,30.173284281757212],[-89.7246149027797,30.171880473004315],[-89.72138003889884,30.169500101526218],[-89.71881656059,30.167302835302255],[-89.71588687327582,30.166875588883798],[-89.71191958599437,30.1679131871118],[-89.70813540591058,30.169133891042698],[-89.70160464211692,30.17249082597876],[-89.69751528636478,30.17511533742791],[-89.69391420988534,30.176519146695114],[-89.69110659283847,30.177312604208076],[-89.68750551905397,30.178716412457785],[-89.6787164535181,30.176336041462367],[-89.67529848333795,30.174504986729307],[-89.67188051315782,30.17291807290861],[-89.66730287453974,30.171331158386028],[-89.66101625217907,30.168523539802003],[-89.65808656396655,30.16632627510861],[-89.655889297358,30.163884868026383],[-89.65259339924182,30.16193174325568],[-89.64441468504262,30.16193174325568],[-89.64050843379316,30.16168760246302],[-89.6342218114325,30.1608941457605],[-89.63001038451472,30.161504496860207],[-89.62518860536197,30.16272520092828],[-89.6234185855874,30.166509381076015],[-89.61963440460526,30.169500104632757],[-89.61572815335582,30.17108701912623],[-89.61261535974232,30.171697371578183],[-89.60938049586147,30.173894636909953],[-89.60718323104956,30.180913681248747],[-89.60388733113676,30.181707139093035],[-89.6005303969886,30.182134384889107],[-89.59583068810318,30.183110948403467],[-89.59168029631907,30.18213438566565],[-89.58319640734986,30.184697863461963],[-89.58051086057031,30.184880968684798],[-89.57809234160224,30.18046164050599],[-89.58319640734986,30.181422661893027],[-89.58801789814338,30.17965274720918],[-89.58787209528455,30.17956350196619],[-89.58801818560427,30.179509874020088],[-89.58441711002313,30.17731260731436],[-89.58101439952473,30.173305267090917],[-89.58148742360726,30.16982597875352],[-89.58472228658978,30.168055959841546],[-89.58740783336931,30.166224904270422],[-89.5905816630148,30.16506523596171],[-89.59430480796495,30.162623828717194],[-89.59589172144021,30.159633105481042],[-89.59949279791967,30.159633105481042],[-89.60303283746883,30.16067070304273],[-89.60931946072782,30.15944999994637],[-89.612310184074,30.16042656223436],[-89.61652161099177,30.162257617542156],[-89.61872655460273,30.162607181230854],[-89.61890198210298,30.15649961412223],[-89.61328674621261,30.155889262335748],[-89.60919739046048,30.15472959363214],[-89.59839416461539,30.152715432741225],[-89.59570861514091,30.15051816763464],[-89.59161926028709,30.150090921502994],[-89.58588195412939,30.151128518482373],[-89.58148742270895,30.15350889155914],[-89.5777032408285,30.155889263112453],[-89.57471251658399,30.15808652972948],[-89.57239318060645,30.161931745585726],[-89.57311034522364,30.165765516501384],[-89.57172179503445,30.169500106185986],[-89.56891417619096,30.172490829861808],[-89.56671691048072,30.17450499061223],[-89.5631158357979,30.176885362352557],[-89.55829405754349,30.17950987479665],[-89.55261778562115,30.180730578746786],[-89.54761290196572,30.181096789622774],[-89.54321836964695,30.18250059831211],[-89.53919004723186,30.181707140646136],[-89.53582548369201,30.17969107391023],[-89.53180479156691,30.178289171253297],[-89.53088926366364,30.182317493323808],[-89.52979063125768,30.185491321887273],[-89.52722715474546,30.188726185927],[-89.52130674228846,30.18329405579955],[-89.51770566670734,30.18292784532617],[-89.51453183796016,30.18390440796351],[-89.50739072282988,30.183294056576077],[-89.50311826077842,30.183110951509573],[-89.49902890412798,30.181524037289204],[-89.49561093484616,30.182134388771765],[-89.492192964666,30.183477162855265],[-89.49048398002509,30.187078237422607],[-89.48828671341656,30.189519644513513],[-89.485784272038,30.191106558814578],[-89.48041317668229,30.193486930847044],[-89.47632381913353,30.192083122667757],[-89.4711968652108,30.192876579830706],[-89.46588680588707,30.193120720225362],[-89.46161434383562,30.190129997700698],[-89.45978328802906,30.18652892133913],[-89.46033260423204,30.182927846879185],[-89.46271297624158,30.178533315190965],[-89.46881649320126,30.17651915446091],[-89.46448299601614,30.174688099247458],[-89.4603936393657,30.175725697548028],[-89.45758601962389,30.177922963143057],[-89.45532772057662,30.180303335404776],[-89.45020076575557,30.18347716440833],[-89.44342586142727,30.18829894232097],[-89.44489070553354,30.19153380654639],[-89.44672176134007,30.194524529917768],[-89.44751521987435,30.198735956924228],[-89.44849178111465,30.20148253968036],[-89.44751521987435,30.204290156798415],[-89.44562312893413,30.206731563339797],[-89.44251033532062,30.209905392209766],[-89.4359185363933,30.214483030377714],[-89.43451472742072,30.217901000219776],[-89.43121882840622,30.221135864310657],[-89.42853328072836,30.2244927987676],[-89.42078181426143,30.229497682448752],[-89.41962214582348,30.23291565209619],[-89.42072077912776,30.236089480596856],[-89.42468806551089,30.239934696372774],[-89.42462703217385,30.24487854557986],[-89.4229180466346,30.249334112707512],[-89.4210259556944,30.252080695004423],[-89.41821833864753,30.254888312658796],[-89.41541072070234,30.25653626374361],[-89.4119927505222,30.257879036708903],[-89.40070124360781,30.260076303933086],[-89.39539118338575,30.261297007050615],[-89.37921686308327,30.27033021284139],[-89.37293024072261,30.277532362482205],[-89.36572809045865,30.284917618593525],[-89.35931939783065,30.288518693885475],[-89.35523004028188,30.289678362419256],[-89.34320611266182,30.294317035190097],[-89.33618706779886,30.298101215934746],[-89.3286187058346,30.30310610074612],[-89.32489556088446,30.31030824995803],[-89.32269829517422,30.315130029249428],[-89.32233208437223,30.31928042027165],[-89.32459038611444,30.321721827783065],[-89.32703179235934,30.3250787613717],[-89.33038872740582,30.32910708225889],[-89.33069390487076,30.333318508861584],[-89.33331841561831,30.33929995594596],[-89.3377129488354,30.342534819371384],[-89.34509820450035,30.343877592730685],[-89.35468072677384,30.338689603603214],[-89.35901422395895,30.338933744531808],[-89.36133356083484,30.33691958246433],[-89.36493463641595,30.337102688620952],[-89.36871881649977,30.3358819852961],[-89.37311334881852,30.33350161322403],[-89.38098688555279,30.334295070550166],[-89.38422175033195,30.33588198452082],[-89.37958307837684,30.337285792884483],[-89.37708063520166,30.339910306033946],[-89.3759820027957,30.34448794373569],[-89.3762871775657,30.347905913912076],[-89.37341852538518,30.348699370772632],[-89.37012262637066,30.35193423439694],[-89.3665825859232,30.35309390289198],[-89.36371393284436,30.35748843530341],[-89.35388727093452,30.36810855493849],[-89.34961480888308,30.370916173264497],[-89.34558648826463,30.371099278584964],[-89.33948297040662,30.3731134392782],[-89.33630914165946,30.373906896283394],[-89.33099908053909,30.37409000297777],[-89.32361382487413,30.37512760032608],[-89.31970757362468,30.37512760032608],[-89.31628960524117,30.375493811899045],[-89.31250542336072,30.374883460582016],[-89.30890434867791,30.373296546683736],[-89.30780571627194,30.370733069151164],[-89.31091850898714,30.367131994274366],[-89.31152886122209,30.361882968738374],[-89.30768364510631,30.363103673301556],[-89.30548637849776,30.365911291162018],[-89.3024346200179,30.36652164191021],[-89.2979790534638,30.366887853165792],[-89.29431694095237,30.366277502378093],[-89.29169242930651,30.364080236213596],[-89.29012812103704,30.36077112006772],[-89.28729789608941,30.362127110714823],[-89.28461234930987,30.363103674076683],[-89.28082816922606,30.361333653457844],[-89.28507011281235,30.3583028757842],[-89.28631308561985,30.355279624065886],[-89.28449027814422,30.352727693477163],[-89.27777640894958,30.348882478925866],[-89.27417533516508,30.34552554581864],[-89.28790824742606,30.332891264276146],[-89.29138725184154,30.329107083034284],[-89.29211967434382,30.324895657544314],[-89.29028861763896,30.316533838836264],[-89.29089896987391,30.312688622665718],[-89.29352348241811,30.308294090945168],[-89.29163139327451,30.304326804570596],[-89.2858940862185,30.303289206513238],[-89.27948539179387,30.30389955918545],[-89.2747246486731,30.305120262436716],[-89.27179496046061,30.30548647386046],[-89.25891654007093,30.30988100582648],[-89.25348440868324,30.311284815381615],[-89.24982229886676,30.31152895560485],[-89.24518362601333,30.31311587161882],[-89.23981252886098,30.31567934793367],[-89.23602834877717,30.316533840387176],[-89.22040334557597,30.32251528827267],[-89.19373097509671,30.329717438510105],[-89.1868340013994,30.331304353008477],[-89.18311085555095,30.331914705644778],[-89.17072071533228,30.336492342737568],[-89.16748585234976,30.337896152428637],[-89.16089405252413,30.340093419001445],[-89.1544853589978,30.34253482557349],[-89.14783252493683,30.344304845190937],[-89.14221728994477,30.34552554969484],[-89.12451709040236,30.353887368071376],[-89.11499560236423,30.356084635317828],[-89.10889208630287,30.358892253126115],[-89.09851610549511,30.362920573936588],[-89.09729540372015,30.357732585148025],[-89.09385455883961,30.355317958232924],[-89.09473192541131,30.36029606165436],[-89.09119188586216,30.36108951880222],[-89.08978807688955,30.36493473490783],[-89.08600389590744,30.366094403529637],[-89.08289110229391,30.368291668617037],[-89.0634819181106,30.373723800871282],[-89.05463181833939,30.37470036312388],[-89.04742966717714,30.377080735078092],[-89.04340134566034,30.377691087400354],[-89.03772507553462,30.37927800125633],[-89.03381882518349,30.37970524789983],[-89.01489792027284,30.384282886441916],[-89.00079879631157,30.386907398812244],[-88.99182662537473,30.38812810321677],[-88.9802299418937,30.389287771796702],[-88.9711967367215,30.390935721492724],[-88.96741255663767,30.390935721492724],[-88.95508345245099,30.39172917871203],[-88.94641645718248,30.391912284560735],[-88.93829877901521,30.392705741596984],[-88.9340263169638,30.39252263723552],[-88.91669232912169,30.39410955199504],[-88.91290814724125,30.39392644561577],[-88.90680463028156,30.39392644639064],[-88.8928275756893,30.393316095513203],[-88.88971478117747,30.392705743146742],[-88.8846564917801,30.392284219196416],[-88.87872845082973,30.392888849489566],[-88.86731487185135,30.391301935821254],[-88.86310344583188,30.391118829603453],[-88.85755231102524,30.39365304377532],[-88.85931926574808,30.39789373486153],[-88.85872417229653,30.403529951182943],[-88.86078410985434,30.406682798785024],[-88.86836773060199,30.40947325016965],[-88.87390667167698,30.408086607388903],[-88.87750774725812,30.410894224467853],[-88.88263470207916,30.41272528004199],[-88.88611370559636,30.411687681452168],[-88.89081341448176,30.413091490133883],[-88.89392620899356,30.41370184214019],[-88.89673382693876,30.41193182219539],[-88.89938129503172,30.41269664682152],[-88.90241009796279,30.411687681452168],[-88.90582806814292,30.412114927352118],[-88.90851361582078,30.414312193428543],[-88.90961224912506,30.41827947943823],[-88.9121146905036,30.421087096916093],[-88.91608197688673,30.420110533575354],[-88.91998822813619,30.418096372677113],[-88.923406197418,30.41589910735322],[-88.92658002616518,30.414922543998905],[-88.929814890046,30.413335629690028],[-88.93329389535982,30.415105649742717],[-88.94031294022278,30.41730291511335],[-88.94379194553659,30.420110532800685],[-88.94708784544939,30.419500181365937],[-88.9502006390629,30.41608221126488],[-88.95538862811932,30.41467840298932],[-88.95928724997707,30.416869946156194],[-88.96301802611555,30.416509457295728],[-88.97443160239897,30.41608221049017],[-88.98071822565795,30.414922542449567],[-88.98651656694932,30.412908381386163],[-88.98853072725854,30.409917658296916],[-88.99219283707502,30.410711114697154],[-88.99652633515845,30.41370183826668],[-89.00171432421486,30.41571599844996],[-89.00623092769928,30.41827947633958],[-89.00659713850125,30.421331235062187],[-89.00769577270384,30.424505063679582],[-89.00049362243988,30.423894711847378],[-88.9960990892228,30.424077817797965],[-88.99292526047562,30.421697446171144],[-88.99182662717135,30.424505063679582],[-88.99182662717135,30.429509947968235],[-88.98840865788954,30.43012029952475],[-88.98352584360315,30.42853338527979],[-88.97998580405398,30.425298521549912],[-88.97699508070781,30.423894712622022],[-88.97412642762895,30.42352850123918],[-88.9708305268178,30.42432195853084],[-88.96668013593204,30.424077818572595],[-88.96338423601921,30.42493231078864],[-88.96039351357136,30.42493231078864],[-88.954717241649,30.422307798580032],[-88.9502006390629,30.421331236611447],[-88.9456840364768,30.423528502013774],[-88.936101513305,30.424505066003462],[-88.93231733411952,30.430730653458635],[-88.92822797657075,30.43292791861322],[-88.92481000818724,30.43170721583638],[-88.92493207845456,30.42828924579107],[-88.92139203800708,30.42590887466968],[-88.91931684076756,30.428899598014556],[-88.9122977959046,30.429082703866392],[-88.90887982752108,30.429509951066528],[-88.9052177177046,30.429509951066528],[-88.90088421872287,30.42670233274159],[-88.89429241979555,30.424688172357722],[-88.89172894328335,30.423711610200897],[-88.8884940794025,30.42328436394316],[-88.88205486920768,30.425302338820128],[-88.88202435074253,30.425115418664923],[-88.8773856769908,30.42310125882733],[-88.87341839150598,30.425908876218852],[-88.86981731682316,30.424688173132353],[-88.86670452231134,30.426702333516197],[-88.86041789995068,30.429876162458758],[-88.85718303517152,30.430303410056286],[-88.85010295517489,30.43213446470796],[-88.84680705616039,30.42908270619017],[-88.84412150848253,30.42749579133135],[-88.84021525723308,30.426519229393033],[-88.8378959203572,30.42371161175012],[-88.83319621237011,30.423284366267016],[-88.83112101692721,30.420903993873925],[-88.83472209161005,30.420293641979686],[-88.83881144646386,30.419133973630455],[-88.84198527610936,30.423528505886885],[-88.84772258316535,30.424688173906983],[-88.85150676414747,30.426336123377016],[-88.85303264338741,30.423284365492435],[-88.84448771928452,30.418523621510182],[-88.84180217070835,30.4107111201202],[-88.82770304584876,30.40411932314183],[-88.82410197116593,30.402715514055078],[-88.81018595080904,30.394719906438084],[-88.80481485545332,30.392522641109867],[-88.79968790063226,30.392278500652566],[-88.79468301518021,30.392522641884764],[-88.7901053792571,30.389287777995847],[-88.7887015702845,30.386724300631464],[-88.7841849668001,30.386113948153238],[-88.78009561014964,30.38312322588116],[-88.77472451569224,30.38452703448045],[-88.77191689684874,30.382329769293218],[-88.77618935890018,30.379705256424483],[-88.78113320832024,30.379705256424483],[-88.78351357943147,30.382512873383487],[-88.79102090626206,30.384282894191262],[-88.79431680527655,30.38373357689161],[-88.7979178808577,30.384099787217973],[-88.80389932665173,30.38568670162976],[-88.8090262832694,30.38507635041956],[-88.80573038245828,30.382085626614376],[-88.79871133759532,30.3784845521988],[-88.79321817197228,30.37592107508349],[-88.78851846398518,30.373296563734208],[-88.78149941912223,30.3704889440091],[-88.77551797063323,30.367681327366565],[-88.77271035268807,30.366094413605648],[-88.76471474568646,30.360723318389176],[-88.75739052425688,30.354497731063447],[-88.75000526949025,30.349920094883526],[-88.7465872984118,30.349920094883526],[-88.74371864533292,30.347722828738682],[-88.73199989158456,30.34430485914539],[-88.72559119895656,30.343511402318004],[-88.72168494770712,30.343694508549152],[-88.71729041628664,30.343328297294843],[-88.70978308855774,30.343328297294843],[-88.70630408414226,30.342717945260507],[-88.69922400414562,30.344121754831328],[-88.69189978361436,30.34747869035092],[-88.68878698910252,30.34949285065769],[-88.68610144052636,30.351507011368383],[-88.67871618665804,30.356084649270667],[-88.67279577420103,30.358892267078545],[-88.66968298058754,30.359685724761984],[-88.66602087077105,30.361089532754335],[-88.65649938363123,30.360112970985664],[-88.64508580555118,30.359929865246777],[-88.63800572555455,30.359502619773593],[-88.62982701315197,30.366521664387342],[-88.62653111413748,30.367681332791992],[-88.62323521332634,30.369085142277243],[-88.61731480266597,30.37268621729928],[-88.61151646137462,30.373113463303895],[-88.61218784874323,30.36810857896542],[-88.61090610913965,30.36371404699815],[-88.61102817940697,30.35913640954374],[-88.61090610913965,30.355291194159822],[-88.60559604891759,30.35571844097319],[-88.60571812008324,30.36072332381501],[-88.60901401999607,30.368535825597164],[-88.60828159749377,30.37268621729928],[-88.60211704450211,30.373113463303895],[-88.60101841209615,30.369085143052306],[-88.59949253195792,30.36469061079123],[-88.60260532646974,30.361333675936237],[-88.60132358686616,30.355901546068463],[-88.59851596892099,30.358709163705417],[-88.59418247173586,30.357732601426054],[-88.59522006990647,30.36151678137245],[-88.59723423111403,30.367132017526462],[-88.59680698517838,30.370916198065725],[-88.59430454200319,30.373296569934354],[-88.58929965744947,30.37189276046231],[-88.5860037593333,30.371282408363705],[-88.58240268375216,30.368535826372227],[-88.58270785942048,30.36169988801613],[-88.58582065303398,30.35889227017909],[-88.58331821165542,30.355535335535222],[-88.58099887388126,30.35010320540383],[-88.57819125593606,30.34692937636403],[-88.57520053258989,30.345708673089423],[-88.57129428134043,30.344732110515782],[-88.56781527692493,30.344487970094217],[-88.5645804130441,30.344732110515782],[-88.56183382933428,30.34351140774483],[-88.5521902719271,30.34332830272163],[-88.54431673429454,30.34369451397598],[-88.53619905702561,30.343328303496897],[-88.52252717810168,30.340093439934126],[-88.517217116083,30.33649236444628],[-88.51459260443711,30.33429509923741],[-88.51093049641727,30.344121761033332],[-88.50720734877218,30.346502133035177],[-88.50891633431141,30.341314143466146],[-88.5109915297543,30.3313043754937],[-88.50909943881409,30.32892400379579],[-88.50641389113623,30.327886405643017],[-88.50482697676266,30.32172185414765],[-88.49542755989015,30.31952458865239],[-88.48938507806413,30.318914236350164],[-88.485600897082,30.318914236350164],[-88.47992462605798,30.318486990965795],[-88.47528595320453,30.319280448187772],[-88.47192901815806,30.320134941029497],[-88.46680206513363,30.323125663889925],[-88.4644216922258,30.324895684683465],[-88.4616140742806,30.32648259899533],[-88.45868438606809,30.32727605658984],[-88.4545339951823,30.329534358086526],[-88.45160430607149,30.331731623126178],[-88.44971221602955,30.334111994808083],[-88.44641631701508,30.339299985407017],[-88.44592803594576,30.344304868448436],[-88.44641631701508,30.347295591974646],[-88.4489797944256,30.355291199585988],[-88.44491637034076,30.357474532278733],[-88.44080108112469,30.35687811422437],[-88.43768828751121,30.358526063865252],[-88.43451445876403,30.358281922977277],[-88.43188994801646,30.360906435819704],[-88.42950957510861,30.35748846553411],[-88.42682402743075,30.355535340186222],[-88.42383330318627,30.35553534096139],[-88.42120879064207,30.357732606852093],[-88.41211455033621,30.35828192375243],[-88.41101591703193,30.35553534096139],[-88.41010038912866,30.351934266179764],[-88.40631620814654,30.350286317131893],[-88.40192167582775,30.34992010573643],[-88.403813766768,30.347722839591814],[-88.40192167582775,30.344304869998908],[-88.40047209050493,30.34529096999802],[-88.40021269118684,30.345098327371172],[-88.3992997333636,30.346085812476176],[-88.39458982590477,30.349426101985085],[-88.39398710395984,30.349675965078283],[-88.39404050970181,30.349805665072545],[-88.39383556535793,30.349946090646252],[-88.39497982948538,30.35332167021344],[-88.39597074670225,30.354453874261818],[-88.39774858271811,30.35822875766101],[-88.39819853177593,30.35968573328843],[-88.39758818043929,30.36328680797839],[-88.39679472280335,30.366094426006935],[-88.40170279412227,30.37029743528567],[-88.40285449091037,30.371849722919357],[-88.40363066136698,30.37347968087195],[-88.40668242074514,30.37488349003231],[-88.41070311287021,30.37561972664798],[-88.41119902422956,30.378911810835444],[-88.41209275451247,30.379984286364135],[-88.41241972780115,30.381292182525836],[-88.40900175851932,30.38593085545988],[-88.40442411990126,30.38709052377185],[-88.40082304432013,30.384527046879395],[-88.39691679307067,30.382085640563513],[-88.39691679307067,30.385076363593328],[-88.39880888401089,30.388494333493885],[-88.39368192918982,30.38672431380499],[-88.39771025070661,30.389104685050704],[-88.39972441101585,30.391240916467655],[-88.39868681374355,30.393926462662638],[-88.39648954803333,30.39752753904697],[-88.40038996472502,30.472600760303646],[-88.40149443618033,30.500310763783837],[-88.40192168301428,30.50470529585516],[-88.4036306685535,30.535283915583626],[-88.40381377485282,30.544317120698263],[-88.4047293027561,30.559331772615913],[-88.40631621892632,30.593694573456446],[-88.40662139549296,30.597295648272507],[-88.40741485402721,30.61871899311023],[-88.40741485492553,30.628728761212177],[-88.40833038193051,30.642705814077814],[-88.40961212243239,30.668706796421855],[-88.40991729810072,30.680913830730017],[-88.41028351069933,30.68610181967048],[-88.41071075573666,30.698125748428627],[-88.41162628453826,30.714116962346612],[-88.41229767190688,30.73053542316957],[-88.41290039564845,30.735723411888884],[-88.42493195355851,30.735479271828236],[-88.44330354136787,30.73547927105609],[-88.44710297933678,30.735319053829233],[-88.460088213007,30.735296164639475],[-88.46881624251087,30.73511305941916],[-88.56873082099789,30.735113055558475],[-88.57428502175459,30.734929949990292],[-88.5882010412132,30.73492994921813],[-88.59131383572502,30.735113054786375],[-88.60382604621103,30.735113054786375],[-88.60931921183405,30.73492994844598],[-88.6135916738855,30.735113054786375],[-88.62500525106722,30.735113054014224],[-88.63709021471927,30.73492994767383],[-88.65411902958799,30.734929946901733],[-88.65836097317428,30.73471823164402],[-88.67670204162017,30.734929946129583],[-88.6883902778017,30.734739211468305],[-88.71301797040489,30.734685804830722],[-88.73352578879079,30.734929944585286],[-88.75000528655823,30.734517956749862],[-88.82782513048913,30.73431959017836],[-88.83221966280792,30.73450269458991],[-88.84100872834377,30.73608960885216],[-88.86688764118706,30.73590650282318],[-88.8750053193543,30.735479256385524],[-88.88451154860901,30.73572339644626],[-88.88452680379916,30.676702387781255],[-88.88898237214993,30.677312739830178],[-88.98090134183872,30.677312736739786],[-88.98541794532314,30.677129630371176],[-89.10938038264354,30.677129625735592],[-89.11609425004154,30.676885485688572],[-89.13281788834364,30.676885484916003],[-89.13879933413769,30.677129624962987],[-89.23328178213534,30.67712962187258],[-89.23999565132996,30.67609202414923],[-89.24011772159729,30.654119363371848],[-89.24127738913693,30.647710670019727],[-89.25079887627673,30.64728342409812],[-89.26300591019611,30.647283423325273],[-89.27301567930355,30.647527563972666],[-89.34131403789127,30.64771066692838],[-89.34131404238285,30.74292553137374],[-89.34149714778384,30.750310787443063],[-89.34131404238285,30.756109128074275],[-89.34113094057511,30.821294688166013],[-89.34088680004045,30.83789625518261],[-89.34082576939836,30.909307403262698],[-89.34088680632867,30.960088664259747],[-89.340703701826,30.993717135436654],[-89.3408944366187,31.00067705210042],[-89.3486993097259,31.001111926894787],[-89.34900448539422,31.006109182172782],[-89.34979031363845,31.010496083798195],[-89.3577325157964,31.01032060769825],[-89.39948057417217,31.010320606158377],[-89.40500425646374,31.010118427208326],[-89.42480254142082,31.01011842643839],[-89.42520689828301,30.98720735013432],[-89.4267022599561,30.982732709529188],[-89.43872618847446,30.982915813848507],[-89.47600342241104,30.982917720726018],[-89.47590423942052,31.000818191642956],[-89.49375702769541,31.001468596003527],[-89.49652649868204,31.001714643619515],[-89.5009820670328,31.001714643619515],[-89.50140168357673,31.00811761503274],[-89.50140168357673,31.011417329177647],[-89.50210358761387,31.013818681572157],[-89.54279116054225,31.013921677283395],[-89.55121401437779,31.014104781778432],[-89.55250338157644,31.001918729180627],[-89.56952456525684,31.002324993272808],[-89.65400487443706,31.00251763245398],[-89.7130182570279,31.00250809386496],[-89.72388251800663,31.00232498788286],[-89.72824671691322,31.00169395930493],[-89.72888740256036,31.002935339019086],[-89.72960456538092,31.00391762409509],[-89.73170265079558,31.004718710263734],[-89.73360236933088,31.00451843973758],[-89.73410591008194,31.003990103340158],[-89.7368219744283,31.00269119872543],[-89.74090370168703,31.003518988032287],[-89.7435053260561,31.002918173021364],[-89.74640449670179,31.000921178301304],[-89.75011238376683,30.999523091559432],[-89.75269874845416,31.00131790716579],[-89.7577036339062,31.001918722250707],[-89.83569895384639,31.002080842946462],[-89.83590494921914,31.0073184245471],[-89.83580576712696,31.021018912221233],[-89.83600413131134,31.030418328676028],[-89.8359049528124,31.07491868896222],[-89.86829936976763,31.07501787006669],[-89.87510479166275,31.074817597329876],[-89.92090405973043,31.07471841370829],[-89.92090406062879,31.08421701214104],[-89.92130078899758,31.089317263967843],[-89.92889966763036,31.089218081628516],[-89.9295023904736,31.094018878719368],[-89.92950239137191,31.111217445212546],[-89.93790235703236,31.111118262666647],[-89.93819990330896,31.1147174295262],[-89.93829908540117,31.118417687541395],[-89.93840589868171,31.132617900550486],[-89.9450053261024,31.13291735432018],[-89.9923991379354,31.1327170813898],[-89.99770156876573,31.132617898243655],[-90.00100509896858,31.132318445066506],[-90.00580398814955,31.132818170614488],[-90.00620071651836,31.147117566651524],[-90.00610153532449,31.171018556391402],[-90.00629990130552,31.175617175184776],[-90.03100388782579,31.175718263240576],[-90.03190415604735,31.181518512446612],[-90.03190415694564,31.199117621352578],[-90.03170579276124,31.212217295625337],[-90.03190415874228,31.233917204696283],[-90.03460496430523,31.233917204696283],[-90.04030412530102,31.235017744914142],[-90.04030412619933,31.249816866347842],[-90.04050248948543,31.25601765799164],[-90.04030412799597,31.29261777917954],[-90.04050249128207,31.306817992196166],[-90.04040331098649,31.33611678115477],[-90.0480021905176,31.33611868784327],[-90.04880327574861,31.33241843093342],[-90.05309862777179,31.33241843093342],[-90.05340380254181,31.32901762729354],[-90.07000536967826,31.328718172797046],[-90.07819934176257,31.328718172029692],[-90.0819987806298,31.3289184443338],[-90.08230395719643,31.336017598003398],[-90.09100147093011,31.336017597236108],[-90.091100652124,31.343317021714824],[-90.1084041241959,31.343517292105485],[-90.10860248927862,31.350917807035444],[-90.12500569223066,31.35071753552356],[-90.18449972560079,31.350618350119984],[-90.20960044048988,31.350418077970403],[-90.22300529160235,31.350418077970403],[-90.22990226440135,31.350618348585634],[-90.24370384298432,31.350316987384534],[-90.25010490711894,31.35031698661736],[-90.26040459221299,31.349616988943193],[-90.26840020011288,31.350318894552423],[-90.30489923340029,31.350318893018134],[-90.41510586758965,31.349817255894134],[-90.44260221327168,31.349517800844605],[-90.46130186402615,31.349517800077418],[-90.46950346550217,31.349317528652964],[-90.4749050775264,31.349317528652964],[-90.47790343026429,31.34951779931023],[-90.54850586694444,31.34961697897],[-90.59000215539388,31.34951779547443],[-90.59890566090704,31.349317524049976],[-90.63300143400977,31.349317522515612],[-90.63720523153582,31.349218339471385],[-90.6497021832384,31.34941861110703],[-90.67700016473604,31.34921833793706],[-90.68230259556638,31.349418610339903],[-90.71510137118044,31.349718062636597],[-90.75010504279474,31.34971806186941],[-90.97580548232209,31.348718602143403],[-90.98330517886264,31.348518331318765],[-90.98579999084949,31.34701724667973],[-90.9871046186282,31.34301753599684],[-90.98710461772987,31.338518100051957],[-90.98859998030127,31.33651729001374],[-90.99440595008603,31.337318376275714],[-90.99960156943247,31.336818650922943],[-91.00269910426255,31.337518647926448],[-91.00449964160396,31.339817003127525],[-91.00690290268695,31.346116977663012],[-91.0100005596879,31.347017267393884],[-91.01280042607048,31.34751697156606],[-91.0159055902923,31.34761806055835],[-91.01970503005784,31.34641833851196],[-91.022505017713,31.343316988724357],[-91.02350446892507,31.340017274830853],[-91.02470228432153,31.338018372630767],[-91.02720472749672,31.336217834826037],[-91.03020307933629,31.335418655872406],[-91.03470442313898,31.335317566047774],[-91.03840468081232,31.336217834826037],[-91.04279921313109,31.335817290932088],[-91.04610274243561,31.334018660710676],[-91.04830000814584,31.3319167620442],[-91.05180189983814,31.330217313402407],[-91.05640242663134,31.330217313402407],[-91.06010268430467,31.332017851685354],[-91.06280349166425,31.3351172935489],[-91.06380294197801,31.338218642791716],[-91.0668012947159,31.338317825157592],[-91.06820510368848,31.336118651013887],[-91.06830428578071,31.33071703928001],[-91.07050155059261,31.32841868358484],[-91.07560561723852,31.328018139493324],[-91.08009933344616,31.32721705310325],[-91.08389877141505,31.32681841691438],[-91.08720230071957,31.326017330290334],[-91.08949874852202,31.324817607535127],[-91.09160446243006,31.32291788804371],[-91.09499954353674,31.320918986410934],[-91.09790634447245,31.322116801226652],[-91.09900497687842,31.3241176096845],[-91.10270523455175,31.32651705544487],[-91.10619949775065,31.32481760676775],[-91.10800003599037,31.32221788988144],[-91.1099989375162,31.320918985643516],[-91.11360001219903,31.320018716342354],[-91.11800217480781,31.320318170117254],[-91.11960434796482,31.321918436776503],[-91.11970353005702,31.324918696359525],[-91.12209916084997,31.32661814474643],[-91.12510514297956,31.3268184153797],[-91.1272032274959,31.327518412331873],[-91.12859940707679,31.330818126373067],[-91.13090348427093,31.33181757753553],[-91.13280320370454,31.331417034095995],[-91.13530564687973,31.33251757414148],[-91.13750291258995,31.33461756571466],[-91.1384031817098,31.33711810036229],[-91.14120317026327,31.337518643322873],[-91.14310289059522,31.339816998524004],[-91.14180589310654,31.34311861985058],[-91.14580369615817,31.343517255279],[-91.14539933929596,31.346816969930888],[-91.14870286680386,31.346418333908822],[-91.15090013341239,31.345416975582836],[-91.1523039432833,31.34651751530248],[-91.15460039018743,31.34371752677779],[-91.15659929261156,31.34501833899814],[-91.15839983085127,31.34721751226151],[-91.16170335925749,31.350017500938023],[-91.16490007617976,31.35021777163908],[-91.16770006563158,31.348617506662205],[-91.17110277612998,31.34611887877851],[-91.17360521750854,31.346418332374405],[-91.1778013856429,31.350118589544273],[-91.18030382881807,31.3512172223382],[-91.18260027662049,31.35041804344809],[-91.1856062587501,31.3489169584408],[-91.18770434416474,31.35361857465551],[-91.19160296512419,31.353317213862884],[-91.19479968204648,31.354717207986834],[-91.19759967149827,31.353816938262444],[-91.20060565272954,31.35321803120105],[-91.20509936714052,31.353918028154645],[-91.20879962481385,31.355018568128454],[-91.21140124918291,31.357818555445423],[-91.21050098006306,31.362317992454823],[-91.21370532727538,31.365217163372932],[-91.21930530438235,31.369317962727887],[-91.21809985959415,31.371517136027986],[-91.22300556205566,31.370618775170698],[-91.2250044635815,31.371517136027986],[-91.22830036349428,31.371517136027986],[-91.23209980236152,31.372718765911554],[-91.23620441779539,31.371517136027986],[-91.23869923068057,31.36961741607727],[-91.23959949980042,31.367017699850035],[-91.24200275908676,31.367618514797968],[-91.24450520226193,31.367717696841733],[-91.24770192008253,31.366117429786698],[-91.25060108893159,31.363717985259417],[-91.25410298242052,31.36501879773856],[-91.25580433766974,31.362317990920676],[-91.25810078637048,31.361017178653306],[-91.26199940732991,31.36091799644287],[-91.26430348452405,31.363017987628123],[-91.26180104314551,31.364717435133908],[-91.26210621971214,31.367017699082986],[-91.26270131316367,31.369218779304898],[-91.26560048291105,31.368617963848862],[-91.26900319340945,31.368717147138895],[-91.27219991123008,31.368118238350917],[-91.27480153470081,31.3694171437452],[-91.27530507545185,31.366218519492925],[-91.27640370785781,31.364017438808983],[-91.27960042478011,31.361617992836152],[-91.28110341764155,31.359718273773648],[-91.28300313617684,31.357818553144124],[-91.28570394263812,31.356616923772883],[-91.28999929286468,31.35671801295625],[-91.2930052758926,31.359518001060305],[-91.29600362863046,31.360517451865594],[-91.29940633912888,31.362018535025527],[-91.30230550977457,31.360717723216947],[-91.30550222759517,31.360917994908693],[-91.30840139734254,31.35841746005335],[-91.31090383872109,31.354618020664596],[-91.31400137444949,31.35661692300576],[-91.31740408494791,31.354818292308448],[-91.32020407350137,31.353116936720696],[-91.32340079042368,31.354017205475362],[-91.32400351326692,31.352218575682496],[-91.32629996106934,31.351718850460685],[-91.33109885114864,31.35141748818307],[-91.33220511474295,31.348916953837737],[-91.33520346837915,31.34611696538788],[-91.33849936559702,31.343717519872833],[-91.34110099086439,31.340516988566637],[-91.34420615418787,31.340717260314502],[-91.34670096707303,31.339517536957864],[-91.35000449547924,31.338617268291593],[-91.35280448582934,31.33981889746508],[-91.35339957748425,31.342018071055577],[-91.35529929871448,31.343917791712578],[-91.35830527904746,31.34271806850605],[-91.36179954404301,31.341918888754044],[-91.36480552617259,31.342117254019676],[-91.36620170485516,31.336017551199348],[-91.36970359834409,31.33501810013664],[-91.37260276988809,31.334917009881714],[-91.37570030471818,31.336317003955365],[-91.37850029237333,31.33651727620278],[-91.38229973124056,31.33481782776771],[-91.38500053770184,31.33151811353146],[-91.38799889043973,31.33021730189248],[-91.38850243029245,31.326818406171462],[-91.39150078303034,31.325218140689095],[-91.39310295708565,31.328018127983114],[-91.39719994312782,31.32501786818615],[-91.39880211628481,31.323617874095227],[-91.40080101781062,31.324518142747163],[-91.40740044523133,31.323417602024904],[-91.41060479244364,31.32411759817387],[-91.41430504921867,31.321317610744945],[-91.41810448898423,31.31921761943957],[-91.42059930186937,31.31861871084423],[-91.42330010743234,31.316217358538854],[-91.42700036510566,31.31481736482878],[-91.43070062188069,31.314418728326846],[-91.43459924463676,31.314918453645355],[-91.43639978197817,31.317218715996166],[-91.44250329983616,31.318918164466922],[-91.46010431818468,31.319517071925098],[-91.46750483173474,31.31951707115767],[-91.46870264623288,31.30651848782029],[-91.46880182922341,31.299016883010935],[-91.46950373326055,31.2961177132757],[-91.47160181598025,31.292917181888473],[-91.47110590551924,31.289417195739016],[-91.47150263388805,31.286817479077726],[-91.47369989869996,31.286218566407193],[-91.47630152396734,31.285917210152657],[-91.47960505327187,31.28221695301121],[-91.48200068316649,31.28221695301121],[-91.48440394335115,31.28341858254797],[-91.48710474981243,31.28361885444003],[-91.49350581484536,31.284917757843743],[-91.49580226264779,31.283517763518883],[-91.49580226174947,31.279218600192195],[-91.49700007714594,31.276117250475806],[-91.49510035681402,31.274017259070956],[-91.49280390901158,31.27251808248048],[-91.49090418867966,31.270517273161364],[-91.48920283343045,31.26611701966554],[-91.48640284487699,31.265317840286396],[-91.4835036742313,31.265317840286396],[-91.48130640762275,31.26361839197528],[-91.48000177984406,31.261217040413417],[-91.47760614994941,31.259117048323347],[-91.47770533293993,31.25691787516473],[-91.47870478235536,31.25381843335855],[-91.47970423356743,31.251317898826947],[-91.47820124160432,31.248317637832013],[-91.47839960668705,31.246017375376663],[-91.47990259775186,31.244317927493405],[-91.47890314653978,31.241416849809177],[-91.47880396444758,31.23921767604509],[-91.48320612525974,31.237817681856647],[-91.48309931467413,31.234718239871654],[-91.48560175605269,31.234317696249132],[-91.48830256251395,31.23501769268323],[-91.48810419832957,31.231918251013134],[-91.4874022933941,31.229118262907438],[-91.48930201282772,31.226318274029936],[-91.49180445510457,31.22731772551468],[-91.49510035411907,31.225318823498316],[-91.49780116058034,31.225318823498316],[-91.50070033212435,31.2260169123866],[-91.50380549544782,31.22591773013573],[-91.50630030833298,31.226217184719854],[-91.50919947897867,31.222417744678733],[-91.51450190980901,31.21771803678024],[-91.5192016177961,31.215618044682284],[-91.52280269337722,31.215618044682284],[-91.52940212079793,31.214618593947755],[-91.52960048498234,31.22001829919815],[-91.52930293960405,31.225517186848542],[-91.53110347694546,31.231418524419603],[-91.53400264938776,31.234617148025904],[-91.53770290526447,31.236917411621306],[-91.54089962308508,31.238317406094673],[-91.54390560611299,31.23901740284755],[-91.547300688118,31.239217677581244],[-91.55260311715173,31.238618766144068],[-91.55710446185272,31.237018500237568],[-91.56120144879318,31.235118780259867],[-91.56390225345783,31.233016881929096],[-91.57420193945019,31.225818546244383],[-91.57570492961666,31.224517733991007],[-91.57690274411483,31.222118288811586],[-91.57840573517963,31.218118578546235],[-91.58330380735111,31.21281805462468],[-91.58600461381239,31.207517531674416],[-91.58680570084005,31.20481672523466],[-91.58550107306135,31.202417280274886],[-91.58379971871047,31.20061674300767],[-91.58420407557267,31.197317028969504],[-91.58530270887695,31.195217037998557],[-91.5862029770985,31.192817592392725],[-91.5893005128269,31.190217876115682],[-91.58870542027367,31.185518168109827],[-91.58880460146756,31.1798171018188],[-91.59020078015011,31.175617119078062],[-91.59490048813721,31.167217153569375],[-91.59710538323915,31.16351689605494],[-91.5996993782165,31.159618275022627],[-91.60420072291751,31.154518023290272],[-91.6105026031633,31.14781750642582],[-91.62170255647888,31.136918913467287],[-91.62420499965407,31.133718381837017],[-91.62510526787561,31.131317029110104],[-91.62570036042884,31.128818401635794],[-91.62650144655818,31.1191176245589],[-91.62550199624442,31.11631763633233],[-91.62209928484769,31.111217385222155],[-91.61860502075048,31.107318763574938],[-91.61480558188325,31.104318504432026],[-91.6095031501546,31.10151851584229],[-91.60540616321411,31.09841716614608],[-91.60260617555896,31.096616628535138],[-91.59990536909768,31.095117452927976],[-91.59470212035956,31.091417196147113],[-91.58870541578209,31.0867174882358],[-91.58590542543197,31.08421695290294],[-91.58140408162932,31.080917239665343],[-91.57740627857766,31.07821834114962],[-91.56770168603686,31.070217012597737],[-91.5641997916496,31.066818116316462],[-91.56130062100392,31.060918686058614],[-91.56040035188406,31.057617064556947],[-91.55990444052473,31.054117079204484],[-91.56040035098574,31.049518460761362],[-91.56120143891172,31.046216840031324],[-91.5644057834291,31.03901850412008],[-91.56650386794543,31.035917154432077],[-91.5694030385911,31.032317986887918],[-91.57169948639356,31.029817452309626],[-91.57520137988249,31.026517737923275],[-91.57840572619648,31.02401720349135],[-91.5846999797455,31.020217763657396],[-91.59050594863191,31.01731859329559],[-91.59540402080343,31.01531778445194],[-91.60650479292514,31.01121698264401],[-91.61300503825363,31.009017808778157],[-91.62440335755026,31.00561700581249],[-91.63650357998571,30.999418121382277],[-91.63910520345647,30.99761758414801],[-91.6410049237884,30.995317320161732],[-91.64300382531421,30.991517881344524],[-91.64520109102445,30.988017895694632],[-91.64680326418144,30.985717632004935],[-91.6494048885505,30.9826181903074],[-91.65279996965721,30.980117655661843],[-91.65569914030289,30.97771821028352],[-91.65710294927547,30.976016855000008],[-91.65810239958924,30.974017953043987],[-91.65980375483842,30.971217964230046],[-91.66250456219802,30.970317696395362],[-91.66300047265905,30.97231850436226],[-91.66350401341009,30.98061738028679],[-91.66260374429024,30.98561844950775],[-91.66160429397648,30.987617351844026],[-91.66000212081948,30.989917614395186],[-91.6583007664686,30.993417600420145],[-91.65930021588402,30.99641785958201],[-91.65749967854262,31.00041757064367],[-91.65610349986005,31.00451837198023],[-91.65420378042643,31.008617264579538],[-91.6519988853245,31.012117250287012],[-91.65040434066088,31.014118060114573],[-91.64410246041513,31.023116932026],[-91.64449918878393,31.027517187088616],[-91.64639890821755,31.032817709675637],[-91.64890135139274,31.03681742037053],[-91.65150298025337,31.0393179474049],[-91.6550048683524,31.041618217755317],[-91.66060484545936,31.04421793351605],[-91.66370238028945,31.044816841850103],[-91.6675018209533,31.044717660039588],[-91.67870177606552,31.0435179357684],[-91.6819061205829,31.0435179357684],[-91.68530120258791,31.04321848260418],[-91.68910064145514,31.041517126906623],[-91.69669952008792,31.039218771410514],[-91.70080413642009,31.039317953562403],[-91.70480193947174,31.039817678099517],[-91.70780029310794,31.040918218593575],[-91.71060028076309,31.041118490354393],[-91.71390381006763,31.04121767206659],[-91.71850433596249,31.040717947181143],[-91.72189941796752,31.04171739740753],[-91.7230056806635,31.043817388760324],[-91.72490540009711,31.04241739377162],[-91.7265991259546,31.03991876690436],[-91.73340454874807,31.03351770296466],[-91.73990479407657,31.02941690316482],[-91.74339905637716,31.02701745727355],[-91.7457031335713,31.025216919433188],[-91.74810639375595,31.02251802115225],[-91.74880066929971,31.019218307197807],[-91.7521041968076,31.017217498208947],[-91.75500336745327,31.014917235162816],[-91.75890198931103,31.012817244016745],[-91.76479951269458,31.01061807011709],[-91.76730195497144,31.009218076011685],[-91.77010194352492,31.007016995059203],[-91.77260438580178,31.004716731444923],[-91.77450410523541,31.00141701789941],[-91.77590028391798,30.994417047113902],[-91.77760163916717,30.989917610544794],[-91.78010408144405,30.987018439710535],[-91.78310243418193,30.985618444887002],[-91.79730074113372,30.982417912648927],[-91.80000154669666,30.980817647861375],[-91.80260317196405,30.97881683782765],[-91.80530397842533,30.975118487852704],[-91.80600588246247,30.972516864550172],[-91.80570070589583,30.96921715014301],[-91.8033050760012,30.959318009025836],[-91.80280153435184,30.955716934075326],[-91.80250398807523,30.950816953852716],[-91.80309908062846,30.940217816085397],[-91.8020996303147,30.93631728713601],[-91.8008026319277,30.92761786873064],[-91.80019990908445,30.925218422906415],[-91.80180208224147,30.914018469541123],[-91.8017028983526,30.902316883056653],[-91.8013061708821,30.897617174785132],[-91.80270235046301,30.88331777864336],[-91.80240480328807,30.879417250405957],[-91.8017028974543,30.875217268433733],[-91.80260316657417,30.869018384370907],[-91.80390016316453,30.86451703987114],[-91.80670015261633,30.862718409843538],[-91.809904498032,30.86181814140956],[-91.81760255965531,30.86181814063843],[-91.82190553927359,30.860517328592234],[-91.82300417257784,30.857217615055806],[-91.8224014497346,30.854518715493477],[-91.81989900745774,30.852018180453467],[-91.81830446369243,30.849017921566375],[-91.81530611095454,30.848117652537255],[-91.80859987204994,30.843017401478846],[-91.80460206630336,30.840717139192854],[-91.80110017371275,30.837516607526414],[-91.79950562994745,30.834317983094564],[-91.7985061787354,30.829017459543305],[-91.80270234686974,30.824117479471962],[-91.80570069870932,30.822318850284674],[-91.80769960023513,30.819917497887076],[-91.8084015051706,30.816917236790605],[-91.80810395799566,30.813817795213943],[-91.80679933201358,30.810716445933892],[-91.80489961257997,30.809018905106452],[-91.80330506881468,30.807317549794238],[-91.80010072070405,30.80621701006126],[-91.79490510225592,30.80291729514358],[-91.7929061998318,30.801118666360846],[-91.79020539426884,30.79971867176401],[-91.78740540481705,30.79791813428774],[-91.78349915356759,30.796718411843198],[-91.77969971470036,30.79511814644472],[-91.77740326599962,30.793617062416892],[-91.773901373409,30.790418438230567],[-91.76830139540374,30.78471737265266],[-91.76610412879519,30.780917933146164],[-91.76460113773038,30.77691822166701],[-91.76370086861053,30.77331714744322],[-91.76040496959602,30.766517447934195],[-91.75820007359579,30.762817190957236],[-91.75630035326385,30.760118291522268],[-91.7554000850423,30.75661830740348],[-91.7554992662362,30.753316685258778],[-91.75590362399672,30.750217243832797],[-91.75700225730098,30.7482164342821],[-91.75800170761474,30.745618624343898],[-91.75780334343034,30.741317552885857],[-91.7542022678492,30.73731784193497],[-91.75160064348012,30.735118668995995],[-91.74830474446564,30.728917877460525],[-91.74740447534577,30.726016798797115],[-91.7463058420415,30.723317900601803],[-91.74329985901359,30.718517102178282],[-91.7402023241835,30.715118207096964],[-91.73790587548275,30.712117947228975],[-91.73489989335317,30.706117427102846],[-91.73390044214109,30.702617441669407],[-91.73360289586448,30.696416650155694],[-91.73420561780942,30.691617760287734],[-91.73520506902148,30.68841722863043],[-91.73600615515082,30.68511751452256],[-91.73570097858419,30.678617268402483],[-91.73240507956969,30.672418384250605],[-91.73160399344034,30.670217303461943],[-91.73270262494799,30.66811731245208],[-91.73810423876884,30.664617326199977],[-91.74170531345167,30.66361787566752],[-91.74550475321722,30.660617615217387],[-91.74600066277992,30.652917647488337],[-91.7440017612541,30.639817973719683],[-91.74140013598671,30.63121773695768],[-91.74329985542033,30.627517480135957],[-91.74470366439293,30.625617760902898],[-91.7475036529464,30.624217766696496],[-91.75040282359208,30.62241722932502],[-91.75220336093348,30.620418327612285],[-91.7540038982749,30.617418066613535],[-91.75470580231205,30.61331726669212],[-91.7539047161827,30.608117833030782],[-91.75190581375855,30.605016482996863],[-91.7510055446387,30.600217593568228],[-91.75210417704466,30.596217882009423],[-91.75269927049621,30.592517625291652],[-91.75380553229387,30.58731819109528],[-91.7544006248471,30.580516584804794],[-91.7544006248471,30.574218518708946],[-91.75530089396695,30.571317440703506],[-91.75700224921616,30.567518001214044],[-91.75710143130836,30.563417201029598],[-91.75530089306864,30.55871749315598],[-91.75350035572723,30.554818871816767],[-91.75160063449698,30.55171752225697],[-91.74960173297116,30.546716452912015],[-91.74580229500225,30.53911757447965],[-91.74350584450487,30.534116505311527],[-91.74170530716346,30.53091788099849],[-91.73970640473932,30.527816530969712],[-91.73640287633313,30.52511763278993],[-91.73350370568744,30.52151846499466],[-91.73200071372432,30.51781820837668],[-91.73190153253044,30.515317673960112],[-91.73140562027278,30.512117142245675],[-91.73340452449355,30.509517425690102],[-91.73589933648039,30.508216612993255],[-91.74310148584603,30.508617156446828],[-91.74740446456599,30.509116881301374],[-91.75040281820219,30.508416883765353],[-91.75300444257125,30.506818525533532],[-91.75500334319877,30.504117720001684],[-91.75590361231862,30.50091718804537],[-91.75620115859523,30.497716656039998],[-91.70110165664558,30.497318022132223],[-91.70120083873778,30.492316953136065],[-91.6922057796258,30.480916727681837],[-91.68900143241348,30.4795186411497],[-91.68530117563846,30.476018656128563],[-91.67750393282128,30.475717295433274],[-91.6746047621756,30.474317300881346],[-91.65890346415901,30.457618459890302],[-91.64770350814847,30.449117405769424],[-91.64570460572435,30.44411824497631],[-91.63979945294906,30.44201825367312],[-91.6372054579717,30.4349171935479],[-91.63910517740531,30.43021748479108],[-91.63470301479651,30.422618606847326],[-91.63470301479651,30.419717529022922],[-91.6326049311785,30.41771671994872],[-91.62930140187399,30.416217543396222],[-91.62840113365243,30.413417555313618],[-91.63000330591112,30.410217023005508],[-91.63000330591112,30.40711758169142],[-91.62840113365243,30.40471813601171],[-91.62679895959712,30.40061733552175],[-91.6250060507491,30.39531681348376],[-91.6251052328413,30.39241764249334],[-91.62600550196117,30.389417382062366],[-91.62630304823779,30.38641712248354],[-91.62810358468087,30.38231822952147],[-91.62820276677307,30.37901660774748],[-91.63290247476017,30.375518529859793],[-91.63620600406469,30.374217717566687],[-91.64150080550333,30.373618809955346],[-91.64370570060528,30.372117725676304],[-91.64770350455521,30.365417207716416],[-91.6414016225128,30.361716951350225],[-91.6285994951419,30.355617249944313],[-91.62550196031181,30.352817261296344],[-91.62679895690218,30.3502175449432],[-91.62600550016452,30.345718108530154],[-91.62470087238583,30.34181757979052],[-91.62520441223856,30.336517056598836],[-91.62590631717401,30.333217342742316],[-91.6273024967549,30.331117351479215],[-91.62550195851517,30.323417383621607],[-91.6244033252109,30.32061739510123],[-91.62109979590639,30.30991716691775],[-91.61910089438058,30.30711717882859],[-91.61050256363741,30.297616673962803],[-91.6040023174106,30.28941698015243],[-91.59039910211372,30.277417848113178],[-91.58790428922858,30.272317595973306],[-91.58880455834843,30.269117064711445],[-91.59080345987424,30.2668168021977],[-91.59110100704916,30.26371735903959],[-91.59029992091983,30.260217374860332],[-91.58800347132076,30.257117932124103],[-91.57950432356813,30.250917140719306],[-91.57570488380259,30.247817698626935],[-91.57030327088005,30.24481743884864],[-91.56340629628441,30.24221772284189],[-91.55910331666614,30.24181717903982],[-91.55470115405735,30.241918268727638],[-91.55010062906078,30.24081772889536],[-91.54500419180656,30.23991745972051],[-91.54220420235477,30.239816371078966],[-91.53529959926573,30.240117732204403],[-91.53300315056498,30.240817729671445],[-91.53059989038033,30.241218272890453],[-91.52660208732868,30.240916912035235],[-91.52110129231393,30.240817729671445],[-91.51730185165009,30.241117183258652],[-91.50940542674068,30.24051636914022],[-91.50000601076653,30.238218013408613],[-91.49600057742487,30.237718287993143],[-91.49170522719828,30.236617747698695],[-91.48330526153788,30.23311776275118],[-91.47860555265245,30.231418315303944],[-91.47530202424625,30.22931641589146],[-91.47649983874442,30.22551697741787],[-91.479505820874,30.224017800908868],[-91.4813063582154,30.221217811851627],[-91.48219899794357,30.2177178259967],[-91.48530416216538,30.21481865550251],[-91.48830251490327,30.209817586497444],[-91.48950033119804,30.206018147898487],[-91.48830251490327,30.204316792065423],[-91.48969869358582,30.20061844250485],[-91.48720388070066,30.197818453690452],[-91.48380117020226,30.195018465214645],[-91.47620229156949,30.191318208763352],[-91.47320393793329,30.188617402549227],[-91.47200612253681,30.186217957677286],[-91.47260121509004,30.182416611203355],[-91.47240285090562,30.179717712725328],[-91.47150258178577,30.176017454553318],[-91.46990040862876,30.17311828451948],[-91.46870259323228,30.168018033246355],[-91.46870259592724,30.16441886546035],[-91.46809987038904,30.159516978032322],[-91.46830586396516,30.154918360316746],[-91.46819905158293,30.150317834001118],[-91.46940449726942,30.148017570775323],[-91.47120503461083,30.146117851677708],[-91.47220448492459,30.142217322281926],[-91.46900013861058,30.139917059739695],[-91.46640614273491,30.1372181607226],[-91.46150044117171,30.131217640761733],[-91.46210316311664,30.12851683496268],[-91.46430042972517,30.123817127049815],[-91.4680998685924,30.119617143568963],[-91.47170094327524,30.115117707426567],[-91.47189930835796,30.112517991525557],[-91.4708006750537,30.110217727805082],[-91.46410206374414,30.103116667722574],[-91.46120289309845,30.102517760543993],[-91.38940264192014,30.10231749036638],[-91.38940264192014,30.09951750221939],[-91.3807051299831,30.096917786225376],[-91.37810350561402,30.094117797454235],[-91.37720323649417,30.08911863531521],[-91.37570024632768,30.085618650215537],[-91.37340379672862,30.083118115968123],[-91.3713057131106,30.08031622062055],[-91.36900163501815,30.0728184307965],[-91.36890245292594,30.07011762473767],[-91.36900163501815,30.068317087357926],[-91.37060380727682,30.065717370589628],[-91.37190080386719,30.06221738477259],[-91.37000108443358,30.060817390781533],[-91.3688032690371,30.05871740038132],[-91.36760545364062,30.05591741179475],[-91.36350083820676,30.05561795764439],[-91.35999894561616,30.0563179546124],[-91.3576033148232,30.057117134360944],[-91.35570359538958,30.05841794614671],[-91.35420060432479,30.060617120124256],[-91.35180497353183,30.060218484003006],[-91.34850144602395,30.060517938233932],[-91.34280228592647,30.061418206542406],[-91.3402006615574,30.061418206542406],[-91.33800339584718,30.06021848478051],[-91.33620285760746,30.05901876247456],[-91.26920149740674,30.059318217224405],[-91.26690504870598,30.05731740898829],[-91.26440260732745,30.054618509440235],[-91.26350233730928,30.050517710181193],[-91.25900099350658,30.043616920291626],[-91.25739881945128,30.041516929839744],[-91.25520155374103,30.03921857484881],[-91.25079939292888,30.035617499145346],[-91.24400159952714,30.03081670228633],[-91.24139997515806,30.029418614735043],[-91.23840162242017,30.03111806372242],[-91.23600599162724,30.035318046613625],[-91.23409864190359,30.038217216857266],[-91.23180219499947,30.04041829751038],[-91.22920056973209,30.042318016803133],[-91.22620221699421,30.042518289475968],[-91.22360059352346,30.0408188407999],[-91.22200604885984,30.03841748848753],[-91.22189923737594,30.03091779211702],[-91.22390576919177,30.025617268498163],[-91.22900220464938,30.01491704112955],[-91.23040601272365,30.011018419225206],[-91.23250409724,30.006618165183024],[-91.23470136474685,30.00291790733579],[-91.23610517192282,30.00101628084462],[-91.2391035246607,30.000217101434156],[-91.24410077982272,30.000217101434156],[-91.25010511469019,30.00111736993732],[-91.25449964700896,30.00131764182771],[-91.25870344543334,30.000617644554698],[-91.25970289484877,29.991218228520957],[-91.25990125993151,29.987418788004774],[-91.25739881675632,29.98041691107739],[-91.25580427299103,29.974517479818534],[-91.25490400387116,29.971917763259757],[-91.25449964521232,29.96901668553811],[-91.2524015615943,29.96551670028248],[-91.25120374619783,29.962617529186055],[-91.25130292829003,29.959317815250085],[-91.2505018421607,29.956718098742616],[-91.24760267151501,29.956718099520874],[-91.24540540490646,29.955516468803047],[-91.24550458610035,29.953416477427698],[-91.2476026706167,29.95181621201496],[-91.24249860397077,29.94371760754234],[-91.2384016179286,29.93871653835475],[-91.2367002626794,29.937617906727247],[-91.23410626770203,29.93681872635239],[-91.23100110348025,29.93511737245794],[-91.22970410509325,29.932819015568583],[-91.22960492300105,29.930217391853255],[-91.23029919854478,29.927316314145465],[-91.2318021896096,29.92451823259844],[-91.23250409364671,29.921716336784787],[-91.23160382452687,29.917916898173363],[-91.22620221160432,29.913716915654195],[-91.22400494499577,29.911616924151637],[-91.21600170860248,29.9089180261247],[-91.21410198827054,29.907617213746303],[-91.20969982656007,29.902417780667832],[-91.20789928921867,29.899516702071992],[-91.20689983890492,29.896516442425526],[-91.20720501367491,29.893018364207094],[-91.20730419576712,29.887918112591326],[-91.20650310784113,29.88351785896617],[-91.20500011767467,29.878917333169685],[-91.20310039644443,29.875016803937573],[-91.20200176403847,29.87091791092073],[-91.201299859103,29.867118471797696],[-91.19980449742992,29.861117952575135],[-91.19859905264174,29.859717958194857],[-91.19320506911092,29.855617157380724],[-91.19000072189858,29.85141717446642],[-91.18780345529004,29.849218000823612],[-91.1836988416528,29.8465171953469],[-91.17889994977689,29.845317473089487],[-91.16370219161303,29.842416395368176],[-91.15810221450606,29.84091721909372],[-91.15479868609987,29.839418042913714],[-91.15270060158353,29.837916960050702],[-91.15020578869837,29.836816419828974],[-91.14819925778085,29.836717237340746],[-91.14349954889545,29.83741723383568],[-91.14140146527743,29.83741723383568],[-91.13850229463173,29.837117781070848],[-91.13500040204111,29.83741723383568],[-91.13220041348764,29.837117781070848],[-91.12810342654717,29.83481751768941],[-91.12630288920577,29.833516706530627],[-91.12470071604878,29.832017530720737],[-91.12250345033854,29.829316723795387],[-91.11980264297895,29.82761727531975],[-91.11480538871525,29.826617825679573],[-91.11160104240123,29.826617825679573],[-91.10970132206931,29.824416744484502],[-91.10780160173738,29.821817027541414],[-91.10660378634091,29.81981621827559],[-91.10580270021157,29.8167167764047],[-91.10360543450133,29.81741868066665],[-91.10190407835383,29.81571732532342],[-91.09950081816918,29.81461869256462],[-91.09300057194234,29.800717932355614],[-91.09510628585039,29.798118215837434],[-91.09630410034855,29.795016866628423],[-91.0989057238193,29.790017705162732],[-91.09940163517864,29.7879177133025],[-91.09950081727085,29.784417727974773],[-91.09750191574503,29.781316378335926],[-91.09640328154242,29.77861747984505],[-91.09990517592969,29.773316956473476],[-91.09850136516046,29.76971778881937],[-91.09510628405377,29.76571617120482],[-91.0914060254821,29.7590175607991],[-91.09080330353717,29.757316205253385],[-91.08970467113122,29.755616758027294],[-91.09029976368444,29.753717037529512],[-91.0912000328043,29.751718135918377],[-91.09160439056484,29.74931678379545],[-91.0929013880535,29.74691733881938],[-91.09370247328452,29.7430168098553],[-91.09570137570867,29.737117378710458],[-91.09879891053876,29.73591765628151],[-91.10220162193549,29.73641738168636],[-91.10570351452611,29.73471793432339],[-91.10130135101899,29.70551832720924],[-91.10012085873444,29.69989970635222],[-91.09699074200901,29.697087845391263],[-91.09631935553871,29.697087845391263],[-91.09583107357108,29.696904739015295],[-91.09522072223444,29.696294387220433],[-91.09491554746444,29.695500929805966],[-91.0950986510688,29.694280226520885],[-91.09601417897206,29.6928764180977],[-91.09729591767733,29.691716749964364],[-91.09808937531328,29.690679151536102],[-91.09888283205092,29.688115675197448],[-91.09900490141993,29.685735302675543],[-91.09851662035062,29.681706981970752],[-91.09851662035062,29.67633588633834],[-91.09896501172975,29.66986263933991],[-91.09918800682092,29.66510541580247],[-91.0999204284249,29.657903265932642],[-91.10022560499154,29.65649945696488],[-91.10120216713017,29.6539359796235],[-91.10388771480801,29.648076603343856],[-91.10529152378061,29.6455131253869],[-91.10590187511725,29.643682071563184],[-91.10553566341694,29.642705508399043],[-91.10260597610275,29.641484805177548],[-91.0952207195395,29.640080996759398],[-91.09338966463125,29.63953167984691],[-91.08960548275081,29.637700624212357],[-91.08612647833532,29.634893007226296],[-91.08331886039012,29.631291932016058],[-91.08258643788784,29.62872845543548],[-91.08252540365248,29.62769085768826],[-91.08299691766703,29.627262207387524],[-91.08441749279609,29.6248832396831],[-91.08539405762967,29.62390667696127],[-91.0863095837363,29.623296325724848],[-91.08972755391645,29.622075620750817],[-91.09039893948842,29.622075620750817],[-91.09113136199072,29.622319762460148],[-91.09381690966858,29.62347943023458],[-91.09540382404217,29.623723571666236],[-91.098333513153,29.62250286796346],[-91.1002256031949,29.621099058931414],[-91.10278907970711,29.61871868684597],[-91.10449806524633,29.618291440770225],[-91.11139503894366,29.618291440770225],[-91.11389748211884,29.618108334643168],[-91.11578957126243,29.617925229745335],[-91.11719338113335,29.617497983429736],[-91.11798683787097,29.616887630862916],[-91.11841408470495,29.615300716727837],[-91.11841408470495,29.612309992977274],[-91.11871926127156,29.6104789385038],[-91.11908547117524,29.609502375223858],[-91.12079445491784,29.60828167188009],[-91.12293068729103,29.607732355747373],[-91.12750832411247,29.607915461197173],[-91.13001076638935,29.608098567095407],[-91.13342873656948,29.609136164288685],[-91.13629738964833,29.6096854805831],[-91.13818947969023,29.6096854805831],[-91.13879983102687,29.609502375223858],[-91.13941018326183,29.608892023446856],[-91.13971535982847,29.60828167188009],[-91.13971535893018,29.607122003408673],[-91.1391050066952,29.60468059694085],[-91.1391050066952,29.603887139471702],[-91.13941018326183,29.602910576393793],[-91.14081399133612,29.602117119056942],[-91.14179055437307,29.60193401401297],[-91.14410989124895,29.602117119056942],[-91.15070169017625,29.603887139471702],[-91.15143411357684,29.603704032955232],[-91.1527158513838,29.603093682007835],[-91.15350930812143,29.602483329709617],[-91.15479104592838,29.600286064592755],[-91.15558450356433,29.598088797690302],[-91.15680520713593,29.595891531350745],[-91.16040628271705,29.59351115930526],[-91.16138284485568,29.59308391342461],[-91.16229837186064,29.59290080838603],[-91.16370218083324,29.59271770223399],[-91.16730325731268,29.593694265579515],[-91.16889017168629,29.594487722781494],[-91.17072122659452,29.59570842594028],[-91.17291849320307,29.597478446347537],[-91.17401712560901,29.5991263955575],[-91.17420023101,29.599919852991217],[-91.174383336411,29.60211711827585],[-91.17401712560901,29.60388713869065],[-91.17389505534169,29.60553508784475],[-91.17420023190832,29.60748821306843],[-91.17462747784398,29.608281670318092],[-91.17529886521258,29.608892022665902],[-91.17700784985351,29.609685479802085],[-91.17871683449442,29.609685479802085],[-91.17981546690038,29.60950237366181],[-91.18109720650396,29.608892022665902],[-91.18372171814984,29.608098564752318],[-91.18488138658778,29.607305107623755],[-91.18750589913196,29.60468059537874],[-91.19061869274547,29.602727469666284],[-91.19190043145072,29.60211711749478],[-91.19690531510614,29.60053020283883],[-91.2008115663556,29.59869914846413],[-91.20178812939254,29.59747844556643],[-91.20728129501559,29.593511158524183],[-91.20831889228788,29.592534595749605],[-91.21100443996573,29.59088664665138],[-91.21253031920565,29.589482837182135],[-91.21600932362115,29.58673625445208],[-91.21808452086069,29.584477952523773],[-91.21900004786563,29.583928636431665],[-91.22009868027159,29.582097581509935],[-91.2219907703135,29.579900316129685],[-91.2241270026867,29.577886154284144],[-91.22522563509264,29.576299239752988],[-91.22540874139195,29.575505782508248],[-91.22571391706028,29.57373576340769],[-91.22571391706028,29.571477462039475],[-91.22321147298679,29.565129804538792],[-91.22290629821678,29.56311564417916],[-91.22333354415242,29.56207804566072],[-91.2244321774567,29.560735271925132],[-91.22571391616196,29.559697673960837],[-91.22711772333793,29.557927653623683],[-91.23419780423288,29.552129312634086],[-91.23499126186881,29.55109171537548],[-91.237920949183,29.54932169432232],[-91.23969097075421,29.548528237702126],[-91.24591655708291,29.546514076944195],[-91.24762554262215,29.54633097184601],[-91.25232524971092,29.545293373671342],[-91.25722883484333,29.544936371121633],[-91.26074047415476,29.54449037913951],[-91.26263637934169,29.544059317568017],[-91.2643491791276,29.543376487437126],[-91.26591320532607,29.542499106176614],[-91.2669660631784,29.54170183370655],[-91.26850720030343,29.540156881522613],[-91.27006359621187,29.537932913003843],[-91.27132244674202,29.535167256668238],[-91.27208538681113,29.532348195087543],[-91.27233715673748,29.529433765324487],[-91.2721693092216,29.528102435631997],[-91.27087040460957,29.523440874797213],[-91.26938458034985,29.52035859826129],[-91.26572628298344,29.51439241156119],[-91.26511593164679,29.511870895707425],[-91.26507396954324,29.51078752156549],[-91.26560802875943,29.50764802473452],[-91.26635952339352,29.50569489961754],[-91.26798839897235,29.502494367329295],[-91.2700178189633,29.499389202760156],[-91.27116604286451,29.496787578837164],[-91.27152843941982,29.49560883678396],[-91.27294750627749,29.486465005615322],[-91.27374096301514,29.479411629222106],[-91.26567669058986,29.47264817043142],[-91.2659894965482,29.469829107904626],[-91.26520366830397,29.46806671741507],[-91.26224727766963,29.465499426007934],[-91.26078243266507,29.463847661057116],[-91.26009960165801,29.4620814561109],[-91.25994510670053,29.46123459294355],[-91.26009960165801,29.45928528250456],[-91.25892467443667,29.456100009894794],[-91.25866527511862,29.452090762222277],[-91.25855846273637,29.452022097061576],[-91.25856227788138,29.450233003672032],[-91.25824947282135,29.448009035124063],[-91.25830287856331,29.446933289696304],[-91.2588521947663,29.445605775687326],[-91.25942821249278,29.44491912895709],[-91.25940341899094,29.444640656127454],[-91.25903530016728,29.444388886543],[-91.25840633573796,29.44429740009272],[-91.2545339563646,29.44459488017025],[-91.25108165437094,29.444503327411713],[-91.2496911961601,29.444297333598655],[-91.24778956870482,29.443294068035524],[-91.24171275506527,29.44100524972735],[-91.24048060785528,29.440272827608695],[-91.23891085938844,29.439036865622516],[-91.23833293274198,29.437728424133912],[-91.23731059335479,29.43683578557369],[-91.23621196094884,29.43626358053042],[-91.2337476647322,29.43559982320927],[-91.23186511120535,29.43559982320927],[-91.22877329774529,29.436172027299072],[-91.22788447406049,29.436130066156124],[-91.22505778218688,29.4354624939982],[-91.2212354542462,29.436404724933706],[-91.21751612264443,29.432532806337214],[-91.2173578125419,29.431754607853836],[-91.2170163979367,29.431457060420193],[-91.2169134006995,29.430354613409055],[-91.21612375820855,29.428821105411732],[-91.21311014668726,29.424880521643395],[-91.21222323012579,29.423411862950708],[-91.21204012292816,29.42247344719844],[-91.21206491912493,29.420913236014332],[-91.21261423532792,29.41889907397441],[-91.21447390067964,29.415874019208918],[-91.21491831252204,29.41550399424228],[-91.21620005212564,29.413306727619204],[-91.21598642915781,29.41211654187848],[-91.21720713183109,29.408656611142213],[-91.21797770129193,29.408057702836434],[-91.21852701749489,29.407218469787868],[-91.21862619779048,29.40622283352612],[-91.21925943909886,29.40507842357895],[-91.21944254539818,29.403911127077265],[-91.21946924692169,29.400451194882972],[-91.21962374457415,29.39900542496578],[-91.21991175253906,29.397998344340273],[-91.22166269838522,29.395476829072418],[-91.22286814407171,29.394145499342397],[-91.22302454615257,29.39380217676892],[-91.22297304753396,29.393298636202577],[-91.22132700604837,29.393733511332425],[-91.220331369083,29.394423971288727],[-91.21831530075211,29.39540816398393],[-91.21682375422402,29.395751487397494],[-91.21333902754017,29.395499717164068],[-91.21260660503789,29.395293723371175],[-91.21114176093164,29.394446861182633],[-91.20993631614344,29.394057761244188],[-91.20925730028144,29.393897543788384],[-91.20679109783975,29.393805990731305],[-91.20488565613779,29.392821799751214],[-91.20490854431291,29.392085562954456],[-91.20472543801361,29.391810904904585],[-91.20255678274687,29.389773855230526],[-91.20017450361398,29.387092122356226],[-91.20017450361398,29.386748800240756],[-91.20085542659935,29.38658858223094],[-91.20117013968105,29.386268148585177],[-91.20135324508203,29.384959706986184],[-91.20116823165938,29.384387501782292],[-91.20069711649683,29.383700856143047],[-91.20085542659935,29.382987507646],[-91.19970338845143,29.380630024025326],[-91.19967477710964,29.379962452053707],[-91.19998758216965,29.379344471318948],[-91.19977982789558,29.377718508748146],[-91.19985788251063,29.377238757710042],[-91.20006387608674,29.376708514355375],[-91.20108621547394,29.375701434524316],[-91.20120065634956,29.375201709054704],[-91.20103090171033,29.374179369614488],[-91.20016687242564,29.373218065847553],[-91.19812600969459,29.372436052522097],[-91.19553582986224,29.37030363691869],[-91.19365327633538,29.36927366784364],[-91.19320957955195,29.369136559813853],[-91.19218270996078,29.36936522105481],[-91.19124429298405,29.369136339046733],[-91.18721597236558,29.369021897849738],[-91.18357674982592,29.367438798780494],[-91.18234841686261,29.36645460642021],[-91.18132607747542,29.366317277735394],[-91.18043725289228,29.36590529056972],[-91.17938821108328,29.36513090673274],[-91.17899911210615,29.36455870278699],[-91.17899911210615,29.363868241385394],[-91.17852608982025,29.362792496969636],[-91.17800538226412,29.362151627585217],[-91.17729908007536,29.36194586065923],[-91.17565171447305,29.362586502728053],[-91.17452790139137,29.362540789241322],[-91.17214409961407,29.362906938121874],[-91.17101876298968,29.362449174307073],[-91.17002503404595,29.362472061998638],[-91.16937081348242,29.3620562605648],[-91.1686917967221,29.361896042829994],[-91.16746155663543,29.361918931428804],[-91.16625801897058,29.361346725876505],[-91.16479317486434,29.36102629183695],[-91.1638242412191,29.361094955855563],[-91.1615735688686,29.360427384174443],[-91.15888039359568,29.35868788177716],[-91.15767494790917,29.35813856552818],[-91.15660492594671,29.35708189444293],[-91.15592591008469,29.35708189444293],[-91.155424276457,29.356738571321213],[-91.15477387014015,29.356692795704966],[-91.15422455393715,29.3561663672008],[-91.15333382133235,29.355956558270137],[-91.15299622007555,29.355567459148496],[-91.15278450423108,29.354835036832988],[-91.15492836419934,29.35176420545655],[-91.15540138828186,29.35142088242226],[-91.15492836419934,29.35071134803491],[-91.15239540525396,29.349082472670236],[-91.15171448226859,29.347617628976263],[-91.15174309271207,29.346148970401753],[-91.15124336620772,29.344729902353812],[-91.15051475974876,29.343856336180114],[-91.14941803626279,29.34365048844833],[-91.14732376419651,29.34381056025735],[-91.14651123353046,29.343719006783974],[-91.14420906256134,29.342868329522933],[-91.14193168778904,29.343165876187424],[-91.14111943200746,29.34289131010006],[-91.13937011840018,29.342936994034236],[-91.13842598005341,29.342753889351076],[-91.1370431530309,29.34208631651067],[-91.13557830712801,29.34172010610823],[-91.13466278012307,29.34107923649971],[-91.13364044163418,29.34073591348772],[-91.13264861981384,29.33977079521596],[-91.132124098011,29.339519025125135],[-91.1300088475879,29.33729505573881],[-91.12974372600146,29.335875988934873],[-91.12911811588141,29.335322857283497],[-91.12862220542037,29.33392667749356],[-91.12797180000184,29.33321332959703],[-91.12771049266212,29.33211469592606],[-91.12794318866004,29.330787181708896],[-91.12739387155877,29.329501628735745],[-91.12739387155877,29.328814981894237],[-91.12768378844368,29.32821988928968],[-91.12779060082589,29.326476572762193],[-91.12833991702888,29.324851511213215],[-91.12914863344824,29.323497292796436],[-91.12928405447732,29.321643349377155],[-91.12677398280876,29.32022046734709],[-91.12448516439802,29.319377419419986],[-91.12406745407912,29.318988320075476],[-91.12391105199825,29.318503852982623],[-91.12270179296337,29.317748543098805],[-91.1221047923885,29.317016121607278],[-91.12155356816385,29.315436836666297],[-91.12157836436064,29.314448829561854],[-91.12202277620304,29.312594886201587],[-91.12118354221685,29.310786719510283],[-91.12102332499097,29.30963849518369],[-91.12016120372797,29.30851697412023],[-91.12010779798602,29.306933874378874],[-91.1198178802028,29.306293005505243],[-91.11987510019146,29.30578946469967],[-91.12089362443363,29.30530881332042],[-91.1213132418759,29.304736608025223],[-91.12081542339321,29.30242108635248],[-91.12084021959,29.301482670581017],[-91.121336130051,29.30040311151096],[-91.12245765063209,29.299029820277863],[-91.12472930493269,29.297469608874245],[-91.12587180566723,29.296180239956332],[-91.12893310156043,29.29412030382474],[-91.12937751340286,29.29357098677288],[-91.12942901202145,29.293273440369664],[-91.12929931236243,29.293227663681925],[-91.12987342476218,29.289515962336488],[-91.130636363933,29.287452210954548],[-91.1318630871153,29.28756655803659],[-91.13251701033649,29.287360657824994],[-91.13316932377668,29.286811342025484],[-91.13419166226555,29.285415161259298],[-91.13400855776288,29.280810821496544],[-91.13393226294748,29.280604827748064],[-91.13116279106252,29.27842282039961],[-91.13092628081789,29.277781951248325],[-91.1298047593385,29.276545988990108],[-91.12928214555735,29.275351988291465],[-91.12920203649526,29.27445934948769],[-91.12888923143522,29.273841368550357],[-91.12849822443644,29.273471342357826],[-91.12617316619053,29.272464262152802],[-91.12514319830994,29.272223935903746],[-91.12465300921897,29.27228497097123],[-91.12199797910796,29.270911680189876],[-91.12202277440643,29.27072476011809],[-91.12152686214877,29.27012966658383],[-91.12136664671954,29.269603238778775],[-91.12079444144311,29.268779264184726],[-91.12047782123807,29.266765103273773],[-91.12000670607551,29.265914425505596],[-91.120214606775,29.2625231590581],[-91.12039580505262,29.262179835873383],[-91.12167182238785,29.260966762360752],[-91.12170233905637,29.26071499300824],[-91.12102332319435,29.26032589270128],[-91.11871924600023,29.258216365276354],[-91.11767401843788,29.2575983841182],[-91.11775412570334,29.257071956058994],[-91.118063117415,29.256774409179457],[-91.12078490402975,29.255580408761876],[-91.12146392079008,29.254687768968044],[-91.12185492689052,29.25301311716183],[-91.12282004539077,29.25228069462296],[-91.1235772631915,29.25099514147881],[-91.12458964924537,29.24978451237177],[-91.12761893636836,29.24852703214345],[-91.13072982196022,29.24834774053112],[-91.13215365887204,29.248645286840574],[-91.13237586434411,29.2483019648828],[-91.13216796364465,29.247336845041],[-91.13245597340618,29.24685619300407],[-91.13232245950047,29.24614665977036],[-91.13255897064342,29.244796256555418],[-91.13253417444663,29.242869834142354],[-91.13294806962053,29.241610984222245],[-91.13326850317394,29.239638785034575],[-91.13418403197554,29.23627040455977],[-91.13499274659826,29.234782674943336],[-91.13609137990254,29.233432271511113],[-91.13611999034603,29.23288295444097],[-91.13507476278372,29.231757619115236],[-91.1311589750192,29.22556636351207],[-91.13011565458022,29.223277545200578],[-91.12972083423308,29.221785997695424],[-91.1215957296934,29.21625779163423],[-91.11769926558897,29.214466716557702],[-91.1006180573796,29.20074574632199],[-91.09455096081648,29.19327855189271],[-91.0892305843417,29.191131732376782],[-91.08563116345732,29.192940192670395],[-91.08020841946434,29.192972266202617],[-91.076734700736,29.191627601089518],[-91.07308860967765,29.189877477420954],[-91.06895341738816,29.188727295372587],[-91.06680286497101,29.18747280632175],[-91.06474667248965,29.1849773618985],[-91.06184464699797,29.18364960387906],[-91.06118753385923,29.183589865712744],[-91.06106805882474,29.186039105144435],[-91.05963435751276,29.186278055033018],[-91.05837986920164,29.187233856863596],[-91.05610984175001,29.189981785548845],[-91.05060313132915,29.194828090240907],[-91.04792034956405,29.2005610199696],[-91.04717077103646,29.20171304219874],[-91.04536259442189,29.206263994419615],[-91.04455387979914,29.207412218658792],[-91.04277623063285,29.20931575260743],[-91.04044926346697,29.209430194104343],[-91.04039585862333,29.210597490856895],[-91.04173100217223,29.212867236378433],[-91.0417004846054,29.213668323066855],[-91.04133427380341,29.21440456030492],[-91.04044926346697,29.215274311621375],[-91.03966343612105,29.21573207452852],[-91.0367108597334,29.21806667031064],[-91.03623783744749,29.218871571346284],[-91.03568852034621,29.22138927161031],[-91.03558361688395,29.223132589338903],[-91.03574192698647,29.22377345832004],[-91.0364209428485,29.22512386135192],[-91.03658116097269,29.226821401597547],[-91.03566181792438,29.228587607295925],[-91.03566181792438,29.229251365198493],[-91.03660404914781,29.230304221872448],[-91.03952801509195,29.231704215593282],[-91.04086125241582,29.233260612203118],[-91.04138768044368,29.23351238248667],[-91.0423489846972,29.233348349915563],[-91.04302800055923,29.23254726427684],[-91.04190647997814,29.230674239611535],[-91.04146015921575,29.231109122375628],[-91.04135716287685,29.231704215593282],[-91.04104245069347,29.23181865716499],[-91.04080784667387,29.231498221696196],[-91.04002201842961,29.22851894349401],[-91.04028904803772,29.22835872542535],[-91.04065144279639,29.22918270027378],[-91.04101384024997,29.22929714152806],[-91.0413037571349,29.22861049521968],[-91.04218876657302,29.227649190962403],[-91.04195797769843,29.22700832271566],[-91.04193318239996,29.226317861999913],[-91.04224217231499,29.225150564048327],[-91.04411822653074,29.223672368312716],[-91.04469576779995,29.22078466340747],[-91.04394352756418,29.22001216627002],[-91.04397213800766,29.219829059908037],[-91.04454624950912,29.21953151372372],[-91.04627049203512,29.219325519644958],[-91.04661000131362,29.217883564391173],[-91.04681981003473,29.217540241184217],[-91.04713261509477,29.217471576247938],[-91.04731572139407,29.215156055224412],[-91.0476285264541,29.214492297706993],[-91.04794133151414,29.212588763476674],[-91.04877865747868,29.21165034718417],[-91.05345738441399,29.209384416736793],[-91.05371869175373,29.20956752294785],[-91.05484212035645,29.209727739829997],[-91.05541623275623,29.209727739829997],[-91.05609715663991,29.209498857372928],[-91.05763829376492,29.210208391325864],[-91.0583669011222,29.211146806710335],[-91.05862824888612,29.211192264172617],[-91.05881131476124,29.21075770769697],[-91.05917752556324,29.210597490856895],[-91.05938542626271,29.21000239731962],[-91.05990803914553,29.20952174564165],[-91.06003964682625,29.209178423426476],[-91.06142247474705,29.20922419931784],[-91.06384862220854,29.20872065946788],[-91.06612981302418,29.208606217962725],[-91.06789983279874,29.207320664452798],[-91.06758702773872,29.206656907147437],[-91.06789983279874,29.20635936034707],[-91.06824315632394,29.20564601246523],[-91.0691300728854,29.205558274545893],[-91.06996739884994,29.205832932232074],[-91.07044042113584,29.206267808337042],[-91.07044042113584,29.206702683380954],[-91.07012189380744,29.2073664403899],[-91.0701238009308,29.208259079621357],[-91.06970799953186,29.208835099277085],[-91.06970799953186,29.209132645946514],[-91.07156194261523,29.209956620991818],[-91.07182134283161,29.210345719910617],[-91.07184804615176,29.21107814219367],[-91.07137883811257,29.211513017211526],[-91.07082951921464,29.211535905814408],[-91.0707246166507,29.212245439775995],[-91.07028020570661,29.21284434807288],[-91.07025731663316,29.213416551825127],[-91.0700208054902,29.21371409930467],[-91.0683523402585,29.214188509875928],[-91.06801547202696,29.215252408610993],[-91.0673851601247,29.213916777930816],[-91.065826156407,29.215899300476828],[-91.06586800262788,29.216956224753275],[-91.06450592309518,29.218732546602],[-91.06424669176207,29.21958340261538],[-91.06596123338132,29.219515370176634],[-91.06695084983765,29.21899177721714],[-91.06776091193332,29.21896735282814],[-91.0685483409754,29.219698411242618],[-91.06746444273674,29.220210029624504],[-91.06748700931499,29.220780731646318],[-91.06557219009976,29.22000132973677],[-91.06505517641608,29.22015923552125],[-91.06613354911744,29.22115839249061],[-91.06673260863097,29.22308222630738],[-91.06513301094388,29.22425547545829],[-91.06394574805704,29.226039692991353],[-91.06297192218676,29.22600113704798],[-91.06249997787923,29.223038538082264],[-91.06204448262282,29.223056566552867],[-91.06062279178619,29.225810679208085],[-91.05927731940814,29.22725152646529],[-91.0597910874787,29.228117218408432],[-91.06096351828188,29.227750856381025],[-91.06203879538876,29.229430975616154],[-91.0627108421208,29.229363770497997],[-91.0629124564099,29.23060705882713],[-91.06375251504953,29.231211902229504],[-91.06405493648319,29.232690405389086],[-91.06285543944051,29.234883715571925],[-91.06351293077,29.23566768637003],[-91.06390202974713,29.23470256809745],[-91.06542027959534,29.233306388308012],[-91.06550229578076,29.233008841300425],[-91.06534398567825,29.232688407204844],[-91.06560338499631,29.230327108628572],[-91.06612790590083,29.229182699489822],[-91.06677831221768,29.228839376527514],[-91.06748784654482,29.228702047647403],[-91.06918920179403,29.229159811694025],[-91.06879247252691,29.2304873259691],[-91.06874097480662,29.231223563044615],[-91.06913579605207,29.23216197876079],[-91.06913579605207,29.232734182781716],[-91.0689240802076,29.233306388308012],[-91.06790746308877,29.234015921196278],[-91.06796086883072,29.234267691190094],[-91.06902898366985,29.23493144989701],[-91.06902898366985,29.235621909753164],[-91.06869329223133,29.23610256203351],[-91.06728185296872,29.23701808931821],[-91.0670167313823,29.237590294416236],[-91.06704534092745,29.23784206424179],[-91.06814397513003,29.23770473489528],[-91.06845678019006,29.237933617037132],[-91.06895268975278,29.239264946246625],[-91.06869329223133,29.23953960448818],[-91.06719983678326,29.239585380920786],[-91.0669919360838,29.240317802625537],[-91.06675542494087,29.240592461177172],[-91.06578839931728,29.240638237922745],[-91.06529248705964,29.241122704350687],[-91.0653706898967,29.24125621884827],[-91.06680883068282,29.241397363093867],[-91.06730474114383,29.241855126027872],[-91.06730474114383,29.243365746427266],[-91.06717504058649,29.243548852243947],[-91.0669118270217,29.24348018750316],[-91.06672490647573,29.243205529646715],[-91.06657231864155,29.24224422526349],[-91.0663644179421,29.241992455292678],[-91.06560529301798,29.241992455292678],[-91.06604970665703,29.242770654375562],[-91.06604970665703,29.243411523500015],[-91.0656052939163,29.24446437954824],[-91.06495488759944,29.245452387127262],[-91.06364644467574,29.24650524334043],[-91.06260503315674,29.246757013181796],[-91.06200067448137,29.246436896456235],[-91.06152928892591,29.246528131177115],[-91.06100667424644,29.24689434213889],[-91.06038106502469,29.24779079646826],[-91.05962193920227,29.24820278489432],[-91.05920232176001,29.24829433704303],[-91.05821050083797,29.24808834361355],[-91.05742467259374,29.248153192904596],[-91.05619634052874,29.248729213137327],[-91.05465710873044,29.248706325009138],[-91.0536137891898,29.2502093153279],[-91.05348790467578,29.251082882015435],[-91.05288518183251,29.252433285337613],[-91.05288518183251,29.252753718749172],[-91.05244267801177,29.25344036533584],[-91.05189336001214,29.253879055212796],[-91.04945958226067,29.25513790546301],[-91.0467149074708,29.255847439823338],[-91.04606068690725,29.257060514496285],[-91.04614079596935,29.258208737392174],[-91.04577458516736,29.258941159804447],[-91.04514897325069,29.25949047650226],[-91.04305851902437,29.26063488608649],[-91.0426122000586,29.261207091562],[-91.0419598866184,29.262790190800814],[-91.04106915491192,29.26366375662227],[-91.04005063066974,29.263595092059784],[-91.0382672592351,29.26242397953545],[-91.03772557062719,29.262240873802785],[-91.03633702133634,29.263823974277855],[-91.03636753800485,29.26409863163636],[-91.03696453857975,29.26483105418266],[-91.03693974328125,29.2656321402086],[-91.0360242162763,29.267283904380655],[-91.0359174047924,29.26900433418788],[-91.0352612762072,29.268771637088474],[-91.03484597337325,29.267673697593242],[-91.03024685603671,29.268611420133208],[-91.02935612343191,29.2684512029269],[-91.02823460285083,29.26797055136876],[-91.02721226436196,29.267810333158092],[-91.02645695368454,29.265723693997813],[-91.02598392960202,29.26522015380388],[-91.02546322384252,29.264209258135676],[-91.02541172522392,29.26368283040848],[-91.02572453028394,29.262629973876443],[-91.02572453028394,29.261279570380314],[-91.02632725222887,29.259261595556463],[-91.0261670341047,29.258506284801186],[-91.02658665244527,29.257174955928644],[-91.02711308047311,29.25655697474787],[-91.0282117137774,29.255732999256814],[-91.03022396606497,29.255023464886325],[-91.03092777722544,29.25461147806373],[-91.03296864085483,29.254107938015018],[-91.03391087207824,29.254062161809046],[-91.03466809077732,29.254359707957335],[-91.03646758966626,29.25458836161535],[-91.03777706924582,29.25424526651007],[-91.03814327914947,29.254062161809046],[-91.0384808804063,29.253604397838817],[-91.03887379452841,29.25351284495569],[-91.03986810288546,29.25390156441784],[-91.03999913115283,29.25374172700986],[-91.03960621792902,29.252734646059693],[-91.03968441896944,29.252208218048896],[-91.04005062977141,29.251521571813196],[-91.04099095207486,29.250739558832155],[-91.0422421732133,29.250506862493662],[-91.04368413094106,29.25052975100279],[-91.04508793811704,29.249709590991035],[-91.04556096130123,29.24932049114176],[-91.04636967772059,29.24822185842872],[-91.04658139266675,29.247855647515443],[-91.0467110923258,29.246894342922694],[-91.04707921025113,29.24643657979951],[-91.04762852735242,29.24641369194233],[-91.04796612771092,29.246802791088935],[-91.04843533575013,29.246917232239976],[-91.04903805769506,29.24519680239186],[-91.04979527639412,29.244510157697214],[-91.05037129501893,29.24338863575007],[-91.05099881316066,29.242610436663366],[-91.05099881316066,29.2419657538533],[-91.05133641351915,29.240684014647783],[-91.05120671475842,29.240500909192388],[-91.04869664308987,29.239814263560508],[-91.04778111518658,29.239146690899535],[-91.04723179808528,29.238688928393557],[-91.04608548220574,29.23685405766103],[-91.04511845658216,29.23580120171229],[-91.04427922169765,29.235389213528663],[-91.04389186365556,29.235366427458036],[-91.04337132408439,29.235778313828177],[-91.04347241329995,29.23701427497782],[-91.04253209009819,29.236785393915817],[-91.0427666941178,29.23607585984147],[-91.04276860124115,29.235343437571192],[-91.043108108723,29.23500011410194],[-91.04274189792102,29.234290580979728],[-91.042062882059,29.234317283637434],[-91.04044163497356,29.233741264595405],[-91.03905802192519,29.2326660814717],[-91.03851139797312,29.232779959905876],[-91.03822148108821,29.233123282981616],[-91.03809178232748,29.233993034480825],[-91.03738388652741,29.233947364509362],[-91.03482639998151,29.23495433875431],[-91.03482639998151,29.23522899680399],[-91.0353471048427,29.23580501609782],[-91.03555882248381,29.237086755258957],[-91.0341702713963,29.23862026352753],[-91.03325474349303,29.238894921931333],[-91.03176701121164,29.238757592429653],[-91.03142559570813,29.23905513840534],[-91.03121769590699,29.24050090997624],[-91.03145300330745,29.24061509323407],[-91.03375065485235,29.239631158900593],[-91.03487217633176,29.239379388772594],[-91.03709995960882,29.239768488014132],[-91.03743565374229,29.240043145688325],[-91.03756726052467,29.24091289718218],[-91.03845417798446,29.243411524283857],[-91.03853428614825,29.24501751199847],[-91.03879368636464,29.245704157991597],[-91.03863728248714,29.24723766646843],[-91.03887174367462,29.247447345452112],[-91.03918278534175,29.247424586363568],[-91.04007351794655,29.24664257341918],[-91.04062474127288,29.246825678859068],[-91.04062474127288,29.247355921872018],[-91.03994572451255,29.24824856137082],[-91.03921330290858,29.248774989378248],[-91.0386639867056,29.2489580957048],[-91.03806126386236,29.248591884291592],[-91.03790106100953,29.24710067030286],[-91.03764355534008,29.247123224892018],[-91.03654682915915,29.24827144960136],[-91.03581440665685,29.248683436875886],[-91.03382885679112,29.248889430674783],[-91.03380406149263,29.249232753796413],[-91.03414166095284,29.249713404858273],[-91.03404057263559,29.250659451151552],[-91.03336155587526,29.251471981432093],[-91.03333866770014,29.251861080152615],[-91.03312695185566,29.252112850138644],[-91.03226482969433,29.252662167456005],[-91.02951824778113,29.253257259977804],[-91.02870762423842,29.2531428196484],[-91.02789890871735,29.252799497108203],[-91.02740299735804,29.25293682579229],[-91.02525913738977,29.25435589347962],[-91.02400410110631,29.25499676214507],[-91.02319157044023,29.255065427778373],[-91.02222645194003,29.254859433091475],[-91.02052891093751,29.25309704301052],[-91.01916897119183,29.252292142206674],[-91.01919376649029,29.25178860171373],[-91.01971828739481,29.250712856540147],[-91.01971256512644,29.249721035727365],[-91.01947605398351,29.2492251244585],[-91.01910984318152,29.248881801311263],[-91.0164712827829,29.24780653817414],[-91.01566898482625,29.24801205092283],[-91.01490604475713,29.24908779549459],[-91.0140687187926,29.249881252495445],[-91.01404773863914,29.25063274883863],[-91.01453983485345,29.250506864061244],[-91.01572239236484,29.250609860352537],[-91.01587688642402,29.250873074890144],[-91.01587688642402,29.25160549731799],[-91.01535618066453,29.252315030316367],[-91.01389133565995,29.25336788723217],[-91.01190387867086,29.252910123290086],[-91.00787937140078,29.252952085481482],[-91.007433052435,29.250213131527808],[-91.00745784773349,29.248946652450737],[-91.00900089377849,29.246654017714736],[-91.0089474862399,29.246127589768157],[-91.00996791850375,29.24537228000986],[-91.01216518511228,29.244616969379337],[-91.01334201945699,29.244616969379337],[-91.01443966281781,29.24487232433732],[-91.01577579631015,29.244510158481045],[-91.01676761813052,29.24441479044954],[-91.017073084853,29.24455180823895],[-91.01749241034277,29.243403895295746],[-91.01902591987273,29.24173305794128],[-91.02021419785584,29.24148128749683],[-91.02196323657863,29.240771753052346],[-91.02358829880907,29.240794641387588],[-91.02551853580952,29.241599543281893],[-91.02685368025672,29.242515070780644],[-91.0281831024356,29.24398372891116],[-91.0282117137774,29.24515102690154],[-91.02834130743523,29.24528824279354],[-91.02870571621675,29.245265468332292],[-91.02951633975947,29.244693263033813],[-91.02951633975947,29.244304163703895],[-91.02917683227761,29.243640406988998],[-91.02917301623428,29.243041498499572],[-91.02953922793459,29.242789728922457],[-91.0303784628191,29.242766840249605],[-91.0300408615623,29.240844233024337],[-91.03017056032301,29.238574487447178],[-91.03043186676443,29.238322717855382],[-91.03207981716999,29.237658959189304],[-91.032758833032,29.23701809010209],[-91.03291714403284,29.2354578789943],[-91.03349125553429,29.234565240026306],[-91.03532040331919,29.233878593771855],[-91.0363141322629,29.23319194839932],[-91.03673184168348,29.23227641982083],[-91.03670323124,29.231723289066792],[-91.03490269389859,29.22984645745454],[-91.03456509264178,29.228766898246764],[-91.03477299334125,29.225951651111167],[-91.03466618095902,29.224551656353228],[-91.03448689160136,29.22308681338965],[-91.03403294234556,29.22248027640661],[-91.03426754546686,29.221595265458912],[-91.03448689160136,29.22134349566594],[-91.0345364830966,29.219947316398915],[-91.0350610031028,29.21813533484799],[-91.03503620690601,29.217174031056423],[-91.03370487850212,29.215774036280813],[-91.03344357206069,29.214217640491245],[-91.03346836556253,29.212726092791605],[-91.03359806522157,29.212565875892984],[-91.03448879782637,29.212336993502603],[-91.03495991298892,29.21052882675625],[-91.0351678136884,29.210322833394116],[-91.03564274399596,29.210254168325363],[-91.03618824595225,29.210414385702137],[-91.03655254963088,29.210872149151694],[-91.03660404824947,29.212180590476983],[-91.03699696147328,29.21295878954941],[-91.03749096570927,29.21548030443785],[-91.03801548751211,29.21540782532784],[-91.03944981405152,29.214194750919273],[-91.03944981405152,29.21362254680858],[-91.03693856558994,29.208025572411515],[-91.03155504653384,29.202148879891034],[-91.03096032857808,29.20318378477485],[-91.032334292822,29.21011334261279],[-91.02880977705928,29.20838095316809],[-91.02556273920969,29.204341961931263],[-91.02432946012244,29.20545381132609],[-91.0208646823261,29.206588826135818],[-91.01733462934796,29.207009029202357],[-91.01656357749182,29.208679640443012],[-91.01710121469779,29.211248356000006],[-91.01572725045388,29.21142756831616],[-91.01351696096866,29.21142756831616],[-91.00950103260955,29.215139802789803],[-91.00682635454663,29.217102636671903],[-91.00772241865265,29.21835712459587],[-91.0056316042019,29.2182973878347],[-91.00467580302781,29.216863686492147],[-91.0019876134047,29.21692342408933],[-90.99983706008926,29.211726256120166],[-91.00061364826249,29.21029255456178],[-90.99959811091863,29.209336752833536],[-90.99852283381173,29.21077045443504],[-90.99726834550061,29.21041202954302],[-90.99619306929203,29.20957570410136],[-90.99667096942993,29.208142002250874],[-90.99810467074194,29.20730567710234],[-90.99511779308348,29.204438274518083],[-90.994998318049,29.206409613982903],[-90.99380356680597,29.206110925581005],[-90.99248934142678,29.20300457294148],[-90.99153354025266,29.196612653963864],[-90.99338540463447,29.199898219479056],[-90.99679044536272,29.199002155905536],[-91.00533291616658,29.1956568517098],[-91.00760294271986,29.196851603527268],[-91.00867821892844,29.194999738667462],[-91.00748346768539,29.194043938631136],[-91.00676661747856,29.192729712758226],[-91.0070653055139,29.19057915979117],[-91.00927559499911,29.192371287520032],[-91.01280011166014,29.19302840015326],[-91.01883360494344,29.193566038408907],[-91.01925176711494,29.189563621508963],[-91.02044651835797,29.185979368369612],[-91.01949071808218,29.18293275299858],[-91.01943098011581,29.179467973719255],[-91.01691063621196,29.182469749633846],[-91.01429355004021,29.182156165166514],[-91.01196378462221,29.18293275299858],[-91.01017165910513,29.181618526707897],[-91.00968629127227,29.179128217556965],[-91.01060465425859,29.176419631601092],[-91.00871182130993,29.17519673857293],[-91.00551959686238,29.175835184032973],[-91.00239567671578,29.174655310518865],[-91.00034483010865,29.17361742659905],[-90.9979590619192,29.174222269867666],[-90.99521576245004,29.173981676907346],[-90.9939684426949,29.17464834781681],[-90.99407597013608,29.175185985933478],[-90.99192541771896,29.176884922724177],[-90.99059155337102,29.175945172534455],[-90.98369535761474,29.173805856596793],[-90.97285756010594,29.178446981050328],[-90.9700683001319,29.179923647894732],[-90.97203718984238,29.181236241017466],[-90.9786001537474,29.18049790754044],[-90.9798232549225,29.18430366899802],[-90.98204571029159,29.186814760898958],[-90.97712900616278,29.189952719411053],[-90.97671330268022,29.192147168867372],[-90.98015885742778,29.19477235486444],[-90.9783540432073,29.196249021958923],[-90.9751545981015,29.19657717036373],[-90.973103670646,29.19846402154281],[-90.97064255985535,29.200350874068487],[-90.96572033647746,29.200761059271148],[-90.96084045429215,29.200575469591925],[-90.95719942074885,29.20376478630683],[-90.95620403890501,29.20560124570168],[-90.95628607575172,29.207980320546458],[-90.95169200065888,29.20674976434909],[-90.95119977957873,29.204616800872927],[-90.95160996381219,29.20125328217093],[-90.95398903865447,29.198299946962276],[-90.95800885402382,29.196331058962507],[-90.96498200395892,29.196166984105442],[-90.96752515159625,29.1963310581783],[-90.96793533672802,29.192475316283016],[-90.97034343254384,29.188517019344978],[-90.96808774310249,29.188517018560717],[-90.96453216269892,29.188249395470628],[-90.96250586525188,29.18882287602687],[-90.96032663861087,29.188287627607465],[-90.95910321314396,29.186720114780783],[-90.95791801997554,29.18717889769576],[-90.95707691569694,29.185573153613557],[-90.95581525882984,29.185381992433626],[-90.95478299305877,29.18408210280513],[-90.9530625504064,29.184311495320618],[-90.95141857414767,29.183814479123996],[-90.95203028643195,29.181673484933196],[-90.951265645852,29.180110559650878],[-90.95036031203055,29.180502054178717],[-90.94994434713826,29.179303098547994],[-90.94925922902053,29.178764791014586],[-90.94938157057905,29.177492429148018],[-90.94859857921448,29.176856248965198],[-90.94718827991397,29.17716260552353],[-90.94691025223185,29.177492429148018],[-90.94605385503381,29.177296681035212],[-90.94580916922179,29.176440282474818],[-90.94376175867063,29.175345893386673],[-90.94412084313745,29.177712644838344],[-90.94348466343976,29.17849563736534],[-90.94509958279234,29.180355244886243],[-90.94485489877694,29.181040362793627],[-90.94316657089598,29.18113823685508],[-90.94177186634879,29.182019102344075],[-90.94145377560164,29.183193590185223],[-90.93956970032869,29.184441483243855],[-90.93709838198147,29.184637232626855],[-90.93180665547605,29.18563029547843],[-90.92877397002634,29.186774704807732],[-90.9274674360226,29.187942003082743],[-90.92645081890377,29.18925044378963],[-90.92511567445655,29.19156215136253],[-90.92461976489385,29.193099474881716],[-90.92443665859452,29.194930529294826],[-90.9239941547738,29.196628071042767],[-90.92409715021437,29.197246050901676],[-90.92289552057119,29.199264026531047],[-90.92190369875084,29.200545765802183],[-90.92135438254786,29.200957752990337],[-90.91921052257959,29.201690174926455],[-90.91728028468083,29.20171306337069],[-90.91464051425154,29.20141551711758],[-90.91385850115229,29.201484181050713],[-90.91276368299305,29.202102162220243],[-90.91242226659122,29.2026743671412],[-90.91245087613638,29.204165913724427],[-90.91307648805308,29.205539204825403],[-90.91375168877008,29.206248739532615],[-90.9141446028922,29.207969167533133],[-90.91336068356794,29.208632925748848],[-90.9122639564887,29.209960440260378],[-90.91218384922324,29.210395316101106],[-90.9115048315646,29.211127738029678],[-90.91372498634824,29.21497676788873],[-90.9143200806981,29.214820365756374],[-90.9145584989644,29.21491191875027],[-90.9145584989644,29.215095024492634],[-90.9121304443796,29.21958492437763],[-90.92101106081931,29.22100780608867],[-90.92181977723868,29.2196306995399],[-90.92182359148538,29.21857784368023],[-90.92223939378262,29.217891197633126],[-90.92281541330573,29.217387657252846],[-90.92359742640497,29.217044333951986],[-90.92500886476927,29.216838341144097],[-90.92686280875094,29.215301017669567],[-90.92835054013402,29.214728812680672],[-90.92882356241991,29.21475170056527],[-90.93041810708351,29.21567104257176],[-90.93639955287756,29.215739707930798],[-90.93592653059166,29.215396384595703],[-90.93522462655451,29.214271048427197],[-90.93504152115352,29.212943534090876],[-90.93475160426863,29.212737540094466],[-90.93504152115352,29.212394216892346],[-90.93579683093262,29.212298849524085],[-90.93713197537984,29.211726645018633],[-90.93765229576209,29.211982039668708],[-90.93849000800219,29.212005117911193],[-90.93903932420515,29.213447074359987],[-90.94021425142653,29.21333263264475],[-90.94073495898265,29.21346996174679],[-90.95581255310421,29.22357509696672],[-90.95892153067437,29.224032860412027],[-90.95978365463233,29.224513513002705],[-90.96132669977902,29.22613857381674],[-90.96195055908258,29.226275710145146],[-90.96273623101996,29.22529171090049],[-90.96393786066315,29.224490623379335],[-90.96398745126008,29.22421596553087],[-90.96482668524628,29.22334239923508],[-90.9675656386661,29.22201488484791],[-90.96759424910958,29.221511345138016],[-90.96813784214588,29.220477561440205],[-90.96858607003163,29.220134238302826],[-90.97035799782788,29.21974513970809],[-90.97004900701454,29.218463401423943],[-90.97075472619667,29.2174067302567],[-90.97062311851599,29.21685741268214],[-90.97098742309292,29.216262319435376],[-90.97140322539019,29.2161669525313],[-90.97336397995745,29.214538075928868],[-90.9734688834197,29.21426341805178],[-90.97448549964022,29.214332082786065],[-90.97534762269986,29.21371410165687],[-90.97715578943298,29.213805654071155],[-90.97796641387401,29.21403835072937],[-90.98162089340047,29.215934255219253],[-90.98180399969979,29.216163137414256],[-90.98418246458596,29.216300465858556],[-90.98548709056803,29.216758230453074],[-90.9873181472729,29.217925527614344],[-90.99136935606651,29.222621421450906],[-90.99325381761503,29.223102073609667],[-90.99385272441495,29.223536948548592],[-90.99461184933905,29.225463371024933],[-90.99461184933905,29.226470451443554],[-90.99424563853707,29.22770641363839],[-90.99380313381799,29.22837398564371],[-90.99301730647205,29.228923302602848],[-90.99178897171214,29.22931240160657],[-90.9901410240015,29.229220848940624],[-90.9877668539607,29.228282639883584],[-90.98729716622113,29.228351097667144],[-90.98601733463923,29.228991966917572],[-90.9859906313191,29.229339104778713],[-90.98708926552167,29.229083519788166],[-90.98760974670235,29.22940377388579],[-90.98831759848497,29.229289513055825],[-90.9900418419093,29.229838829807118],[-90.99095736801594,29.230388145963282],[-90.9913731712115,29.23087261308348],[-90.9912701739743,29.231856805633672],[-90.99051104994851,29.232635003384516],[-90.98962413248871,29.23325298481004],[-90.98941623089094,29.233851890999723],[-90.98993693754875,29.234103662180853],[-90.9931546355228,29.234511834833317],[-90.9956360967479,29.235587580216677],[-90.9956360967479,29.23583935026474],[-90.99532329168787,29.236163599060585],[-90.99532329168787,29.236461145521737],[-90.99576525921441,29.23673560120748],[-90.99905788117475,29.236297112972107],[-90.99962436328448,29.235610468143385],[-90.99978076716197,29.23446605848352],[-91.00011645949881,29.233451348582225],[-91.00011645949881,29.23730419344289],[-90.99982082124384,29.23744533765122],[-90.99972946078283,29.23703005048034],[-90.99895488393751,29.237468225162548],[-90.99775516231601,29.237468225162548],[-90.99754344557323,29.237719995288355],[-90.99757205601671,29.238223535249908],[-90.9977799576145,29.23847530665336],[-90.99940311272158,29.238910181363156],[-91.00012027464382,29.239341243107123],[-91.00173961460588,29.23989437346086],[-91.00286685745534,29.24074123709304],[-91.00354587331735,29.242000087521365],[-91.00500398634719,29.24246151531997],[-91.00529300491681,29.24220989559646],[-91.00558292270003,29.242187007577705],[-91.0058423220181,29.24298809302598],[-91.00654613497522,29.243285640027928],[-91.00693714107568,29.24470852238495],[-91.00547470355605,29.244590373656354],[-91.00377666309026,29.24479626047451],[-91.00270664022946,29.245048030601755],[-91.002128713583,29.245482906384687],[-91.00012027464382,29.24582622917953],[-90.99917423097033,29.247184261617196],[-90.99917423097033,29.24819134155583],[-90.99859630252725,29.24940441610086],[-90.998184315375,29.25077770730276],[-90.9970608885689,29.252612577627808],[-90.99685489319616,29.25430630290504],[-90.99547015815199,29.256347166310157],[-90.99565707779968,29.257354246961274],[-90.99529086699769,29.25916622795273],[-90.995107762495,29.259623992109987],[-90.99448215147665,29.26021908566432],[-90.99364291749043,29.26042507974474],[-90.99343692481263,29.260676849811055],[-90.9922848857664,29.26122998081164],[-90.99178897350876,29.261252868488686],[-90.98925601456338,29.26219128391659],[-90.98878299227746,29.262515533846173],[-90.98810397641546,29.26343106147369],[-90.98724185515246,29.263865937477426],[-90.98609172322959,29.265079011078093],[-90.98567401291066,29.265311707962002],[-90.98337374996323,29.265105713537896],[-90.98214541699991,29.265288819626083],[-90.98034385827404,29.264899910696077],[-90.97997866795822,29.26496838473618],[-90.98016177425751,29.266025056309537],[-90.98214732502159,29.267467012837045],[-90.98269664122456,29.268474092905816],[-90.98274813984318,29.26893185535982],[-90.982591736864,29.269275178597873],[-90.98214732502159,29.269618502250196],[-90.98146830915958,29.269847384305738],[-90.9808102725527,29.269893159714982],[-90.97948085037385,29.26957653984449],[-90.9783059240508,29.268889895023158],[-90.97793971324882,29.26834057788288],[-90.97731219510709,29.268157472558393],[-90.97739039614754,29.267810334725343],[-90.97843562370984,29.26728390673163],[-90.97903643853142,29.26678036638532],[-90.97934924359146,29.26632260291794],[-90.97937594601326,29.265704622159657],[-90.9791928415106,29.265174378653278],[-90.97835360662609,29.264075746163567],[-90.97811709548316,29.262977112840918],[-90.97696505733524,29.26187847946958],[-90.97655245393871,29.261806224426262],[-90.97503482033478,29.262221802882394],[-90.97477542101672,29.262679566684664],[-90.97435580357447,29.262954224766045],[-90.9728909594682,29.26304577781839],[-90.97210513122396,29.26283978353129],[-90.97124300996094,29.26169537432749],[-90.97106130683011,29.26167266151168],[-90.9709302040026,29.261718262684084],[-90.97067080468453,29.262565125926216],[-90.96952067455828,29.26351117090702],[-90.96816264103762,29.263991823054223],[-90.9665928925708,29.2640147108968],[-90.96350680317573,29.26323651197055],[-90.96293459700101,29.26291607770206],[-90.9624615747151,29.262229432034662],[-90.96261988391932,29.261401642575187],[-90.96254168198058,29.259707916452935],[-90.96287928323738,29.258925904143553],[-90.96356020622275,29.258468139996474],[-90.96418581813944,29.258285034234216],[-90.96517954618483,29.258170593260214],[-90.96755801107103,29.258307922570403],[-90.97014628378002,29.259128083394156],[-90.97142802068865,29.259837615936082],[-90.97237215993373,29.26066540630051],[-90.97286775867936,29.261672044749904],[-90.97380648647315,29.261283386167207],[-90.97487841645729,29.260409821170366],[-90.97545252885706,29.26020382705928],[-90.97701846217888,29.260089385881262],[-90.9774628758179,29.259837615936082],[-90.97778140224798,29.259860503924813],[-90.97848330718345,29.260341155990314],[-90.97874270560321,29.260318268109152],[-90.98017703304093,29.259746063146324],[-90.98083697497452,29.259723175131974],[-90.9812070000232,29.259906280670563],[-90.98117648335469,29.260364043866364],[-90.98052416991449,29.260798920374295],[-90.97929202270448,29.260936249289916],[-90.97819498660479,29.26070764117081],[-90.9779873958241,29.260890473005205],[-90.97861491396583,29.26150845464657],[-90.97908602912837,29.261714446913462],[-90.98117648335469,29.261805999508365],[-90.98211489853477,29.26130246039737],[-90.98368655592158,29.261256684276585],[-90.9845715653597,29.26084088168042],[-90.98676692394658,29.258025634300274],[-90.98807345884863,29.256625640117456],[-90.98809634612545,29.256099211753984],[-90.98773013532346,29.254794584132657],[-90.98689662450394,29.25300549124084],[-90.98634730650433,29.251239286759525],[-90.98613559155815,29.250758635028664],[-90.9855614791584,29.250213132311536],[-90.98531924574709,29.249640927249168],[-90.98526584000513,29.248538480147126],[-90.98542415010765,29.248012052490438],[-90.98667727836943,29.24645183967449],[-90.98678218272998,29.24585674754162],[-90.9865704659872,29.245170101788588],[-90.98594485586715,29.245124325502502],[-90.98555575689005,29.245330319412414],[-90.9840146188667,29.246432766593955],[-90.9824448712982,29.248034939990074],[-90.9820023647825,29.248794065157316],[-90.98194895904055,29.249183164657254],[-90.98213206533985,29.249343381483893],[-90.98338900874664,29.24945782214466],[-90.98357211414763,29.250213132311536],[-90.98315631274872,29.251151548708386],[-90.98245249979159,29.251563536141724],[-90.98219119335018,29.251563536141724],[-90.98116885396297,29.250762448856793],[-90.98067294260365,29.250636563455167],[-90.97709475609595,29.250590788047155],[-90.9767590628608,29.25073956118345],[-90.97618113621434,29.25204800257365],[-90.9757367234736,29.252528654516688],[-90.97518931529228,29.252849089197046],[-90.97343836854782,29.253375517828662],[-90.97223483088298,29.251590238995416],[-90.97246371263422,29.25021313309531],[-90.97225008966639,29.249461637588794],[-90.97183654393716,29.249229135856915],[-90.9709454618877,29.24927853216342],[-90.9704735328515,29.24907301490456],[-90.96919833118656,29.249186978544046],[-90.96867380938373,29.249774443173408],[-90.96806917941714,29.2497973310626],[-90.96838579962218,29.248820767950072],[-90.97034273994277,29.248244748232782],[-90.9701596363384,29.247493253160407],[-90.9704762538485,29.246848568975526],[-90.97146807656718,29.246711239957058],[-90.97244082356079,29.247672543134893],[-90.97267045360866,29.24776364350913],[-90.97301112171385,29.247558103612434],[-90.97379504193644,29.246757016316998],[-90.97421084423368,29.245837674350163],[-90.97510157594017,29.244761930095976],[-90.97525607089769,29.24313305369852],[-90.97624789271805,29.241324885865144],[-90.97711001577767,29.240569575932156],[-90.97846804660338,29.240153773904645],[-90.97943698024864,29.239055139973022],[-90.98022090136952,29.23843715986715],[-90.98126612893184,29.237956508358636],[-90.98231135559584,29.23614452563042],[-90.98322116123076,29.235274775164346],[-90.98536502119902,29.234195215184126],[-90.98538790937415,29.233783228376407],[-90.98481570409773,29.233256800074486],[-90.98466120914021,29.2328905889168],[-90.98478900257422,29.23071239634583],[-90.984686005337,29.230552178573546],[-90.98113070610613,29.23131130328666],[-90.97867594730286,29.23137996835174],[-90.97818829685087,29.23169277903309],[-90.97802554278263,29.232295495539468],[-90.97758303626695,29.232867701165862],[-90.9777127368243,29.23351238405444],[-90.97755251959843,29.23401592433187],[-90.97776614256627,29.234176142171137],[-90.97823180675165,29.234198951239822],[-90.97964297382475,29.233695489468822],[-90.98084460436623,29.23364589907202],[-90.98132144179715,29.234012109879615],[-90.98118601986974,29.234611017115725],[-90.98090182435489,29.234954340322084],[-90.97977458150544,29.235343439138937],[-90.97925196772428,29.235320551152526],[-90.97849093477852,29.234931452248663],[-90.97771082970095,29.234862787213835],[-90.97671709985892,29.234107477413605],[-90.97669039743711,29.233924371952163],[-90.97697840719867,29.23353527322902],[-90.97694979675516,29.232387048591928],[-90.97595797493481,29.231585961702876],[-90.97569686073287,29.231105445001322],[-90.97540865873184,29.23112819909567],[-90.97483645345544,29.231677514605813],[-90.97013293122163,29.232371790539435],[-90.96668063012628,29.232371790539435],[-90.96352015124255,29.231177789928044],[-90.9622937263009,29.23097179575576],[-90.9606991816373,29.22991893967471],[-90.96007357151724,29.229300958507704],[-90.95947149366435,29.22895800282473],[-90.95923624555272,29.229026299449636],[-90.95863542983281,29.23014782119354],[-90.95633516868199,29.232051355233946],[-90.95638857262733,29.232211573795947],[-90.95994387185821,29.232120020586635],[-90.96046457761769,29.232326014800545],[-90.96122561056347,29.23292110643264],[-90.96203432608453,29.233149988295494],[-90.96278963676193,29.23385952305155],[-90.96323404950266,29.23480175254671],[-90.96347056154391,29.236175044527922],[-90.96409616986735,29.236632808085808],[-90.9640713754672,29.236793024965042],[-90.96276674858682,29.237136348692236],[-90.96122561146177,29.23800991332231],[-90.96002207379695,29.238399013850533],[-90.95722780751183,29.239016994970648],[-90.95607767558894,29.239497646202388],[-90.95469103252313,29.239818080931904],[-90.95317659692161,29.24064587025246],[-90.95228968036012,29.24428890742774],[-90.95291529137849,29.24394558417796],[-90.95516024056232,29.243442044149937],[-90.95670137948397,29.242225156101746],[-90.95840273473317,29.242019161428093],[-90.95902834485324,29.241469845758186],[-90.96004877621877,29.240943417009547],[-90.96093569457688,29.240710720340825],[-90.96200762456102,29.240710720340825],[-90.96307955364684,29.240916714512675],[-90.96368227738839,29.241195187209527],[-90.96506701243256,29.242431149576912],[-90.96551333139833,29.243804441095307],[-90.96543322323454,29.244884000056512],[-90.96493731277353,29.245593534207444],[-90.96407900485889,29.24639462042232],[-90.96295176290778,29.24717281894857],[-90.9615384165218,29.247767912049117],[-90.95999727849848,29.24761150905235],[-90.95952425621257,29.24729107442703],[-90.95913515723547,29.246486173405046],[-90.95887403854194,29.246348943443365],[-90.95848093577361,29.246371732555698],[-90.95693979775027,29.24749706867782],[-90.95464144192617,29.24788616840743],[-90.95349131090161,29.249030576932753],[-90.95349131090161,29.2492136820181],[-90.95372591492122,29.249351011596776],[-90.9545651480091,29.249579893557094],[-90.95450411287543,29.250220762359625],[-90.95299349241894,29.250220762359625],[-90.95301638059405,29.249865996267076],[-90.9524210859199,29.249824059458195],[-90.95171556796035,29.24991177278318],[-90.95149431739746,29.250220762359625],[-90.94918260811667,29.250220762359625],[-90.9468518276024,29.249602781489806],[-90.9461956999155,29.249099241867988],[-90.945730306123,29.249145018727212],[-90.94547090770324,29.25022076314335],[-90.94208345598824,29.25022076314335],[-90.94274721306685,29.249625670984972],[-90.94410905993588,29.24887036040001],[-90.94413576325601,29.248504148672765],[-90.94066438733391,29.24706219361699],[-90.94000825874872,29.247634398209208],[-90.93956575492795,29.248298155665722],[-90.93749818797846,29.249442565069373],[-90.93556222870966,29.249820219730452],[-90.93559274717481,29.25022076314335],[-90.93604097326391,29.25095700014322],[-90.93604097326391,29.251574981454358],[-90.93637857452072,29.251941192378677],[-90.93619737624309,29.252517211662],[-90.93632707590213,29.253661620896356],[-90.93700990601083,29.254302489992792],[-90.93742570830808,29.2551264652514],[-90.93844423344858,29.256160248610122],[-90.93899354965154,29.257510651521258],[-90.9388886461893,29.25860928479382],[-90.9384747510154,29.259368409079386],[-90.9377118118446,29.260032167203477],[-90.93601808508879,29.260764589096198],[-90.93575296440066,29.261062135338722],[-90.93614397050112,29.26404141520191],[-90.93661317943865,29.264430513909787],[-90.9369278907237,29.265048495316023],[-90.9367447853227,29.265231600723013],[-90.93659029036519,29.266082278686845],[-90.93664369610717,29.267226688161436],[-90.9378434195253,29.26898907846106],[-90.93815584369965,29.269171850037146],[-90.9385739331076,29.269080630811366],[-90.93961916066992,29.26818799209432],[-90.9414731037533,29.267615786502123],[-90.94234211239959,29.26793584948635],[-90.94309625886038,29.26784466912336],[-90.94429979562689,29.267455569302797],[-90.94471559792414,29.26695202980197],[-90.94498071861226,29.266883364313152],[-90.94782839153764,29.267821780570834],[-90.94929132852054,29.26768445071541],[-90.94973574036298,29.266883364313152],[-90.95044146044344,29.266673555902674],[-90.95096407332628,29.266925326257038],[-90.95146189270727,29.26757001007312],[-90.95282183245297,29.2682108797812],[-90.95303164027577,29.26885174860644],[-90.95491228667927,29.26942395276619],[-90.95640383320737,29.26962994710959],[-90.95710764526616,29.270179262806924],[-90.95820437054878,29.270431033931235],[-90.9597226212953,29.27118634358346],[-90.96014223783924,29.271556368644575],[-90.96055804013648,29.272609226502535],[-90.96053133771467,29.272906771970263],[-90.95998202061338,29.273662082135115],[-90.96016512601437,29.274993411826802],[-90.96058474165999,29.276069157036048],[-90.96105585951749,29.27600049296989],[-90.9618130755216,29.27501630034073],[-90.96228419068417,29.27466916229196],[-90.96327792052618,29.27457760946185],[-90.96429644476837,29.274760715823668],[-90.96497927577539,29.27514981448011],[-90.96521197177333,29.275931828074093],[-90.9654751862364,29.276069157036048],[-90.96641505578896,29.276252047593147],[-90.96719943055905,29.2762026705836],[-90.96928988478537,29.276801579229026],[-90.97038851808965,29.27746152182588],[-90.97138033991,29.278583043132016],[-90.97183009583003,29.27888033927601],[-90.97302828941726,29.278399937349988],[-90.97352610789993,29.2784457128468],[-90.97431002722419,29.27885770079808],[-90.9745770568323,29.279521458543368],[-90.9745770568323,29.28025388028342],[-90.97507296908995,29.28094052554913],[-90.97467814694618,29.28197430882119],[-90.97190676793787,29.283278935945624],[-90.97164736861978,29.283622259568304],[-90.97183047402079,29.284034246235993],[-90.97243319686402,29.284404272573962],[-90.97229968205997,29.284862035762142],[-90.971937286403,29.285045141716683],[-90.97089205794236,29.285159582379894],[-90.97060214105747,29.285411352641283],[-90.96958691632733,29.289852667389525],[-90.97113493185248,29.292062970299153],[-90.9715443722809,29.29349851283364],[-90.97292910732506,29.294578071261633],[-90.97277270434587,29.29301785999875],[-90.97230158918333,29.29219388538662],[-90.9715157609391,29.289969916891604],[-90.97154055713587,29.289283270416686],[-90.97175227298035,29.288917059269714],[-90.97230158918333,29.288619513410957],[-90.97305880698408,29.288505072706325],[-90.97421084603032,29.288917059269714],[-90.97447215247175,29.28930615964704],[-90.97452365109034,29.290061469249505],[-90.97384463433,29.290816779534403],[-90.97319041466478,29.291987891870093],[-90.97368823314747,29.29290341952146],[-90.97363864255053,29.293567176108578],[-90.97502097190636,29.295054482308426],[-90.97538577325167,29.294944282480206],[-90.97538577325167,29.292857643451335],[-90.97582827976736,29.29230832587555],[-90.97624789451467,29.29210233337325],[-90.97772036891095,29.29226255032215],[-90.97815905938332,29.292582985032762],[-90.97836886720613,29.29313230113127],[-90.97839938567128,29.29400205236789],[-90.97792636158876,29.294688697673013],[-90.97792636158876,29.295928475086196],[-90.977666963169,29.29636335069121],[-90.977666963169,29.2967982260111],[-90.97810946788806,29.297896859260927],[-90.97808658061125,29.298263070328755],[-90.97792636248707,29.298652169569145],[-90.97724734572674,29.299045083270585],[-90.97801028579586,29.300258156827717],[-90.97803317307265,29.300921914962494],[-90.97756205880842,29.301608559955397],[-90.97696505913186,29.301928995107303],[-90.97693454066672,29.302550790382483],[-90.97669993844374,29.30310010769572],[-90.97698794730698,29.303351877600125],[-90.97797976822903,29.303740976247685],[-90.97858249017396,29.30429029264018],[-90.97894870187426,29.304198740505054],[-90.97907840243163,29.304015634421763],[-90.97907840243163,29.302802561641577],[-90.97923480451246,29.302318094477858],[-90.97975741919196,29.3017916656558],[-90.98015033151744,29.301631447990015],[-90.98135196205891,29.30153989582058],[-90.98229419238402,29.30202054771127],[-90.98255740684709,29.302592751779876],[-90.98232089480582,29.3028902992289],[-90.98153506745992,29.303145883091137],[-90.97978759360232,29.303077447167453],[-90.97965442105641,29.303168771564543],[-90.97968112437654,29.303580759291037],[-90.98001833576453,29.303992400675355],[-90.98140536690256,29.30362653525432],[-90.98255740684709,29.303740976247685],[-90.98462497289829,29.305480477808583],[-90.98603641126259,29.30584668987508],[-90.98836337753018,29.306807993921574],[-90.98880588224924,29.306647775511983],[-90.98878108605246,29.305961130729553],[-90.98682033238349,29.305503366541892],[-90.98621761043854,29.30513715559373],[-90.98637210449775,29.304725168665033],[-90.9872342275574,29.30428647845912],[-90.98786365192414,29.302478311066043],[-90.98775874666526,29.301860329621285],[-90.98602878276921,29.30229520581373],[-90.98561488849363,29.30213498815484],[-90.98461734260827,29.30105924401714],[-90.98475085831063,29.300418374298395],[-90.98644839841482,29.29970502553875],[-90.98705112035977,29.299338814158805],[-90.98713122942185,29.299132820953414],[-90.98694490266224,29.298927467371342],[-90.98608218761285,29.29901838027827],[-90.9855862762535,29.298835274304505],[-90.98537646843069,29.298583504229494],[-90.9854794647696,29.29835462230298],[-90.9861870910751,29.298079963783913],[-90.98639499267287,29.296496864354342],[-90.9861340473542,29.296154017236283],[-90.98524295362664,29.29642819991554],[-90.98495685098844,29.29640531149788],[-90.98448573672421,29.29603910081817],[-90.98443423810559,29.295489784686385],[-90.9852963593686,29.29420804652249],[-90.98537265328567,29.293540474034018],[-90.98498355341026,29.29289960413155],[-90.98406692147749,29.292713942543383],[-90.98399173338653,29.29340314426835],[-90.98372851892343,29.293544287833075],[-90.98289309918394,29.293380255956148],[-90.98242007689804,29.293956276006732],[-90.98124514967668,29.294414039478248],[-90.98135196205891,29.295032020552906],[-90.98072253589554,29.295833108006708],[-90.98067294440027,29.29643201517362],[-90.98237430054779,29.296317573821707],[-90.98351870930401,29.296657081459728],[-90.9841748378892,29.297599312143944],[-90.9840451391285,29.299361703485722],[-90.98354922776915,29.299983498728754],[-90.98279010284503,29.300075051510497],[-90.9817410592394,29.299800393702373],[-90.9811421533378,29.2991557095431],[-90.98019992301269,29.298972603032205],[-90.97954760957249,29.298583504229494],[-90.9794675005104,29.29824018232239],[-90.97978030557043,29.29741620675904],[-90.97944270431361,29.296569343999867],[-90.97949038868553,29.295928475086196],[-90.97978030557043,29.295421119570403],[-90.97983371221069,29.294414039478248],[-90.9802514216313,29.293246742135523],[-90.9802228102895,29.2922129585492],[-90.97941409387013,29.290725226286607],[-90.97943698204526,29.290175910560798],[-90.97980319284724,29.289187903399675],[-90.98048220960757,29.28873013922522],[-90.98113833729447,29.28870725143272],[-90.98134433266722,29.28852414577425],[-90.98139773751083,29.28815793503968],[-90.98231326451581,29.287631506081738],[-90.98202334852922,29.28648328223752],[-90.98236476313443,29.286071294476944],[-90.98236476313443,29.28577374816403],[-90.98194705461215,29.285178655288945],[-90.98147593855128,29.285270208023526],[-90.98147593855128,29.286002630863877],[-90.98051272807272,29.287425512765775],[-90.98019610696937,29.287379735807498],[-90.98053561534952,29.286048406872208],[-90.98040591569048,29.285796636613796],[-90.97995578157972,29.285682195880753],[-90.9800320754968,29.284194463303553],[-90.9806119092666,29.28391980509574],[-90.98196994188895,29.284102911172017],[-90.98194514659048,29.28281735773307],[-90.98207675337287,29.282725805151053],[-90.9830456870181,29.28320645705445],[-90.98325358771757,29.28460645079783],[-90.98403750794016,29.285338872128804],[-90.98414432032237,29.28570508356752],[-90.98380290481886,29.286437505640542],[-90.98320590424397,29.28675794060504],[-90.98330699435785,29.287036413843108],[-90.98377810952039,29.287353033682393],[-90.98485322582883,29.28751299561218],[-90.98521243605983,29.287353033682393],[-90.98521243516149,29.286529058814004],[-90.98555385066501,29.285888189578078],[-90.98625956984716,29.28559064194834],[-90.98733300271277,29.285979595162146],[-90.98772250683007,29.285888189578078],[-90.9876977115316,29.285567754235935],[-90.98680697892678,29.284835332195357],[-90.98675357408315,29.28412198427834],[-90.98746120038865,29.283298008422285],[-90.98803531189009,29.28297757435838],[-90.99038516543447,29.282104008262735],[-90.99216472352074,29.282355778218804],[-90.99339305558574,29.282973759381242],[-90.99525272183578,29.28496884682533],[-90.99522983366066,29.28599881521619],[-90.99493991587744,29.286639684541626],[-90.99347697979285,29.287948125643474],[-90.99311076899086,29.288657659500522],[-90.99271976199209,29.288886542006626],[-90.99201022766492,29.288886542006626],[-90.99075736799942,29.288337283771963],[-90.98772441395342,29.288383001539888],[-90.98707400853489,29.288844579677647],[-90.98744021933688,29.289371007868315],[-90.98738681359491,29.29021787155931],[-90.9879361306962,29.29108762254434],[-90.98728191013267,29.29248761639601],[-90.98772250772836,29.29248761639601],[-90.98824893575623,29.292006964287683],[-90.98908626172076,29.291820044413512],[-90.98940097480246,29.29204892688435],[-90.98950778718469,29.29241895239526],[-90.98934947618386,29.292739386615214],[-90.98885165770118,29.292991156997157],[-90.98705112035977,29.29310559815959],[-90.98683940451528,29.293220039193777],[-90.98683940451528,29.293448920877438],[-90.9874163304385,29.293860479327076],[-90.98801433173664,29.293769354999547],[-90.98833285906501,29.2939295732505],[-90.98867045942352,29.29452466528391],[-90.98901187492703,29.2947993239646],[-90.98932468088537,29.2947993239646],[-90.98974239030598,29.294616218259552],[-90.99034172919555,29.29473011938209],[-90.99073611924968,29.294639106294767],[-90.99091922465068,29.29441022492822],[-90.99060451246729,29.294158454910832],[-90.98927127514342,29.294089789683134],[-90.98890506523976,29.293838019659297],[-90.98892795161825,29.293563362310383],[-90.9902383016653,29.29303693379091],[-90.99049960720842,29.293082709780695],[-90.99073611924968,29.2933573676388],[-90.99138843268989,29.293151374118597],[-90.99180614211046,29.293403143484955],[-90.99220096245763,29.293975348840174],[-90.9919129535944,29.295005317294503],[-90.99269687381697,29.295554634465468],[-90.99259197035472,29.29624127951584],[-90.99217426093412,29.296725746527986],[-90.99081241316676,29.29684018742245],[-90.99016200774824,29.2965655287469],[-90.9900799915628,29.295901771278846],[-90.98989698946805,29.2956692075046],[-90.98953258248315,29.295695777406923],[-90.98888217616631,29.296084877812515],[-90.98814844751361,29.295879265837847],[-90.987836948604,29.295970436855],[-90.98731242769951,29.29651975275148],[-90.98731242769951,29.297206399146386],[-90.98861896170322,29.297641274009514],[-90.98948478492352,29.298419351185046],[-90.99034701937425,29.298236367131928],[-90.99154674279241,29.298556801116444],[-90.99228488666473,29.29896878865245],[-90.99301158689866,29.29981946622768],[-90.99363910414206,29.299632545768787],[-90.99397861252221,29.29848813649602],[-90.99322139561978,29.29809903741396],[-90.99329768953687,29.297709938416013],[-90.99382196520129,29.297892914795064],[-90.99445163570644,29.297870155968255],[-90.99515544686693,29.29812192545196],[-90.99562656382611,29.2985796898352],[-90.99596607130796,29.29981565187958],[-90.99643718647052,29.300982949337353],[-90.99664854658212,29.301165744372906],[-91.00012218536044,29.300864693293484],[-91.00012218536044,29.30737256887401],[-90.99975788168179,29.307399271247885],[-90.99941837330161,29.30538129611071],[-90.9976693336805,29.303756234619343],[-90.99745761783603,29.3028407063503],[-90.99724992464739,29.30270351364865],[-90.99539005088653,29.30279493081803],[-90.99447833902657,29.30249738465781],[-90.9938241175647,29.301856515349417],[-90.99419032836668,29.30126142217536],[-90.99416218953876,29.30093757641587],[-90.99327480136174,29.30126142217536],[-90.99222883268932,29.300712869739165],[-90.9918366596773,29.300826546279662],[-90.99128734347434,29.301352975377892],[-90.99194156403786,29.301948068018376],[-90.9922028713776,29.302520272493233],[-90.99204837642009,29.303233621166726],[-90.99142276540172,29.30385160213211],[-90.9909497431158,29.30385160213211],[-90.99060641959065,29.303645609414883],[-90.99021732061352,29.302478311066043],[-90.99068271350774,29.301055428148608],[-90.99154865081405,29.300391671665178],[-90.99149715219545,29.300139901511088],[-90.99099583657136,29.299728322932456],[-90.99060832761232,29.299773690124187],[-90.99011241625297,29.300574776414557],[-90.98971950213085,29.30066632944951],[-90.98835747470044,29.30030087043922],[-90.9861909062201,29.301311013470947],[-90.98626910726053,29.301608559955397],[-90.98794376008793,29.30133008649745],[-90.98843967144724,29.3017230008608],[-90.98870097788867,29.303233621166726],[-90.9883099708899,29.30392026706217],[-90.988334767985,29.304309366676783],[-90.98959170959516,29.304996011603254],[-90.98959170959516,29.305663583614415],[-90.98933231027709,29.30616712347429],[-90.98938571691737,29.30657911163325],[-90.9896699115339,29.30689954606658],[-90.99061023473566,29.30646085580516],[-90.99121105045556,29.306415079546213],[-90.99165927654468,29.3066210729415],[-90.9921263232373,29.307219820476323],[-90.99364291928708,29.30714750192593],[-90.99440585935619,29.307334421942016],[-90.99602519841997,29.308204172834426],[-90.99644290873886,29.308639047851326],[-90.99636661482177,29.3091654773944],[-90.99822055790516,29.309737681361373],[-90.99853336296518,29.30944013507226],[-90.99822055790516,29.308841226664015],[-90.99822055790516,29.308269023154395],[-90.99845706904809,29.307834146560907],[-90.99902927432453,29.30751371271164],[-90.99970829108484,29.307811258350238],[-90.9997998410904,29.308841226664015],[-90.9995022966104,29.30944013507226],[-90.9994794093336,29.310378550539056],[-90.99976169592847,29.31079053814833],[-91.00012218536044,29.31099271661552],[-91.00012409338208,29.320525647729205],[-90.99967014412631,29.319682599191104],[-90.99967777261969,29.316955089770307],[-90.99908840143651,29.315783977149486],[-90.99856578855368,29.316634655578838],[-90.99856578855368,29.317321300609144],[-90.99835788785421,29.31759595983376],[-90.99775516501096,29.317710400045318],[-90.99736606603385,29.318263531668922],[-90.99645053813057,29.3189501774855],[-90.99592601722605,29.31915617142583],[-90.99422656910022,29.319339276192235],[-90.99341594376085,29.319613933117267],[-90.99326144970168,29.31981992885039],[-90.99357425566002,29.320258618860965],[-90.99490939920892,29.3206210144533],[-90.99598452270389,29.32188305651278],[-90.99621402698762,29.321837903570312],[-90.99645053813057,29.321238995870505],[-90.99595271964789,29.320781232855424],[-90.99592411100103,29.32050657437371],[-90.99645053813057,29.32041502190426],[-90.99697315191173,29.320598126760988],[-90.99718296063287,29.320849896577073],[-90.99715625731272,29.321193219974738],[-90.99681674893257,29.32165098349074],[-90.9968434522527,29.321906568147202],[-90.9972611616733,29.3223872196743],[-90.99716007245773,29.32387495261017],[-90.99640476178031,29.325480940845882],[-90.99642764995545,29.32582426353727],[-90.9966641610984,29.325961592760184],[-90.99624645257612,29.328185561090027],[-90.99559604625928,29.329604628417588],[-90.99525463075575,29.329993728772994],[-90.99449359870829,29.330386641632437],[-90.99381458284628,29.330523971760243],[-90.99221802505814,29.33004345177419],[-90.99190532510099,29.33043241888438],[-90.99185382738071,29.331050400376007],[-90.99156772474248,29.331416610733196],[-90.99122630923897,29.331553940256978],[-90.99044021599173,29.331508398453913],[-90.98994266341036,29.331805710439742],[-90.98978816665623,29.331599716201712],[-90.98978816665623,29.330661300919925],[-90.989996068254,29.330066208125295],[-90.99146091325858,29.328940871227744],[-90.99135410177466,29.32855177233729],[-90.99109470245659,29.32855177233729],[-90.98950015958962,29.329654220819883],[-90.9885846298897,29.32999754277627],[-90.98748599838206,29.330226425004735],[-90.98680698072341,29.329951766895476],[-90.98505222063058,29.3275485074285],[-90.98492252007321,29.327086928072877],[-90.98507510790736,29.325370314912565],[-90.98439609204537,29.32488966256142],[-90.9832459610208,29.325416091283394],[-90.98050509957932,29.327067855161054],[-90.97707950000748,29.328624251931316],[-90.97650157425932,29.32993269295313],[-90.97629367266155,29.330047134204296],[-90.97605716331523,29.329909805000696],[-90.9757676919947,29.32929221522948],[-90.97543155050023,29.32938337754525],[-90.9747220179697,29.329818253139774],[-90.97310076998595,29.330436233654424],[-90.97096072426437,29.331836228185235],[-90.96813212616574,29.332911972879277],[-90.96802722180517,29.333278184382078],[-90.96693240364591,29.33337736637247],[-90.96488963199488,29.333903794353336],[-90.96447573771928,29.334430223531793],[-90.96269808855301,29.33582640269114],[-90.95803843554611,29.337180620273124],[-90.95754061706344,29.33722639760724],[-90.95699129996214,29.33690596210177],[-90.95633550105866,29.334980033312764],[-90.95565615551492,29.335254197823712],[-90.95547304921563,29.33479643428023],[-90.95335970681417,29.334704882107992],[-90.95361910703056,29.335601335862965],[-90.95346079602973,29.33594465815643],[-90.95286379725147,29.336265093550974],[-90.95217715199774,29.336173540348266],[-90.95176134880218,29.33576155344261],[-90.95173464548205,29.334750658204353],[-90.95155153918274,29.334498888245243],[-90.94896420251825,29.33390400031728],[-90.94484530207475,29.33368254341153],[-90.94399080750851,29.332828050725656],[-90.94255457384574,29.332347399064986],[-90.94166384213925,29.331637865025574],[-90.94069490939233,29.331248765461645],[-90.9394665755307,29.330214982236914],[-90.9390011817382,29.330306535307983],[-90.93876085634855,29.331248765461645],[-90.93839845979328,29.331866746704822],[-90.93803224899128,29.332141405138113],[-90.93700990960409,29.332278733685754],[-90.93632898661873,29.33202696388785],[-90.93494234265458,29.33097410775657],[-90.93397341080599,29.330604081829684],[-90.93363580954916,29.330123429866795],[-90.9335824038072,29.329619889187153],[-90.93376550830989,29.328956132096682],[-90.93360719820737,29.32854414500556],[-90.93298158808732,29.328383927049455],[-90.93180666086594,29.328933244708303],[-90.93143854383892,29.328933244708303],[-90.93141374674384,29.328635697227206],[-90.93185625325953,29.32805967787268],[-90.93185243901283,29.327807907839247],[-90.93135652675518,29.327327256011163],[-90.93175325602232,29.326411728531916],[-90.93169985028035,29.323661331102986],[-90.93208894835917,29.322768692389133],[-90.93204126578388,29.321921828502227],[-90.93224916558502,29.321807387532207],[-90.93246278945115,29.321921828502227],[-90.93319139591011,29.32311201481142],[-90.93405351807142,29.323638443309594],[-90.93444643219355,29.324141982976883],[-90.93431673253453,29.324599747357667],[-90.93386659842375,29.324599747357667],[-90.9330330858076,29.324302200548015],[-90.93256197064505,29.324302200548015],[-90.93230257312361,29.324576858208417],[-90.93214426212276,29.32545042433129],[-90.93251047292475,29.32604551743198],[-90.93256197064505,29.326823715622364],[-90.93272218876923,29.32702971010989],[-90.93340007365231,29.32712118772206],[-90.93525514861292,29.326823715622364],[-90.93575296709561,29.327189927060786],[-90.93661699638027,29.327373033070085],[-90.9367753055845,29.32753706514332],[-90.93594942325836,29.32810926945996],[-90.93528566617975,29.328956132096682],[-90.93437013827649,29.329253678642846],[-90.93415842333032,29.330123429866795],[-90.93604109184153,29.330352233496654],[-90.93716631258327,29.32966566678328],[-90.93834314692796,29.32934523101062],[-90.9383183516295,29.32888746756657],[-90.93750582006513,29.327994828383545],[-90.93588075873298,29.324489120468606],[-90.93538484737365,29.322608474758894],[-90.93488893781094,29.319446090352454],[-90.93455133655414,29.319011214394973],[-90.93392000416571,29.318690780395126],[-90.93209276350417,29.318118574936246],[-90.93008051031828,29.317107680259866],[-90.92960939515572,29.31674146865436],[-90.92915926014663,29.316031935704736],[-90.92678506674963,29.31552849229555],[-90.9248715393118,29.315528395952846],[-90.9247952453947,29.31476927061795],[-90.92045411791956,29.31103468080905],[-90.9201947194998,29.310393811835016],[-90.92021760767494,29.30899763232545],[-90.920536134105,29.30764341418767],[-90.92024812524177,29.306315899539747],[-90.92043122974445,29.30610990552859],[-90.92085084718671,29.306018352675387],[-90.92105874788618,29.30613279412076],[-90.9211884475452,29.3065905578357],[-90.9214240325251,29.306704549784733],[-90.92249879669396,29.306315899539747],[-90.92322931117457,29.30627012243243],[-90.92461595424041,29.30672788709827],[-90.92537317114284,29.30672788709827],[-90.92573938284313,29.30652189235183],[-90.92673311178686,29.30464506099046],[-90.92845735610949,29.302306651713202],[-90.92882356601316,29.301459788780033],[-90.930027103678,29.300521373573165],[-90.92986879357548,29.299899576905435],[-90.92918977681515,29.29980802396633],[-90.92893037839539,29.299602030140832],[-90.92893037839539,29.299281596302876],[-90.92918977681515,29.299029825761636],[-90.9297410010398,29.299052713591056],[-90.93018922892554,29.299258707741483],[-90.93360719730904,29.29332303789517],[-90.93350420097015,29.29318570862058],[-90.93248567582965,29.293025490769548],[-90.93222436938822,29.292819497363396],[-90.93219575894474,29.292453286359997],[-90.93251619339648,29.292338845250082],[-90.93305788200438,29.292453286359997],[-90.9343167307379,29.292132851242464],[-90.93473444015848,29.291720864331158],[-90.93530855255825,29.291766640127335],[-90.93559656321814,29.28956555933627],[-90.93512544715725,29.288489814406116],[-90.93486413981752,29.287322517518998],[-90.93402681385298,29.285670752818934],[-90.93287858905347,29.284549231739472],[-90.93221864711987,29.284160132830877],[-90.92939761103928,29.292924766899446],[-90.92314966923644,29.29465738929907],[-90.92073449739111,29.29129715284785],[-90.91911250200904,29.290634793311717],[-90.91693327536805,29.290864185339373],[-90.91430790583105,29.291913798972526],[-90.91518035412658,29.29260666715839],[-90.91559429331792,29.293998768974248],[-90.91265128758133,29.295222637821155],[-90.91033895397142,29.295570864726763],[-90.9096309566617,29.296178438868047],[-90.90875161918626,29.295796117799288],[-90.90798302601907,29.294651877056303],[-90.90664885804057,29.294343300665844],[-90.9063336814282,29.295365887077846],[-90.90527059266307,29.295670264346764],[-90.89978391287637,29.296531703037267],[-90.8980374011145,29.295950258199174],[-90.89760717277208,29.295502422158798],[-90.8962719241203,29.295477147995854],[-90.89559979923483,29.293938042233627],[-90.89464552609503,29.293693355714236],[-90.8917337745438,29.294892311942075],[-90.88842739308824,29.295200721369838],[-90.8829843274069,29.29765010148714],[-90.8829318235735,29.295864974602186],[-90.88671884323192,29.2926340910342],[-90.88669173297495,29.291093577635248],[-90.88932974360462,29.28918197640281],[-90.89009438508288,29.290787721648563],[-90.89609681552196,29.287423301758025],[-90.89983801930427,29.28819943226136],[-90.89968050870236,29.286309298779827],[-90.89864561895232,29.284274017407114],[-90.89667029550777,29.282758992158573],[-90.89653028588421,29.280113860764274],[-90.89789372097468,29.277941756563234],[-90.90114344478694,29.27541844309298],[-90.90236686845722,29.27534197881191],[-90.9034355743878,29.27684392888688],[-90.90721775033022,29.277348395201393],[-90.90557139802753,29.276022283466816],[-90.90656443077691,29.274126636253186],[-90.907960981362,29.274870959365753],[-90.90877835304912,29.276407099005706],[-90.91170175934285,29.27593666509945],[-90.91371790223393,29.276104676561893],[-90.91365069657256,29.276911134945717],[-90.91627168233096,29.27603747232349],[-90.9169437299613,29.277011940424917],[-90.91775018711773,29.276541508519305],[-90.91909428148013,29.27647430300105],[-90.91895987195407,29.276877531530026],[-90.92027976121113,29.277353740694625],[-90.91993434191639,29.276608712426267],[-90.92097601574345,29.27640709822212],[-90.92144644818639,29.27694473678319],[-90.92228650862265,29.276507904982143],[-90.92363060298503,29.276810327016253],[-90.92494109586423,29.275869460750556],[-90.9250755053903,29.275029401093743],[-90.92660845706646,29.274194617503245],[-90.9265876125586,29.27321487242897],[-90.92816692359163,29.27321487242897],[-90.92880536884047,29.274021329324157],[-90.92803251496387,29.275264618054877],[-90.92910779027412,29.276205483620238],[-90.93008225933814,29.276608712426267],[-90.93014946410118,29.27828883178119],[-90.93153791457735,29.278119152573947],[-90.93073962939505,29.276866671242235],[-90.9307121014215,29.274402998449446],[-90.92973489159755,29.273425788741662],[-90.92973145015169,29.27178878827626],[-90.931452029348,29.27077713397577],[-90.93271166859894,29.26955272935112],[-90.93565497347454,29.26799757279789],[-90.93533144073336,29.266837589123494],[-90.93517717035469,29.26665474754775],[-90.93476686395036,29.266719332733068],[-90.9344205490353,29.26488413949054],[-90.93349801786604,29.26262447322834],[-90.93198953001001,29.26241238026786],[-90.92874219661473,29.263788733389845],[-90.92767036095371,29.263639914972327],[-90.92623895393896,29.26434185539447],[-90.92455980234863,29.264644653533765],[-90.92428453159611,29.265842080842965],[-90.92387162636565,29.266475203245285],[-90.92341742917486,29.266736710918032],[-90.92193096800959,29.26681929252064],[-90.92135289942934,29.266502731307618],[-90.92105010160157,29.26558057401659],[-90.91868277402827,29.266172405041605],[-90.91860019280251,29.266571548296422],[-90.91550339818423,29.26725972425693],[-90.91409861004797,29.26677895816999],[-90.91342510355358,29.26558057401659],[-90.91376919244338,29.26487863269441],[-90.91361779308035,29.26406658507672],[-90.91430596996163,29.263722496725208],[-90.91431973484673,29.263213245438614],[-90.91495285578087,29.26303432046676],[-90.91401693522232,29.261836892407302],[-90.91180100701207,29.26179560234521],[-90.9097640043418,29.262525069671305],[-90.90911711852256,29.262373670318226],[-90.90789216412303,29.26241496093066],[-90.90666207495335,29.263305179124835],[-90.90608796345188,29.263282291123446],[-90.90744599697256,29.26153897381616],[-90.90744599697256,29.260623446489785],[-90.90659150959283,29.259982256496613],[-90.90706463159172,29.25783170462157],[-90.90820303690687,29.257342834427742],[-90.90884958855284,29.256627395663084],[-90.91898492686565,29.253559633227777],[-90.92137727341793,29.253318299313605],[-90.92223939557925,29.25303982590717],[-90.92194947959267,29.252032745884634],[-90.92133913634088,29.25166564179738],[-90.91871030020519,29.25339984701304],[-90.90824261398335,29.256379806219513],[-90.90682807014312,29.25619728451531],[-90.90579580527034,29.26062742217493],[-90.90278503242534,29.262433886050296],[-90.90051949565184,29.262924815706103],[-90.89837640014989,29.263874755334662],[-90.89659144318875,29.26307905115131],[-90.89592477197537,29.262627434754094],[-90.89440354241538,29.262824526884653],[-90.89304550889472,29.263831607228937],[-90.89218338853001,29.263991825405213],[-90.89204987192934,29.26390027241629],[-90.89213188901309,29.26362561452499],[-90.89286431061706,29.263076297312804],[-90.89296540073093,29.2626871981538],[-90.89262779947413,29.262183657112512],[-90.89262779947413,29.261909000096093],[-90.89601079374867,29.25991773915633],[-90.89637638740805,29.259143541221192],[-90.89727961917171,29.259853223342713],[-90.8977742459402,29.259595157330285],[-90.89807532349421,29.258627408882063],[-90.89872048903968,29.25851988140803],[-90.89932264324936,29.25770267110556],[-90.89943017158886,29.25673492277555],[-90.90009684280224,29.256218790820984],[-90.8981398395996,29.25675642896819],[-90.89822493520983,29.257268892747614],[-90.8977742459402,29.257638154678336],[-90.89715058606262,29.257595144226762],[-90.89697854161773,29.25697148359252],[-90.8949785279776,29.257337078002447],[-90.89186022769138,29.25647685594825],[-90.89022580771064,29.256326317579262],[-90.8885268716245,29.257014495090154],[-90.88644083710938,29.257552132973355],[-90.88631180310195,29.258433859660915],[-90.88345156813565,29.259939246247118],[-90.8814515544955,29.260799465825162],[-90.87940853041788,29.261100544063606],[-90.8789569149852,29.2617672156627],[-90.87816121066273,29.2617672156627],[-90.87813970499481,29.26258442483348],[-90.87697840611463,29.262799479741595],[-90.87613969135467,29.26198227072212],[-90.87654829634985,29.260842477280278],[-90.87755905555474,29.26019731139128],[-90.87749453944933,29.25955214613427],[-90.87882788187609,29.258476870543518],[-90.8789569149852,29.25647685594825],[-90.87977412407726,29.255186524584616],[-90.87983864108097,29.2546703926541],[-90.87936551998038,29.253745655937674],[-90.88022574040825,29.25307898456132],[-90.88027687161592,29.252289111410775],[-90.87951605785906,29.251745642098335],[-90.87970960797186,29.2495305734227],[-90.88026875084573,29.24834776953129],[-90.87962358530025,29.24843379113878],[-90.8791289594301,29.24888540750631],[-90.8784837929863,29.248906913781628],[-90.87816121066273,29.24808970270739],[-90.87684937300556,29.24972412303135],[-90.87596764690979,29.250089716695438],[-90.87723647323115,29.250369289145315],[-90.87762357255843,29.251229509265656],[-90.87708593445414,29.252605862402053],[-90.87689238434135,29.2538961934022],[-90.87725797889905,29.254756415215244],[-90.8754730201413,29.25593921789892],[-90.87504290947821,29.257014494306425],[-90.8752149539231,29.25765965989738],[-90.87639775757287,29.25712202257935],[-90.87702141745045,29.25800374827264],[-90.87620420835837,29.259186552589046],[-90.8751504369194,29.258949990625716],[-90.87441924960063,29.260670433702423],[-90.87310741284178,29.26219732454559],[-90.87153750986472,29.262175819497088],[-90.87052675065986,29.26172420381288],[-90.87016115700047,29.26024032231589],[-90.87031169577746,29.25884246427456],[-90.86955900189247,29.257745681511917],[-90.86992061960842,29.25683658360015],[-90.86925792433848,29.255724163455344],[-90.86956072216624,29.254707382074255],[-90.8705654608621,29.25375769900569],[-90.87027642522447,29.25320715708058],[-90.86982222893198,29.253000704074484],[-90.8704415885743,29.252133601758285],[-90.87065377962756,29.25150430155343],[-90.87024889904752,29.251294026599997],[-90.86855630686392,29.252112580525086],[-90.86828463386412,29.254731315153062],[-90.86781705447054,29.25661529885587],[-90.86640575444679,29.257119333629404],[-90.86788425923358,29.258463429105873],[-90.86741382679064,29.260210753384758],[-90.86629184717044,29.261143873570642],[-90.86509526246591,29.263167760916847],[-90.86338154100851,29.26444465280941],[-90.86065974810556,29.26444465124211],[-90.85926902579003,29.263399225513048],[-90.8580887922203,29.264532182757844],[-90.85417448937096,29.26551992834225],[-90.85303200839934,29.261554848200767],[-90.85797155848245,29.258967464176088],[-90.85986001124579,29.256928472860587],[-90.85732236039966,29.25645535126425],[-90.85480621432316,29.253380061230963],[-90.85497177742327,29.25022445002001],[-90.85378771253885,29.248431210123208],[-90.8531958808701,29.246504316101113],[-90.85327846119755,29.24349010212332],[-90.85211606008451,29.242740018302115],[-90.84641642657489,29.24315550569679],[-90.84497139750717,29.24486901585087],[-90.8446336462317,29.2473581063135],[-90.84247593514006,29.24901705352402],[-90.84020364573057,29.25515162478064],[-90.83880901484524,29.253756995983945],[-90.83815271827507,29.251624032555835],[-90.8343790143441,29.248834772628975],[-90.83355864318224,29.245471254248166],[-90.83052327356644,29.243912549173714],[-90.83313020069065,29.238458815704973],[-90.83158975437006,29.238169955595364],[-90.827487902154,29.239810697022335],[-90.82535493875014,29.237431623014245],[-90.82305789985625,29.239646622025163],[-90.81747175949963,29.23825451600878],[-90.81198289770511,29.23775977044041],[-90.81036512170994,29.243349229616722],[-90.80714271207219,29.243584401878348],[-90.80890158644905,29.237165822388988],[-90.80790401630918,29.236220755835223],[-90.80832404607816,29.234435628440576],[-90.80753649037362,29.232125466433097],[-90.80911160088436,29.229132753352],[-90.80863906907862,29.227505138909603],[-90.81010917192255,29.224459924605195],[-90.81378443217648,29.222464781681804],[-90.81325939474067,29.220837167888178],[-90.81567456658601,29.22078466340747],[-90.81719717326335,29.219524575236736],[-90.81892979617265,29.21857950814855],[-90.82171249305522,29.217949462238035],[-90.82087243261897,29.220889671557995],[-90.8251252350404,29.22015461929973],[-90.82554526391107,29.219262055472115],[-90.8292730279984,29.217739448425494],[-90.83247575464995,29.218316989098064],[-90.8341033689941,29.2140116843387],[-90.83557347363468,29.216636870218405],[-90.8348548052377,29.22075028969641],[-90.83599350250533,29.221782233747142],[-90.83762111774782,29.21458922564068],[-90.83906928552913,29.21373882915909],[-90.83976943066496,29.21147869292234],[-90.84301850050367,29.208362284645407],[-90.84631285980579,29.207769611974136],[-90.84977257829044,29.205808503922164],[-90.84799629546171,29.204974462696015],[-90.84809245921456,29.204229192784215],[-90.84926854256769,29.2041283853813],[-90.84947015685678,29.203187519609276],[-90.85044462502248,29.203792361818497],[-90.85246076881187,29.203758759480035],[-90.85343523697755,29.202582676183553],[-90.85269598458416,29.201776219265522],[-90.85064983257273,29.200272485827995],[-90.8510494687881,29.199860884045247],[-90.85363685216498,29.199827281986405],[-90.85407368312472,29.199222438338595],[-90.85373765841122,29.198113560028172],[-90.85467852599203,29.198046355538214],[-90.85551858463165,29.198852811215172],[-90.85676187274781,29.198785607209842],[-90.85662746322176,29.19791194485781],[-90.85679547512933,29.196937477054632],[-90.85783714895639,29.195862199358125],[-90.85807236562701,29.19519015261938],[-90.85901323230951,29.194014069050223],[-90.85894602664816,29.193106804911174],[-90.86146620526199,29.19260276946966],[-90.8626086862336,29.191829914810548],[-90.8631799267194,29.190889048318294],[-90.86170142193261,29.190317808106016],[-90.8635831552976,29.18961215805275],[-90.86593532200385,29.190519422523543],[-90.8656234916159,29.19148717013144],[-90.86678478869946,29.192261370739676],[-90.86773751853359,29.19352801919192],[-90.86753748258444,29.195014076933337],[-90.86758049302193,29.19608935254532],[-90.87117099273722,29.196527947032877],[-90.87177371558049,29.19388392465424],[-90.87237857731242,29.18901991653976],[-90.8751612750933,29.18471461169217],[-90.87920405948616,29.182246937156865],[-90.88119920156251,29.181564389615485],[-90.88261680147134,29.179516744060194],[-90.88461194354771,29.18161689301138],[-90.88366687634296,29.182771974256994],[-90.88608204639165,29.182246937156865],[-90.8882346990699,29.185292152579184],[-90.88865472883887,29.186289723314836],[-90.89075487678542,29.186184715789203],[-90.89064987001692,29.187549811511396],[-90.88923227010808,29.189229931168114],[-90.88739463953198,29.190857546621878],[-90.88445443204748,29.191960125335207],[-90.88193425343364,29.193850258684254],[-90.87699050372659,29.19445090090302],[-90.87552880013055,29.198733102408102],[-90.87578081889023,29.20053293075122],[-90.87695690224338,29.201776219265522],[-90.87994751330012,29.201641810338593],[-90.88129160856084,29.20093615901257],[-90.88492066486644,29.199659268390207],[-90.88922176880241,29.196332633610616],[-90.89096909264134,29.195290960185467],[-90.89456454656542,29.197811138300235],[-90.8971855323238,29.197575922090948],[-90.89883204811986,29.198348775788148],[-90.89973931242083,29.198516789179443],[-90.90031055290666,29.200264112597505],[-90.90227664167008,29.20061669495613],[-90.9035704142069,29.20170401432384],[-90.90461429339797,29.202061689447003],[-90.90567623501447,29.202089392448023],[-90.90580010550563,29.20299778702604],[-90.90607537715644,29.203300583952597],[-90.90512569261111,29.203754780801862],[-90.90478160461963,29.203052839653534],[-90.9042998812519,29.20336940188143],[-90.90359794128213,29.203562090738608],[-90.90229040475855,29.204704464322273],[-90.90414848278716,29.205378878675706],[-90.90526332888568,29.2049246803977],[-90.90596526885545,29.20519995139492],[-90.90632537919832,29.206480552409246],[-90.90810630541878,29.206043720060944],[-90.90838977329824,29.202165621338633],[-90.90901932253082,29.200542806400883],[-90.91065863383831,29.198965071078927],[-90.91161418707739,29.1983737814578],[-90.91207138553955,29.19747511520299],[-90.91324746889266,29.19707188509159],[-90.91432274420293,29.19737430743174],[-90.91596926179562,29.19666865731537],[-90.91570044184515,29.194282888691227],[-90.91467758502836,29.19486353758895],[-90.91392489204169,29.194218372292628],[-90.91522958988898,29.192684474530534],[-90.91788459664382,29.188536881968375],[-90.91822062045898,29.186957570638103],[-90.92233506436037,29.186354921520735],[-90.92305656245048,29.18657037889401],[-90.92427297027841,29.184841789046736],[-90.9266689262615,29.18258677161675],[-90.92574499641535,29.181302664378002],[-90.9264301145331,29.18062439757893],[-90.92676288554863,29.18144360260529],[-90.92745191852438,29.18152190249533],[-90.92808401987068,29.18137387664167],[-90.92848546888631,29.180942487854495],[-90.92868904599432,29.18012817685048],[-90.9277651161482,29.179955917653793],[-90.92771813695377,29.179329524554188],[-90.9287516864174,29.178530872316006],[-90.92972259635627,29.179266885033947],[-90.93022371165604,29.180519672095347],[-90.93311402491302,29.179838543650646],[-90.93350146739672,29.18031239962012],[-90.9338700686157,29.179991276024392],[-90.9350934940826,29.17980011463934],[-90.93520354039985,29.177168466065964],[-90.93570520726523,29.176512160095207],[-90.93551404667106,29.17547989519035],[-90.93546975882926,29.173817259614847],[-90.93506260281661,29.173316145268743],[-90.93489034367437,29.172658431035252],[-90.93523486016224,29.17226693481971],[-90.93531316091567,29.171609221706216],[-90.93457714694888,29.170841888597014],[-90.93451450832242,29.170372093586383],[-90.93424828989302,29.17010587663583],[-90.93489034457268,29.169839659779164],[-90.93684782478074,29.169761360387685],[-90.937223661031,29.16935420447194],[-90.93747386339719,29.16821438647882],[-90.93719234126861,29.167835199455922],[-90.93747421823173,29.16709918711493],[-90.93691046340719,29.16700522878102],[-90.93697310293197,29.166394493592122],[-90.93788137424437,29.166002998586663],[-90.93645632730184,29.16507906712165],[-90.93559503698046,29.16487548949302],[-90.93546975793095,29.164217776085252],[-90.93582993474915,29.163747980567678],[-90.93492166433506,29.163685342519475],[-90.93432658974814,29.16385759921728],[-90.93189931400268,29.16191577970908],[-90.93113198207013,29.16179050055455],[-90.93053135409812,29.16315941234537],[-90.9298635348378,29.162589152055805],[-90.92958470226519,29.16162331187501],[-90.92958655189636,29.160291070504815],[-90.9300759217238,29.158774023585714],[-90.92863227965489,29.157697409231368],[-90.92582199012006,29.156758951943704],[-90.92464391430363,29.155544180396195],[-90.9220153449676,29.154092315790777],[-90.92090023206944,29.15302392431961],[-90.92109598035974,29.151090912670462],[-90.92019064564,29.151604752296826],[-90.91600653110011,29.148497251287754],[-90.91443183830597,29.147542598214965],[-90.91333707494395,29.148942080817292],[-90.91148521056216,29.150554995169767],[-90.91017098428465,29.151212108050707],[-90.91005150925018,29.148523917451755],[-90.90790095683303,29.14792654240968],[-90.91029045842079,29.14714995413407],[-90.90975282121484,29.145178615159132],[-90.90616856748571,29.14446176394697],[-90.90604909245124,29.141295674432573],[-90.90425696603583,29.143386488735914],[-90.90198693858422,29.146672053636],[-90.8988805858913,29.146731791319834],[-90.89540393685849,29.143879210479543],[-90.89057706515639,29.140937248461302],[-90.88914336384441,29.139204859174928],[-90.8938028928838,29.14081777259821],[-90.89744688368098,29.140160659929847],[-90.9002545501352,29.13603876933954],[-90.89927778228237,29.13346077603907],[-90.898880584993,29.135441393118285],[-90.89637160747243,29.135919293274533],[-90.89659225436748,29.134167537118522],[-90.89535606923026,29.133111628150726],[-90.89231184312408,29.132315923841418],[-90.89024731337854,29.135795039337793],[-90.88573593269919,29.136865536263098],[-90.8840537223453,29.13770664123922],[-90.88512422041488,29.140306419607292],[-90.88286853007523,29.142944430666283],[-90.87801306230268,29.14497072761425],[-90.87835714939585,29.14152984508859],[-90.87766897251457,29.136865536263098],[-90.87977173545693,29.13422752531661],[-90.87773492502612,29.13450403976882],[-90.87528164215486,29.137036605268896],[-90.87098630899628,29.14089795750902],[-90.86893345285787,29.142492950018553],[-90.86617679094887,29.140045259251433],[-90.86793732181908,29.136703422102517],[-90.86834584147432,29.135335421028785],[-90.86483293733495,29.13395254963113],[-90.8654893039737,29.137754555764737],[-90.86171638067873,29.136137588644615],[-90.8610624484744,29.13672908149203],[-90.8618709313318,29.138947543040125],[-90.86383765879738,29.140943623422185],[-90.86357547110866,29.141623408535263],[-90.86317636220436,29.14190948388036],[-90.8629491073021,29.142770733680333],[-90.86204469425383,29.142041993070755],[-90.86111857072176,29.14262993380179],[-90.86063840143947,29.1419600138814],[-90.85966378595008,29.142994041397806],[-90.8600094055691,29.144428231619425],[-90.86057543672457,29.144316380487503],[-90.86047306022323,29.143798182108267],[-90.86258743389061,29.143743704173875],[-90.86219990337197,29.14468390837732],[-90.86288976010286,29.146013485363653],[-90.86264197779803,29.1468243379402],[-90.86182645394543,29.147835864029936],[-90.86160630471707,29.148341955991125],[-90.86272935333245,29.148762119917453],[-90.86257789288398,29.14943783015563],[-90.86304819327457,29.150718982917354],[-90.8624595290655,29.151753010152447],[-90.86129305678762,29.152142118830323],[-90.86051779991762,29.1535423593757],[-90.86036890775254,29.154463219746233],[-90.85972859490623,29.15462296962885],[-90.8594527824696,29.155613572451497],[-90.85776877099357,29.154879962517366],[-90.85782963095578,29.155477246131163],[-90.85622332195521,29.155471851127587],[-90.85593704953541,29.15431794536544],[-90.85370799604054,29.15395686453475],[-90.85378892256954,29.1531632507521],[-90.85483183337674,29.151621025783385],[-90.8561567370297,29.150521072562185],[-90.85699752689798,29.14848262408304],[-90.85551800431999,29.14961231767516],[-90.85379787068807,29.1505110704942],[-90.85228406929716,29.15176827392812],[-90.85052084078612,29.15255491467519],[-90.84842534880771,29.15560094045563],[-90.85057910012556,29.157908252834353],[-90.8476374598282,29.15785361450338],[-90.84730355154551,29.15893856695414],[-90.84945917944401,29.159982332159597],[-90.850464391552,29.160881260170697],[-90.85189607884112,29.161329410008936],[-90.85182350754256,29.163160473693896],[-90.85339474811107,29.163486156551212],[-90.85248967659771,29.165159313106713],[-90.85153111669737,29.166492310240084],[-90.85175179054185,29.168266526467438],[-90.85276285607223,29.169076196199644],[-90.85423757535841,29.1714413791581],[-90.85227242353783,29.17213248486607],[-90.85122049993338,29.17439266015938],[-90.85004067150383,29.17421830416197],[-90.84728104964597,29.174483457058045],[-90.84484184696846,29.171845883452722],[-90.84167995772974,29.17159349574449],[-90.83892810001088,29.172362372366486],[-90.83845437883568,29.17097673792246],[-90.83870689705869,29.16861405433485],[-90.8372128352478,29.166044380610387],[-90.83383125671813,29.16495403343034],[-90.82964652413735,29.165243003439134],[-90.82843195695744,29.165468546545025],[-90.8276077481927,29.16383947326363],[-90.82600038636662,29.163181527300104],[-90.82274783106458,29.166909316390228],[-90.8214169383436,29.164020276899254],[-90.82358019832874,29.161084259729797],[-90.82221272351444,29.16051355803039],[-90.81994471906886,29.160392101417408],[-90.82018565980447,29.166689695637107],[-90.81901234416074,29.16699471845093],[-90.81739063983282,29.165962927311178],[-90.81761743389936,29.16101464936962],[-90.8167753944745,29.16108228603668],[-90.8134768490232,29.15985311105728],[-90.812129376097,29.162278563048385],[-90.80731650284201,29.163696041453175],[-90.80626411840181,29.165035750312967],[-90.8062363523747,29.16855931345358],[-90.80850613458624,29.1677496451353],[-90.8075219134115,29.172299471319615],[-90.80820190035233,29.17304189856272],[-90.8070261511725,29.173916439464016],[-90.80662454135845,29.174699525273795],[-90.80718343180571,29.175883720013164],[-90.80845994680759,29.182092073286793],[-90.80716109609448,29.18198403956802],[-90.81076768553484,29.187711757575975],[-90.8092842876247,29.187648556158205],[-90.80687618102908,29.187847833261564],[-90.80712369473763,29.18705464460075],[-90.80551919314742,29.186944949557482],[-90.805821386409,29.185610371903465],[-90.8044952421826,29.184187241105047],[-90.80074546667586,29.182902531956945],[-90.79987493897842,29.183541132600745],[-90.79995518727938,29.184545666709855],[-90.79643067151666,29.184008029009494],[-90.79502581331181,29.182613824995244],[-90.79335351317215,29.182524211730083],[-90.79344379385822,29.181618525139275],[-90.79205202949694,29.180975934534487],[-90.7909459572438,29.18068459629156],[-90.79102938468256,29.179645698841334],[-90.7902820240954,29.179637803927427],[-90.79088463554756,29.17855772127133],[-90.78812714988345,29.178571911245637],[-90.7896519089242,29.17938831147195],[-90.78909805083916,29.179865453440197],[-90.79042506193979,29.1805011600672],[-90.7893219020248,29.180662725105872],[-90.78812714988345,29.180364037779157],[-90.786872660674,29.17940823625528],[-90.78410193923249,29.177909248644003],[-90.78203822695387,29.17758067109209],[-90.7816008246656,29.178043996132782],[-90.78180544561596,29.17900591315731],[-90.77988336801324,29.17904981152561],[-90.7814365443597,29.180364037779157],[-90.7823326066691,29.182873015199085],[-90.78161575646226,29.185023567398137],[-90.77898730390723,29.18538199164934],[-90.78000284214941,29.187114382317905],[-90.77850940287104,29.187532545363837],[-90.7777925526642,29.18508330472958],[-90.77582121324792,29.18353012829587],[-90.77588095121432,29.185620943068635],[-90.77755360259525,29.187771495694694],[-90.77957479401822,29.18934582397496],[-90.77809123980123,29.191355748162355],[-90.77486541207384,29.189444145755832],[-90.77402908683251,29.186158580158327],[-90.77229669748519,29.18299249076324],[-90.77116168420855,29.18251458924033],[-90.77104220917407,29.18143931326224],[-90.76984745703272,29.181260101072173],[-90.76954876899738,29.179169286836085],[-90.76996693206718,29.176779783215753],[-90.77056430723955,29.17552529473743],[-90.768951393825,29.17516686977854],[-90.77002667003357,29.173374742678245],[-90.76954130220074,29.171530346363255],[-90.7728082000046,29.17115698619709],[-90.77252817985918,29.16994356627852],[-90.77467499887798,29.1689168272713],[-90.77439497783426,29.167516728119107],[-90.77224816061207,29.1679834283895],[-90.77056804063788,29.167143369042094],[-90.76963464254865,29.1655565893862],[-90.77252818075749,29.164436511797177],[-90.77224816061207,29.163503112185314],[-90.77467499887798,29.16303641194281],[-90.7745816585301,29.161542972914127],[-90.77644845740349,29.16191633196215],[-90.77803523613147,29.163129751847247],[-90.77915531581482,29.162103012938204],[-90.78008871570069,29.162663051476514],[-90.78046207439739,29.165743270803294],[-90.78223553382118,29.166209969723173],[-90.78494239133421,29.155382537378262],[-90.78736922960013,29.151368919429665],[-90.78979606876436,29.14959546095379],[-90.78904934957434,29.147448642385626],[-90.78699587090344,29.145488502685815],[-90.7845690317392,29.14418174329489],[-90.78494239223252,29.14082150656427],[-90.7879479377809,29.137532207257696],[-90.7865142364689,29.1365764071673],[-90.78525974815778,29.13514270449044],[-90.78669344946977,29.13335057803721],[-90.78537922229394,29.13299215339149],[-90.78387382913407,29.13481616986399],[-90.78227286960103,29.138428270106836],[-90.78030153108307,29.141952786120285],[-90.7787483538383,29.141594362440895],[-90.77992107659395,29.137396286925256],[-90.77763288430897,29.136392213419178],[-90.77552252521258,29.1390853836517],[-90.77379013676357,29.13896590877424],[-90.77241617251967,29.13729325767601],[-90.76936477785753,29.139314776282554],[-90.76865509530832,29.14144382241231],[-90.76768734743926,29.1418739335045],[-90.76611105923718,29.141819077940166],[-90.76390590452213,29.143814218316464],[-90.76177622176567,29.14489382621203],[-90.75734622036623,29.149405863836737],[-90.75890492494494,29.1502262343495],[-90.759314979821,29.152481531256885],[-90.75988621940849,29.15416165077329],[-90.75998702655305,29.156009781094575],[-90.76176795187516,29.15684984131909],[-90.76116310900785,29.15953803053634],[-90.76237279474249,29.161150944805584],[-90.76405291381838,29.161453366352305],[-90.76351527571408,29.162327028563194],[-90.76209950567349,29.162853303449356],[-90.76029955493198,29.16417253391432],[-90.75734622126454,29.16417253391432],[-90.75923011417947,29.16998048824821],[-90.75857677665987,29.17147383120699],[-90.75340844274189,29.17204809029292],[-90.75191491812355,29.172003139437855],[-90.7526701084267,29.17401698007834],[-90.75250603473333,29.179513463266833],[-90.75214227812869,29.18409879308707],[-90.74963473701426,29.18632253770342],[-90.74750177450872,29.183697352663188],[-90.74782992279378,29.17984161031605],[-90.74727282179057,29.176759297905445],[-90.74635325596009,29.17746253592319],[-90.7456969584916,29.180744018505504],[-90.74272336422126,29.18124444090215],[-90.73913399548492,29.184025500447724],[-90.7373291794678,29.183533278769463],[-90.73544223856912,29.185987238483257],[-90.73125843843958,29.18919383487323],[-90.73010991899264,29.18730698251675],[-90.72814103018047,29.186158463302842],[-90.73134047528627,29.179349388956545],[-90.73371954923023,29.172130127042884],[-90.73577047578742,29.165731237782424],[-90.73675492064265,29.159414384099613],[-90.74077473691032,29.155476605195034],[-90.74741973676372,29.15203104963885],[-90.75078325735954,29.151046605371747],[-90.75324436904847,29.150144198142172],[-90.7562907645861,29.145693851870007],[-90.75800448694181,29.141291939699126],[-90.7590392527243,29.136211103002516],[-90.7587430638021,29.13506148326753],[-90.75753405360057,29.13551233117697],[-90.75743324555769,29.137830895218972],[-90.75659318601976,29.13893977367533],[-90.7553498979036,29.1388053640418],[-90.75481225979931,29.140216663488168],[-90.7540058035412,29.13964542372127],[-90.75356897258146,29.138133316376088],[-90.75447623688245,29.13534431978213],[-90.75568592261709,29.133630598383778],[-90.75649329425846,29.131881607670966],[-90.75685114623674,29.13005105756022],[-90.75745674099396,29.129514280159814],[-90.75842018683112,29.129142665447073],[-90.75942602326822,29.128444452936915],[-90.75833760650367,29.128261799123422],[-90.75872179978101,29.125144600014597],[-90.75739149994813,29.126953399582316],[-90.75586799944706,29.12685969958148],[-90.75513840034972,29.127721900216173],[-90.75395820001766,29.127478299591708],[-90.75379730007218,29.126990899647513],[-90.7530677000765,29.126166199527074],[-90.75252059911902,29.126287999503884],[-90.75115800036009,29.125519499924355],[-90.75320719945698,29.12462910020548],[-90.7538188012485,29.12393560001788],[-90.7548486999588,29.123588799908607],[-90.75491310018154,29.123345100032072],[-90.7536364001267,29.123157599984577],[-90.75179100002167,29.123223299708634],[-90.75128670019421,29.123898100407988],[-90.75072879969038,29.124123000554587],[-90.74933410053309,29.124254199403868],[-90.74820760059039,29.12375749989899],[-90.74830410031316,29.12305449996383],[-90.74991350041661,29.122510900295744],[-90.75049279968884,29.12217349987222],[-90.75135110041693,29.12133000064134],[-90.751061400026,29.1195492002111],[-90.75031039946533,29.119417999283584],[-90.74962379912738,29.119596099069533],[-90.74859379980576,29.119080500034006],[-90.74471000015019,29.119024300538822],[-90.74389460026511,29.120036599326],[-90.74355130009613,29.121236299440493],[-90.7438302000424,29.122613999291918],[-90.74422720060075,29.1227827000966],[-90.74475290009491,29.1240104995347],[-90.7449782002631,29.125238300008828],[-90.74445250076894,29.125922499480605],[-90.74153419960098,29.12704710028248],[-90.74080470021661,29.128021799239136],[-90.74066520083616,29.129249600469425],[-90.7392597003359,29.13064600039691],[-90.73863739960933,29.132342199512255],[-90.73762890056572,29.132632800796145],[-90.7370710009602,29.134207200219556],[-90.73732849944315,29.136193899622747],[-90.7387877003328,29.13664370055885],[-90.74028970055582,29.137730799371365],[-90.73977469999669,29.13881779959231],[-90.737199799609,29.140579600360933],[-90.73586940006312,29.1408419001838],[-90.73552609989414,29.1417415002041],[-90.73269370012521,29.14091690036811],[-90.73200699917595,29.140542100544852],[-90.72917460030533,29.13810560003151],[-90.72745800064575,29.138255600416045],[-90.72617050104458,29.1390802004206],[-90.72458461254705,29.13878580956905],[-90.72447997588444,29.138327396487508],[-90.7223081998704,29.13694360023412],[-90.72007660055,29.13694359866482],[-90.71788790027601,29.13746839980577],[-90.71488380011695,29.140767000375075],[-90.71805950005486,29.14279109945218],[-90.71565630005732,29.144740100123908],[-90.71282389939007,29.145639698970008],[-90.71325299944846,29.147288900175198],[-90.71325300034678,29.149762600174185],[-90.71986199931683,29.149912499596798],[-90.72303770015306,29.149762599389632],[-90.7253551002612,29.150212299355058],[-90.72638510048112,29.15268599956783],[-90.72595600042271,29.155309499591496],[-90.7232093996449,29.159656900200794],[-90.72157860077304,29.16258000071732],[-90.72080609993436,29.166402399722255],[-90.71814539965725,29.16835100023686],[-90.71574209994672,29.16797629972558],[-90.71402550118546,29.169100499127584],[-90.71411130017657,29.17029960062876],[-90.7133389008475,29.17202330018276],[-90.71222310073817,29.173297400553814],[-90.71256640000882,29.17412179926226],[-90.71368220011817,29.175320799746082],[-90.71393970039775,29.17831840045431],[-90.712394700517,29.17884299961482],[-90.71024890018771,29.17921769966993],[-90.70690160047097,29.180191899762377],[-90.70681569907192,29.18086640004819],[-90.70878979990937,29.18221520065487],[-90.7088757004101,29.18251500020984],[-90.70836069985099,29.18521259994667],[-90.70715900013923,29.187235799467835],[-90.70964810063748,29.189109099855198],[-90.71127889950932,29.18933390037835],[-90.71145059989948,29.191581900467938],[-90.71316719955905,29.19248100028615],[-90.71496960000637,29.194204399354348],[-90.71574210084505,29.195478099587415],[-90.71479800022752,29.196527099328033],[-90.71273800068597,29.195628000480866],[-90.71093560023866,29.195478098803267],[-90.7088756995118,29.196002599230862],[-90.70775990030077,29.197201399665246],[-90.70724490063995,29.198774799798542],[-90.70424080048089,29.197651000028767],[-90.7020092011605,29.19810049961482],[-90.69746019993535,29.196227399542725],[-90.69685940038514,29.19450410034734],[-90.69685940038514,29.189933398969078],[-90.69419859949672,29.190532799163595],[-90.69231030034531,29.19150689964572],[-90.69110870034653,29.193005500359686],[-90.68853379995888,29.198175499535335],[-90.68681719940098,29.200498100141075],[-90.6856154996892,29.20282069988057],[-90.68707470057885,29.202745800591494],[-90.69033619950785,29.204019399419302],[-90.69179530068449,29.205143199948694],[-90.69145200051551,29.2068664002897],[-90.6895638001788,29.210387500394205],[-90.69291109989554,29.213234199699105],[-90.69291109989554,29.214957199700233],[-90.69093699995639,29.21742929922852],[-90.68879130023844,29.219601699825283],[-90.68716049956996,29.220950099078532],[-90.68784709990791,29.221474400167445],[-90.68801880029804,29.22214860066272],[-90.68698880007811,29.22312239992122],[-90.68518639963082,29.22417110025997],[-90.68389890002962,29.22342199989389],[-90.68218230037006,29.223197299996567],[-90.67874910015259,29.22409620011283],[-90.67771909993266,29.222897700150533],[-90.6792640998134,29.22147440095145],[-90.67814829970405,29.217504200330662],[-90.67720409937353,29.215631500323695],[-90.67771909993266,29.213309200307332],[-90.67831990038118,29.211586099674744],[-90.67634580044205,29.210837000583634],[-90.67540169982453,29.208139999667278],[-90.67093849938713,29.206641599783634],[-90.66956520079486,29.20559269961669],[-90.66784860023697,29.206192100011023],[-90.66209790019838,29.203569899124748],[-90.66166880013996,29.200947599790815],[-90.66020969986165,29.199374199284048],[-90.65978050009025,29.200572999504104],[-90.66003800036981,29.204393999657924],[-90.65909390065062,29.207690499409466],[-90.65617560038095,29.21285969998573],[-90.65463069931491,29.213908499901326],[-90.65368650078099,29.215631500323695],[-90.65480230089035,29.21697989930568],[-90.66192630041955,29.223197299996567],[-90.65960879970011,29.228964899907897],[-90.65875050076865,29.230313200191876],[-90.65900799925157,29.23218570075285],[-90.659866300878,29.232934700168286],[-90.66063879992004,29.234732199273605],[-90.6594372008196,29.23712900064748],[-90.65900800014988,29.238402200263184],[-90.65926549953113,29.23975029944415],[-90.66106800058975,29.240873699382593],[-90.65909390065062,29.247314400230508],[-90.65814970032011,29.249411199725742],[-90.65540310044058,29.249710799577844],[-90.65420150134013,29.25120850038699],[-90.65154079926641,29.252855999561703],[-90.65214160061326,29.254203899711023],[-90.65076830022436,29.257348999170983],[-90.64862249989505,29.258996400231062],[-90.64639090057466,29.259445599262715],[-90.64510350068649,29.256974600459213],[-90.64321520063677,29.255177400320818],[-90.64218520041685,29.252032199603235],[-90.6433010005262,29.250759200127316],[-90.64355849990744,29.248512599474157],[-90.64458850012737,29.246490600326656],[-90.6442451002454,29.24506770042302],[-90.64587590091386,29.243644699999624],[-90.64784999995469,29.243644699999624],[-90.64759249967513,29.24267110062451],[-90.64570430023672,29.24259620068553],[-90.6447600999062,29.240349499973647],[-90.63961030002916,29.23323429965445],[-90.63926699986018,29.22926450003526],[-90.64055439974835,29.226118600101568],[-90.63961030002916,29.223946400438177],[-90.63961030002916,29.224770299465362],[-90.63789369947126,29.227092400026546],[-90.637979500259,29.22978889966792],[-90.63737869981044,29.232709999194395],[-90.63643460098956,29.23473220005751],[-90.637979500259,29.23585570053587],[-90.63918110025776,29.237728099725718],[-90.64167020075602,29.242970699832103],[-90.64029690036712,29.245442100386796],[-90.63858029980923,29.246265900110195],[-90.63583370082803,29.246715199723123],[-90.63030816351541,29.24410199748104],[-90.6303899182911,29.243709508996503],[-90.62965389983273,29.242371600086802],[-90.62690729995323,29.239450699431583],[-90.62381739990474,29.23652980007792],[-90.62141420080552,29.233758600565082],[-90.6182384002563,29.22716729955032],[-90.61471940014941,29.221174800769866],[-90.61214450066004,29.21578129961381],[-90.61128619993194,29.21810350047517],[-90.61231610043889,29.218927500598642],[-90.612831100998,29.22020099945902],[-90.61300279959153,29.2210999007835],[-90.61386110031961,29.222597999861932],[-90.61411860059918,29.224920099502917],[-90.61386110031961,29.22649309994986],[-90.6133439968044,29.226708002588232],[-90.61328888606003,29.2279124190836],[-90.6130046914435,29.22804593356423],[-90.61138596862402,29.22728133305087],[-90.61077120027113,29.22731710000145],[-90.60974120005119,29.22701750044799],[-90.60896870011082,29.225594300051526],[-90.6083679005606,29.224021300694854],[-90.60690880028226,29.224470699516928],[-90.60708050067241,29.225369600216325],[-90.60776710011206,29.225893899848835],[-90.60862539994183,29.22731709921747],[-90.6129168999891,29.230388099711643],[-90.61583520115707,29.23218569996893],[-90.61864525263836,29.23541409100808],[-90.61914254111504,29.23551511141622],[-90.61992836935927,29.236087317076887],[-90.62047768556224,29.23686551480935],[-90.62050708203161,29.237296665903084],[-90.62244420102544,29.23757830039698],[-90.6245898998451,29.23915109932599],[-90.62604900012343,29.24102349937539],[-90.62879560000295,29.245217400219328],[-90.63205719954327,29.248512600257975],[-90.63300130016079,29.251133599643243],[-90.63248630049998,29.25293089982815],[-90.63394549959298,29.252181999720023],[-90.63506129970233,29.253230400025103],[-90.63540459987132,29.255252300454956],[-90.63643460009125,29.25585130048562],[-90.63909530036835,29.259745200290592],[-90.63969609991858,29.264612199639693],[-90.6384087000304,29.267831900496397],[-90.63772199997942,29.27075189992912],[-90.63660619987009,29.27344719974306],[-90.63815120064913,29.275992799808375],[-90.63686370014965,29.27906229942517],[-90.63377380010115,29.279811000317014],[-90.63325880044034,29.2781638993814],[-90.63154220078076,29.276591700280843],[-90.62836649994456,29.271575500512736],[-90.62793730017316,29.272623699653153],[-90.62870980011353,29.277265500842184],[-90.63008309960412,29.281458000267648],[-90.62441830006628,29.28153289995465],[-90.61952590075579,29.279212099905813],[-90.61617850042775,29.27659169949727],[-90.61514850020782,29.278313699611886],[-90.61598539947256,29.279436700312296],[-90.61677929997796,29.279979399533854],[-90.61705830053555,29.28100880001137],[-90.61658619992113,29.28196330020407],[-90.61710120048025,29.282637099821738],[-90.61716560070296,29.28357290022333],[-90.61905380014137,29.28514499974657],[-90.61946150053306,29.286679599719495],[-90.62023400047345,29.287166200093896],[-90.62031980036286,29.288663400059548],[-90.6205559000774,29.288682099377997],[-90.62068460080985,29.289692699721904],[-90.62008380036131,29.290759399427145],[-90.6196547003029,29.29104010010726],[-90.61997650019387,29.291395700306683],[-90.61997650019387,29.292294000451673],[-90.61888220036253,29.293023800091664],[-90.61733719958349,29.29307999905671],[-90.6151700004858,29.292462400245707],[-90.61495540015095,29.292724399237414],[-90.61587809930516,29.293341900883807],[-90.61637160048458,29.293398099673812],[-90.61667199981053,29.294670601131617],[-90.618281399914,29.294745500532535],[-90.61918260058681,29.295232000590335],[-90.61967609996962,29.295999299760563],[-90.6187104999724,29.296729100341604],[-90.61718700126798,29.29738400064631],[-90.61484809908522,29.29659809940776],[-90.61407570065447,29.29571860017587],[-90.61364649998477,29.295961798820805],[-90.61403270009845,29.296130299895797],[-90.61426879981299,29.297047198993184],[-90.61373229987419,29.29777699991902],[-90.61373229987419,29.298488099676],[-90.61300279959153,29.299273999685763],[-90.61253069987542,29.300209700155026],[-90.61366800026278,29.30064010004765],[-90.61416149964558,29.301276300193273],[-90.61469790076971,29.30097690003343],[-90.61532019969962,29.29944250077881],[-90.61675790031127,29.29878749930006],[-90.61720849974937,29.298039000160646],[-90.61868910030569,29.29822610058674],[-90.62025549985313,29.299292799686643],[-90.62014819968572,29.300920800204082],[-90.61926840047623,29.301631798944594],[-90.61707970020223,29.30181890062068],[-90.61632869964156,29.303016499432147],[-90.61459059970397,29.303465599770906],[-90.61298130021183,29.30281069930599],[-90.61190840004718,29.301949899556565],[-90.61150070055379,29.30245520074296],[-90.61261649976483,29.30365269965292],[-90.61175820083335,29.305187099865687],[-90.61278820015498,29.30586069927497],[-90.6129168999891,29.307133099466803],[-90.61360360004005,29.30788149981543],[-90.61270240026555,29.309116500123203],[-90.61137199982134,29.312035299998254],[-90.60999870033075,29.312596600054317],[-90.60594319938673,29.312278599984676],[-90.60510639983497,29.310313999218845],[-90.60690880028226,29.307937700002803],[-90.60598610022977,29.30591679952312],[-90.60424800029217,29.30376499889912],[-90.60510639983497,29.30204349989051],[-90.60002090046764,29.29912429991331],[-90.60019250024646,29.300883299505013],[-90.59929130047198,29.3025112997291],[-90.60049299928544,29.30318490034435],[-90.60184480029464,29.30675889958469],[-90.60098650046487,29.30900420049792],[-90.59823990058534,29.310650699922466],[-90.59532170002868,29.31117459997273],[-90.59257510104749,29.311249499015567],[-90.59068679920114,29.311848200598995],[-90.58673859932286,29.316413499545167],[-90.58622360056036,29.317760499515266],[-90.58527949994284,29.319332100103836],[-90.58124540046214,29.31798500026165],[-90.57592390019497,29.31723669985473],[-90.57154660025827,29.314766999889713],[-90.56691170032906,29.312671499620127],[-90.56210519972267,29.309153899882446],[-90.55807109934365,29.310800400025123],[-90.55489539940574,29.314991500173313],[-90.55086139963805,29.317535999841414],[-90.55120469980703,29.318284399875992],[-90.55257800019595,29.319481799219098],[-90.55154799997601,29.322924200282852],[-90.54905889947776,29.326890299831653],[-90.54614069981942,29.32778819990337],[-90.54622650060713,29.332053500047376],[-90.54382319909998,29.331679299932443],[-90.5415915997796,29.331005899944397],[-90.5385016997311,29.32980859985667],[-90.53815839956212,29.32733929902147],[-90.5370426003511,29.326441299448362],[-90.53592680024173,29.32479500001145],[-90.5370426003511,29.32382219949371],[-90.53669930018212,29.323373199701646],[-90.53532600069151,29.323597700627985],[-90.53463940035356,29.322175800607233],[-90.53249360002427,29.32037979975436],[-90.53103449974593,29.324570500153992],[-90.53103449974593,29.32651610034992],[-90.52983279913586,29.32793789992285],[-90.52845950054359,29.328910700343748],[-90.5294894998652,29.3304072003608],[-90.5276871003162,29.331828999721907],[-90.52562710077466,29.33175409934153],[-90.52502630032612,29.333250700161273],[-90.52485470144559,29.335645099722907],[-90.5245972002677,29.335944400510876],[-90.52330969976822,29.33661779999048],[-90.52348140015836,29.337440799647144],[-90.5240610012645,29.337657379048586],[-90.52423476059329,29.33735610986157],[-90.52564619805928,29.33630325394221],[-90.52561758671747,29.335319061491163],[-90.52674673848688,29.335319061491163],[-90.52742575434891,29.335685272179447],[-90.52758215732808,29.335937042341282],[-90.52742575434891,29.336394807028434],[-90.52786825906799,29.336967010975812],[-90.52813147353105,29.33687927293245],[-90.52831457893205,29.33649017379292],[-90.53001212083288,29.33694793756266],[-90.53066634049812,29.33687927293245],[-90.53149985221593,29.33649017379292],[-90.53189658058477,29.3361239628635],[-90.53226279138676,29.33639862079234],[-90.5316600694418,29.337611695097426],[-90.53158377552474,29.339190980471052],[-90.53139924988727,29.339578877440093],[-90.53197860036346,29.340134400250392],[-90.5330943995745,29.340508500421457],[-90.53386690041319,29.341930099402553],[-90.53472520024297,29.34424950022236],[-90.53386690041319,29.346119900864853],[-90.53206440115119,29.347242200256836],[-90.53189279957573,29.348663600388676],[-90.53271388040667,29.349200462974363],[-90.53280447909634,29.348769686945637],[-90.5331478026215,29.348952792565434],[-90.53330801894906,29.349319003601035],[-90.53318599269919,29.34951729711956],[-90.53412439979442,29.350159899708082],[-90.53369520092136,29.351431701109124],[-90.53472520114128,29.352030199696816],[-90.53576266007302,29.354741776205426],[-90.53771781094956,29.35414841108712],[-90.53793143391738,29.35446884562383],[-90.53793143391738,29.354629063297224],[-90.53588411858765,29.35503819517343],[-90.53618430052128,29.355770800025017],[-90.53790090018087,29.35696769963998],[-90.5375576000119,29.35823949983063],[-90.53343769974347,29.3601095998144],[-90.5312920000255,29.360034800075795],[-90.52871700082314,29.358538699814545],[-90.52871700082314,29.35674330038399],[-90.52562710077466,29.354199799442704],[-90.52768710121451,29.35060879954807],[-90.5263138008256,29.350010300440967],[-90.52511219992851,29.348439199284897],[-90.524167999598,29.350384399596187],[-90.52442549987755,29.352179900136118],[-90.52305220038697,29.354125000062066],[-90.52116389943895,29.355247100100556],[-90.52124980083798,29.356070000213695],[-90.52064900038943,29.35726699966299],[-90.51926595417801,29.35701052260824],[-90.51886557146263,29.35740234872147],[-90.51865957878482,29.35786011251439],[-90.51860235789785,29.358638310547136],[-90.51820944377572,29.359187628015658],[-90.51794813733432,29.35921051565726],[-90.51820944377572,29.35820343577062],[-90.51826284951767,29.35696365880573],[-90.51808280288022,29.356791113231818],[-90.51661490001042,29.356518899067712],[-90.51292420041172,29.356967700422945],[-90.50803180020291,29.359511199584517],[-90.50683019930584,29.360483699464105],[-90.50657269992459,29.36205459999879],[-90.50717349947482,29.362129399819846],[-90.50717349947482,29.36384989954115],[-90.50614359986618,29.365121499491064],[-90.50236700066506,29.36534589986021],[-90.5012512005557,29.367515200322377],[-90.49824709949833,29.36601919977564],[-90.49687390061904,29.36908599943449],[-90.49326900001142,29.370058400048684],[-90.49085805743445,29.3724742220688],[-90.49070816005457,29.372439630085953],[-90.48957819980139,29.37342430004552],[-90.48889160036175,29.37267630013775],[-90.48743250098173,29.371703899477616],[-90.4873465995827,29.370133199470317],[-90.48674580093078,29.370133199470317],[-90.48588750020267,29.369011200026293],[-90.4842566995342,29.36773960011354],[-90.48211099981623,29.364223900115523],[-90.48296930054433,29.3624286001203],[-90.4842566995342,29.36145609923898],[-90.48477170099164,29.357491399331217],[-90.48362729582871,29.356669979529702],[-90.48362729582871,29.356967474931746],[-90.48336599028559,29.35705902746282],[-90.4823436508984,29.356555487523625],[-90.48227329664198,29.35596451317839],[-90.48142689050654,29.355573940544375],[-90.48145864056197,29.356212164193643],[-90.48093411965745,29.356326605693187],[-90.4809360267808,29.35687592153543],[-90.48135373709972,29.357768560703327],[-90.4803828954328,29.35765412004084],[-90.48014638518818,29.357013250424576],[-90.4802531966721,29.356555487523625],[-90.47999379735403,29.3561434992322],[-90.4804115067746,29.355983282374773],[-90.4804115067746,29.35580017764552],[-90.47983357922983,29.355639959465133],[-90.48022186343498,29.354952895982844],[-90.47876337760431,29.353730543055764],[-90.47902486281046,29.354518438457283],[-90.47904775098559,29.355639959465133],[-90.4796275847554,29.35721924497711],[-90.47983548635318,29.360198524354196],[-90.47962758565372,29.36150315044135],[-90.47900197553366,29.36321976499453],[-90.47873494592557,29.363425757955174],[-90.47860524626653,29.363360909045767],[-90.47915456336781,29.360839393502108],[-90.47912976806934,29.359031226514425],[-90.47858045096805,29.357539680032687],[-90.47849843478262,29.355708624766017],[-90.47818562972259,29.35573151240636],[-90.47743031994348,29.356647039642006],[-90.47758290777765,29.3558230652653],[-90.47740160529543,29.35518180047406],[-90.47787282376423,29.354930426274283],[-90.47774121698184,29.354426885991764],[-90.47805402294019,29.354129339323375],[-90.47771260653838,29.352340245904873],[-90.47847363858581,29.351127171507326],[-90.47875783320238,29.3487887620617],[-90.47868153928529,29.347964786770067],[-90.47894093950167,29.345035099437897],[-90.4793140403819,29.3428055896316],[-90.47816279993795,29.34058330040059],[-90.477476099887,29.33759049959151],[-90.47781940005598,29.334747199918265],[-90.4786072486113,29.33361601689033],[-90.47872731563554,29.332984467386453],[-90.47904711318174,29.332984467386453],[-90.47927860004731,29.332652100686726],[-90.47919270044488,29.331604500468487],[-90.47790530055671,29.330407199577618],[-90.4777260435384,29.329313172811037],[-90.4773654687665,29.329295654904598],[-90.47762677430961,29.328769226628275],[-90.47749707554888,29.32817413375669],[-90.47766229549258,29.328137105146766],[-90.47806919189208,29.32742756609049],[-90.47773167956848,29.32723571749547],[-90.47846480634996,29.326965100403957],[-90.47820088670937,29.32663681016178],[-90.47848889647092,29.32636215178304],[-90.4794521078478,29.326819914814546],[-90.48036071153686,29.32672427115513],[-90.47996520038527,29.323897000749678],[-90.4789314020883,29.323432463119513],[-90.4789218215558,29.32327156513517],[-90.47859190089467,29.323073800140953],[-90.47867770078408,29.318284399875992],[-90.47816279993795,29.317610900481082],[-90.47584340377327,29.317752377924727],[-90.47501016693991,29.317085122315923],[-90.47477528713752,29.317130582050762],[-90.47434604604362,29.316595024687178],[-90.47404289966953,29.31514119939118],[-90.47472950000748,29.31319540026232],[-90.47575950022743,29.311698499683402],[-90.47696110022619,29.312072700254426],[-90.47846005336378,29.31354363322655],[-90.47902110066605,29.314467600136446],[-90.47962190021629,29.312970799682],[-90.48022270066483,29.309827500529625],[-90.48108099959629,29.307432499588202],[-90.48262600127367,29.306459499837388],[-90.48537250054187,29.306833700817126],[-90.48537250054187,29.30586070005833],[-90.48726079969326,29.304513499928163],[-90.48949239991197,29.30630980041781],[-90.49077990041147,29.305112200290694],[-90.49206729940134,29.305037400146784],[-90.49258230085879,29.306459499837388],[-90.49498560056931,29.307058198969692],[-90.49670220022888,29.307956400491737],[-90.4972171998897,29.305710999760564],[-90.49386979956164,29.304663199632067],[-90.49292560102776,29.302717100458825],[-90.49653050073707,29.300097399348218],[-90.49601550017793,29.298450700709466],[-90.49275400035062,29.29725310004624],[-90.4900074004711,29.295756000143008],[-90.48786825575975,29.29645562041491],[-90.48494340048347,29.294857800174675],[-90.4838275994758,29.297253100829614],[-90.481510200266,29.296654200045335],[-90.48030850055424,29.29455829971679],[-90.47867770078408,29.293809800131015],[-90.47593120061755,29.296504499565717],[-90.46915050035905,29.299498600637023],[-90.46769140097904,29.30159439956278],[-90.46734810081006,29.30548649942835],[-90.46743389980115,29.306234900099902],[-90.4645157001428,29.310051999930344],[-90.463516135743,29.31061072831611],[-90.46401132126361,29.312558955601556],[-90.46290600808689,29.313384429569066],[-90.462153243235,29.312589922451572],[-90.46210936143169,29.31139707391488],[-90.45687680066581,29.314766999889713],[-90.4566386689621,29.31580515525614],[-90.45569520075853,29.318133983109636],[-90.45579334888986,29.318259733675095],[-90.45560821149968,29.31834526016874],[-90.45541759977617,29.31880820042367],[-90.45219900079186,29.32161459945833],[-90.45219900079186,29.3224378000948],[-90.45086860034768,29.32400930043192],[-90.45151230074092,29.32531879924042],[-90.45108320068253,29.326703200262404],[-90.4523705996724,29.32621680008182],[-90.45292850017624,29.32655349999699],[-90.45344349983704,29.327526300309202],[-90.4558897003906,29.32872360056523],[-90.45679090016507,29.330669099604826],[-90.45777800044031,29.330556900451523],[-90.4585934003254,29.331417400933482],[-90.45803550071986,29.33246499994141],[-90.45794959932083,29.335233499893693],[-90.4603548995795,29.336073960905555],[-90.46058781117311,29.337797160676164],[-90.45863629937179,29.339423599329972],[-90.45687680066581,29.34181790011269],[-90.45378680090434,29.34522209959143],[-90.45328797181695,29.346236906405167],[-90.45387269960844,29.34683070050216],[-90.45451529237894,29.346986253134542],[-90.45501515093562,29.34687378456621],[-90.45569416859429,29.34717133049891],[-90.45679280100022,29.347331547902527],[-90.45713230848207,29.347697759283484],[-90.45494886874239,29.34731553259434],[-90.4543609312704,29.347743535809347],[-90.4528426993885,29.347279599348415],[-90.45155530039862,29.346568798926988],[-90.45116899967363,29.345334299832064],[-90.44803620057874,29.347728499349266],[-90.44923779967918,29.348701099968025],[-90.44833659990469,29.35072100012167],[-90.4496670012472,29.351693600364463],[-90.4491523303698,29.351908937403422],[-90.45023151963976,29.352805639953672],[-90.4515380545418,29.354320074808516],[-90.45151325924333,29.354686286126757],[-90.45109364269939,29.35546448413463],[-90.45104023605913,29.356357123143674],[-90.45164295890237,29.35755112443077],[-90.45316120875059,29.35786774469905],[-90.45399472046842,29.35826065737523],[-90.45402333001358,29.35839798674633],[-90.45347401560724,29.358466651753968],[-90.45331379658474,29.35874130975551],[-90.45239826868146,29.358142402749696],[-90.45135364748195,29.357890858126446],[-90.4509334245752,29.35796311172672],[-90.45080372581448,29.357615974690667],[-90.45049091895781,29.35747864504819],[-90.4495998090606,29.357250264816365],[-90.44907948239015,29.357364204059976],[-90.44936558413004,29.35670044676805],[-90.4493388808099,29.355922248023585],[-90.45012470905415,29.35594513639889],[-90.45046612455766,29.35578491922949],[-90.45041271881571,29.35528137925584],[-90.45098683031716,29.3546405103712],[-90.45085713065812,29.354320074808516],[-90.44835142031025,29.352029690750932],[-90.44730660058308,29.351543999434234],[-90.44567579991461,29.351843199509],[-90.44417379969157,29.351805799743445],[-90.44407091025218,29.351414487674933],[-90.44366260888756,29.35156967782914],[-90.44395073093852,29.350957419194536],[-90.44370169997546,29.350010300440967],[-90.44258590076443,29.349299600501098],[-90.4385090001537,29.349598800119516],[-90.43228630011203,29.348065099252125],[-90.42932509989765,29.34986069938816],[-90.42739389990324,29.34974849943319],[-90.42893889978397,29.347055100449946],[-90.42988300040149,29.342453799647778],[-90.42795180040707,29.341069700178284],[-90.42781907162889,29.340809371101166],[-90.42611499807762,29.340045475425935],[-90.42619701336477,29.339541935196237],[-90.42705913642438,29.33931886327365],[-90.42643186711601,29.33880968665101],[-90.42596240934516,29.338832401107773],[-90.42570301002708,29.33901550735388],[-90.42520709866774,29.34086945053456],[-90.42345233767658,29.342910314274615],[-90.42363544307759,29.343322301261733],[-90.42428584939442,29.343322301261733],[-90.4246005615778,29.343757176130648],[-90.42455097098085,29.34416916439281],[-90.4241313535386,29.344695593024863],[-90.42378803091174,29.34464981669598],[-90.42373844031479,29.344008946715665],[-90.42297931539068,29.343528295305354],[-90.42226978196183,29.343459630409328],[-90.42219348804474,29.34327652431596],[-90.4239482481376,29.34151031989594],[-90.42399974675622,29.340594792122005],[-90.42486186891753,29.340434575090764],[-90.42519947017436,29.338923954271905],[-90.42559619764486,29.338328861150522],[-90.4260921090042,29.338214420580538],[-90.4271496614522,29.33876578240932],[-90.42752270034867,29.33830129998131],[-90.42700769978953,29.335719900921347],[-90.42614507906323,29.334753044390414],[-90.42538638982205,29.334617160129778],[-90.42533489030511,29.33441116608973],[-90.42567717986941,29.334228607596216],[-90.42400360052879,29.332352799631604],[-90.42168620042067,29.328199800026393],[-90.41838170003732,29.326366500058295],[-90.41396140044294,29.322512600016378],[-90.41037770726255,29.318674755104958],[-90.40920634545458,29.3184428400504],[-90.40908418176244,29.318259593472835],[-90.40580749950851,29.31817210015735],[-90.4025030009218,29.315814700206527],[-90.39829729896732,29.311997900511674],[-90.39786377829941,29.31522219881204],[-90.39495279031617,29.314293159925146],[-90.39247535444187,29.312435083407813],[-90.39619450099067,29.307282800028926],[-90.39576529942265,29.305037400146784],[-90.39464950021163,29.303540500554043],[-90.39344789931455,29.30151950048534],[-90.39345953788737,29.2989167919601],[-90.39195231485925,29.29770064559755],[-90.39063984478814,29.297025856393965],[-90.39235655673711,29.296811168071013],[-90.39274750804036,29.29544362824608],[-90.3945405417542,29.29455717783803],[-90.3948021419447,29.293642237707797],[-90.39529810091476,29.29279842260346],[-90.39515085266665,29.28977101635942],[-90.39718811584835,29.28625673073941],[-90.39666268045889,29.28555851829197],[-90.39764670400427,29.284898599783137],[-90.39612684886663,29.282775935110585],[-90.39624659519232,29.281812833836327],[-90.39529520654291,29.279828206246343],[-90.39669097110213,29.275791709387008],[-90.39551021381459,29.272176747911978],[-90.39566505372517,29.269606406979737],[-90.39675707632726,29.266166218104377],[-90.39676966172439,29.265649475477346],[-90.39595459870755,29.26594936630505],[-90.39520427817155,29.26695799727063],[-90.39452777759232,29.267226965571552],[-90.39418669985535,29.267685422430223],[-90.39323096695321,29.267849908538615],[-90.39388983360341,29.266785352736843],[-90.39329518212298,29.266343081294828],[-90.3923321001035,29.265061500172603],[-90.39163334286481,29.265029821451908],[-90.39187796669309,29.26645058957155],[-90.39125055095931,29.267284469388063],[-90.3913805596388,29.268039923752724],[-90.39068182126474,29.26855970106785],[-90.39127160477462,29.268998419341955],[-90.39075485339902,29.269382922014238],[-90.38983136103242,29.26926791357515],[-90.38917986326251,29.269380422241028],[-90.38738196067983,29.269019998967686],[-90.38755552687083,29.268040317922733],[-90.38671730438763,29.26726157287368],[-90.38628266531718,29.26623017746021],[-90.38512229978659,29.264761999356],[-90.38441873296787,29.26527832642691],[-90.38426017672697,29.26642785743709],[-90.3855484434894,29.26670532971921],[-90.3855515004563,29.26820619990125],[-90.38598060051471,29.26902980062061],[-90.38598060051471,29.27030269963129],[-90.38495060029477,29.269928300545924],[-90.38486480040535,29.27097650012144],[-90.3858948006253,29.27329750051591],[-90.38580889922625,29.276816300177995],[-90.38443570034696,29.277190699107475],[-90.38314819984745,29.275318999475385],[-90.38400649967724,29.274121099394836],[-90.38383480018541,29.272773399083594],[-90.38220410012826,29.27060219988898],[-90.38048739985739,29.27090159974997],[-90.37997250080787,29.269329299905905],[-90.38074490013693,29.267607200141786],[-90.3784728856119,29.265972009209346],[-90.37779902338467,29.26589273081076],[-90.37954313844142,29.262602696332685],[-90.37954330013815,29.261018099690457],[-90.37568090014929,29.26453739961653],[-90.37336350004118,29.264911700111423],[-90.37396430138806,29.26581020018104],[-90.3751659004885,29.267083100096766],[-90.3751659004885,29.27097650012144],[-90.37456510003996,29.27284829965067],[-90.3751659004885,29.27232420061671],[-90.37662510137814,29.27284829965067],[-90.3784274991305,29.2739712992876],[-90.3792000008675,29.27509440020561],[-90.37853479929792,29.276722699447728],[-90.37909269980176,29.277190699107475],[-90.37947889991544,29.278201400586916],[-90.37922139963588,29.278613100390565],[-90.37937159974801,29.278800299869616],[-90.37922139963588,29.27934309963143],[-90.37866350003036,29.280484800023967],[-90.37799839997042,29.280859100107193],[-90.3783846009824,29.281439299626875],[-90.37806269958183,29.28183229913645],[-90.37821289969396,29.28218789926449],[-90.3788566998002,29.282449900320007],[-90.37962910002757,29.28218789926449],[-90.37995100052986,29.28252480006342],[-90.38010120064199,29.282974000706556],[-90.3796721005836,29.283628999396708],[-90.37954330013815,29.284265399538587],[-90.37919999996917,29.284864199814727],[-90.37937160064634,29.286249200534215],[-90.37911420007977,29.286848099655355],[-90.37765500098675,29.288307800533026],[-90.37769790003316,29.288757000036682],[-90.37799839997042,29.28928099990502],[-90.3787708001978,29.289879799770222],[-90.3787708001978,29.291077600503947],[-90.37799839997042,29.292799199784298],[-90.37572380099232,29.295269499447823],[-90.37473679953177,29.29583089953129],[-90.37422179987098,29.296654200045335],[-90.37409310003686,29.29710340044456],[-90.37422179987098,29.29740280021181],[-90.37490840020894,29.297627299518627],[-90.3746939004854,29.298375800109238],[-90.37415740054658,29.299105600156555],[-90.37460799908634,29.30004130060236],[-90.37544490104607,29.300378099429956],[-90.37531610060063,29.301781499740738],[-90.37475820099512,29.302342900055926],[-90.37441490082614,29.303671400143532],[-90.37484409969922,29.304719300538338],[-90.37405010037914,29.305056099600357],[-90.37314890060463,29.30501869990634],[-90.37284850038037,29.305168399652725],[-90.37184000043844,29.306422099874272],[-90.37205459987499,29.30703949988281],[-90.37181850016044,29.307282800028926],[-90.37181850016044,29.307657000340413],[-90.37143230004675,29.30842420065029],[-90.37087439954291,29.308779699575712],[-90.37130360021263,29.310894000076683],[-90.37053110027225,29.310931399967803],[-90.36984439932299,29.31053849989937],[-90.36930800089378,29.30965909960961],[-90.36868570016723,29.309135199612907],[-90.36864280022253,29.30879840069372],[-90.36913630050364,29.307507300327053],[-90.36954399999703,29.30705820053633],[-90.36861599988434,29.305481800105262],[-90.3674144007839,29.30403160091178],[-90.36730169994497,29.303400099338017],[-90.36751630027983,29.30313820059089],[-90.36754849949288,29.30269840057678],[-90.36802049949598,29.30243640054095],[-90.36784890061546,29.30166919987937],[-90.36799909982928,29.301276300193273],[-90.36866429960222,29.300901999719578],[-90.36862130084283,29.300471699638127],[-90.36879300033468,29.300284500702727],[-90.36881449971436,29.299910300784354],[-90.3695011000523,29.299741899171092],[-90.3693295011718,29.299161799691685],[-90.36956550027503,29.298955900137265],[-90.37056330038361,29.298792200498138],[-90.3701395003854,29.29828689920095],[-90.36993559988389,29.298469400586168],[-90.36933480033366,29.298469400586168],[-90.36917919955005,29.29828229903911],[-90.36884669982572,29.29824949937736],[-90.36776299921641,29.29863780038117],[-90.36744119932544,29.29893719956631],[-90.36602499989014,29.298899799197446],[-90.36488769950277,29.299161799691685],[-90.36488769950277,29.299685700738685],[-90.36544560000661,29.300583899759477],[-90.3657675005089,29.301688000222654],[-90.36475899966865,29.30331589909411],[-90.3635359002902,29.30398950066725],[-90.36377190029175,29.304214099861788],[-90.36336419990005,29.304719300538338],[-90.36297800068466,29.304738000050243],[-90.36203380035415,29.305299399773936],[-90.36233430029142,29.306552998902],[-90.36194800046474,29.30677760028962],[-90.36149740012834,29.30780669935087],[-90.36211969905827,29.309565499992157],[-90.3604673999084,29.310239100272685],[-90.35862210041472,29.310070699248577],[-90.35784959957601,29.31044490030508],[-90.35742955184074,29.310416428440117],[-90.35727685620874,29.31056167654053],[-90.35727685620874,29.31104232824942],[-90.3575419795918,29.31154968211573],[-90.35730546844887,29.31287719761883],[-90.35641473494573,29.31342651418906],[-90.35620683424628,29.314776916211855],[-90.35597032310332,29.31498291152854],[-90.35505479520005,29.315211793768718],[-90.3533305508774,29.314574738192395],[-90.35325235073527,29.314414521009493],[-90.3525447253281,29.31432296855629],[-90.35220712317296,29.313586732140028],[-90.35164751497177,29.313150851309665],[-90.35160540015463,29.313775400409657],[-90.35120839959629,29.31434600021389],[-90.3518414010545,29.315955100010523],[-90.3518629004342,29.318125400212196],[-90.3514947151352,29.319529790111538],[-90.35233873085367,29.31922485503918],[-90.3526286486369,29.319385073284312],[-90.35346406657978,29.321261904566295],[-90.35393327461895,29.3215136750939],[-90.3545874951825,29.32087280457701],[-90.35518449575738,29.32066681096998],[-90.35536760115839,29.32043792921861],[-90.35547441354062,29.31949569944286],[-90.35655015866975,29.318168183888847],[-90.35674852195586,29.321895144026517],[-90.35636705147213,29.321879886017165],[-90.3557643295272,29.32220032018184],[-90.3555583359511,29.322452089959786],[-90.35550493020912,29.32295563000108],[-90.35477250770684,29.32345916990627],[-90.35495561310783,29.324264071693047],[-90.35479921102699,29.324767611404592],[-90.3553752314484,29.325065158422916],[-90.35534852722995,29.325248263547717],[-90.35456401591593,29.325292462610513],[-90.35488840025998,29.325730399931107],[-90.35470600003647,29.326039099946442],[-90.3555536000329,29.32731119996722],[-90.35561799935732,29.32784440009082],[-90.35591840047991,29.32801270050999],[-90.35600420036931,29.328630100670317],[-90.35566090020033,29.329939599670745],[-90.35662650019755,29.330949699932972],[-90.35662650019755,29.33143610025163],[-90.35677670030968,29.331754100124698],[-90.35699129974623,29.33177289962412],[-90.35720590008108,29.33259590001629],[-90.35808560047587,29.33360610005018],[-90.35765650041749,29.334111200621034],[-90.35714149985836,29.33398020068429],[-90.35669090042028,29.33356870064021],[-90.35619740013917,29.33375569911908],[-90.35645480070572,29.334616200798685],[-90.35619740013917,29.335196099514487],[-90.3564334001407,29.335981799832464],[-90.35688400047712,29.336505500096617],[-90.35677670030968,29.33693579936467],[-90.35759209929644,29.338525800151036],[-90.35673380036498,29.339479699916623],[-90.3568411005324,29.340097000102944],[-90.35630460059359,29.340452399617917],[-90.35609009997172,29.341069700178284],[-90.3554893004215,29.34181790011269],[-90.3546523993601,29.34224809943246],[-90.35235639981698,29.34224809943246],[-90.35220619970487,29.34153729915637],[-90.35074709942654,29.341088400075304],[-90.34997460038447,29.340658199776147],[-90.34950260038137,29.339928700052784],[-90.34742119937647,29.337908499847124],[-90.34697059993839,29.33684230073516],[-90.34585479982904,29.33590699882619],[-90.3456616000592,29.334691099859743],[-90.34542560005765,29.33424210014872],[-90.34407379994676,29.33351259993331],[-90.34396649977931,29.332726899382198],[-90.34312960051456,29.332446299245778],[-90.34250740039931,29.332016000608213],[-90.34218549989701,29.330987198981102],[-90.34209970000761,29.329584100070914],[-90.34255030034402,29.32879839979285],[-90.34177779950532,29.327825599867086],[-90.34040450001473,29.3273766991498],[-90.3393315998501,29.326703200262404],[-90.3389882996811,29.32543110049004],[-90.339267301137,29.324944699725137],[-90.34016850001319,29.32481369976061],[-90.34104820040798,29.324402100069825],[-90.34162759939319,29.32393439979069],[-90.34133618501671,29.323437674620646],[-90.34055470012687,29.322886800871448],[-90.34075463097314,29.322668855491575],[-90.34073442067587,29.32241012732901],[-90.34123223736192,29.32231857656795],[-90.34252880006599,29.32284930041124],[-90.34255029944569,29.32393439979069],[-90.34235719938886,29.32447699958444],[-90.34270049955784,29.325038199865997],[-90.34360170023065,29.324869799770816],[-90.34418110011416,29.324570500937195],[-90.3452109997228,29.324420799891083],[-90.34323689978366,29.3224378000948],[-90.33980369956619,29.320791400011],[-90.33911710012654,29.31978109966868],[-90.3384304000756,29.319219800755185],[-90.33787250047007,29.31910759997201],[-90.33671380131432,29.315552798850824],[-90.3362845997463,29.314729599837783],[-90.334868400311,29.31368179986776],[-90.33401567542586,29.31360352350246],[-90.33370011523284,29.313869019664494],[-90.33353190389927,29.313559115720015],[-90.33323760054084,29.31353210007546],[-90.33298019997427,29.31274629965245],[-90.33207890048678,29.311436600295792],[-90.33182139930891,29.309902300296514],[-90.33074859975558,29.30997720027311],[-90.33057690026374,29.308854500110527],[-90.33023360009476,29.308218299410292],[-90.3308772995897,29.30735759931084],[-90.3316927003731,29.30687109906278],[-90.3309630994791,29.305336800148478],[-90.33139230014882,29.301968600359153],[-90.33104899997984,29.300583899759477],[-90.32958979998851,29.299012099754734],[-90.32941820020969,29.298039000160646],[-90.32971860043396,29.29639229966207],[-90.33130650025942,29.295082299592693],[-90.33525470013768,29.29096529983899],[-90.33920290091427,29.289767499355218],[-90.33679959940713,29.287409499803655],[-90.33388139974878,29.28340440037014],[-90.33250810025817,29.28269320029244],[-90.33139230014882,29.284527400751262],[-90.32903189948468,29.285650299469054],[-90.32855990037989,29.28744689889615],[-90.3283700064103,29.287461959129363],[-90.32847397652296,29.288119808350583],[-90.3293360986843,29.28818847210751],[-90.32962220042418,29.288440241955392],[-90.33001511454631,29.289172664788374],[-90.33003990984479,29.289588466523313],[-90.32964890374431,29.28965331691576],[-90.3292044910036,29.288943782139963],[-90.32805435908071,29.288623348547763],[-90.32760994723829,29.28828002527863],[-90.32765276363969,29.28751884279],[-90.32619950061408,29.28763410021062],[-90.32285210118432,29.28580000018832],[-90.31976220023752,29.282992699499363],[-90.3200460382229,29.28200250811329],[-90.31992905152178,29.281295313119173],[-90.32092962203468,29.281314312313615],[-90.32225129983748,29.28099010007195],[-90.32214400056837,29.279230799387058],[-90.32150030017512,29.27561840040831],[-90.32001969961877,29.275038199965717],[-90.31895000104981,29.274993412610403],[-90.31857102069606,29.277652276096216],[-90.31841271059355,29.277858270311782],[-90.31820480809745,29.277766717204198],[-90.31789009591407,29.27653075476175],[-90.31770486420079,29.274941280690243],[-90.317337499962,29.274925899692224],[-90.31435490008093,29.27247389891856],[-90.31216620070525,29.27030269963129],[-90.31178000059155,29.270882900311992],[-90.30708070043961,29.2721931997301],[-90.30557869931823,29.27135090006936],[-90.30480620027619,29.270677000176715],[-90.30261750090052,29.267944199943773],[-90.3025317010111,29.267176700250744],[-90.30291799993947,29.2666151991323],[-90.30115839972389,29.263339299525285],[-90.299484700009,29.26137380044747],[-90.29808999995338,29.25849089976301],[-90.29766080108031,29.257760800198394],[-90.29697420074235,29.25703069934054],[-90.29710290057649,29.256637600555155],[-90.29656650035066,29.25570159979008],[-90.29358389957127,29.253211700490414],[-90.2927256006398,29.252275600189165],[-90.29203890058885,29.250366000430922],[-90.2922535000254,29.25008519979531],[-90.29199599974584,29.24922399973069],[-90.29118059986075,29.24879339972318],[-90.29175999974427,29.24800710049415],[-90.29163120019716,29.247370499706776],[-90.29178140120761,29.246022500119103],[-90.29066560019993,29.24598509997906],[-90.28974290014743,29.246715199723123],[-90.28656720020952,29.248231699696984],[-90.28519389982061,29.249205300247425],[-90.28500080066209,29.24980439917282],[-90.2850866005515,29.250384799241296],[-90.28560159931399,29.251564199206513],[-90.28615949981783,29.251751399622094],[-90.28624530060556,29.252444099627944],[-90.28676030026638,29.253193000168547],[-90.28723239998247,29.25747999948466],[-90.28682470048908,29.258996400231062],[-90.28583769992686,29.260568800199536],[-90.28334860032692,29.262852599018725],[-90.2826083004979,29.263891500014115],[-90.2825654005532,29.26428460069643],[-90.28290869982386,29.26512699932893],[-90.28281210038809,29.265922599805876],[-90.28255460010853,29.2663998999139],[-90.28102040067245,29.267429400333885],[-90.27968999932992,29.267953499387282],[-90.27820940057022,29.268290500398646],[-90.2769971007381,29.268412100311302],[-90.27491570063152,29.267785099162754],[-90.27168630030427,29.26544520029608],[-90.27013059969185,29.2640459996649],[-90.27013059969185,29.26374180089972],[-90.26970679969364,29.263212999364544],[-90.26978729952287,29.263110000873983],[-90.2694011003075,29.262857299519332],[-90.26931519980677,29.26214130059718],[-90.26860710008913,29.26114910000655],[-90.26827449975349,29.261177199246085],[-90.2680922001413,29.26137380044747],[-90.26837110008756,29.261804299693345],[-90.26822089997542,29.262328500463198],[-90.26746990031306,29.262590599448593],[-90.26581759936659,29.26217870031651],[-90.26453020037671,29.26262799978723],[-90.26196600072069,29.261832400320174],[-90.26174600061267,29.26155160059783],[-90.26125790010472,29.261369099094946],[-90.26121500016002,29.261177199246085],[-90.2602494001628,29.261570299391487],[-90.2598201994931,29.26154230057205],[-90.25882240028284,29.26107430058484],[-90.25787829966532,29.26012889998695],[-90.25818940062125,29.25952050018975],[-90.25779250067421,29.259127400002033],[-90.25784610045227,29.258706199960084],[-90.25732040095812,29.25763909984222],[-90.25748130000528,29.25713369925175],[-90.25603290045864,29.254784299898976],[-90.255743300679,29.254821699173732],[-90.25573250023434,29.25507440000704],[-90.25203110080228,29.253960499794484],[-90.25214910080305,29.253923099421087],[-90.2521169006917,29.252261599900013],[-90.25223490069247,29.252013500633307],[-90.25243879939735,29.252055699888277],[-90.25271770024193,29.25183569957681],[-90.25283039928422,29.250174100315803],[-90.25298060029466,29.25002899991663],[-90.25265340063052,29.249738900392213],[-90.25254610046309,29.248723199929174],[-90.25183260007395,29.248180299516694],[-90.25187019995847,29.247028799855002],[-90.2515268000765,29.246537400432096],[-90.25168239996182,29.24614890067171],[-90.25018570069727,29.24558720023658],[-90.25012139928923,29.244899199809197],[-90.24947760008129,29.24504430042879],[-90.24868370047423,29.2449975004243],[-90.24897870002701,29.243059599479544],[-90.24976190069906,29.242820899554097],[-90.2500837994047,29.24245109973007],[-90.25021790080864,29.241903499849556],[-90.25049150069471,29.2418426002817],[-90.25072219973777,29.241472899605892],[-90.25070069945977,29.241023500159244],[-90.25016960019244,29.240340100039013],[-90.25072750069627,29.23914649963776],[-90.2509421001328,29.238949899614692],[-90.25285179984924,29.23912769954661],[-90.25251390035173,29.23825710041649],[-90.25258359973631,29.23784049963804],[-90.2522564009705,29.236894899222076],[-90.2524066001843,29.236450200201944],[-90.25222419996082,29.236075699929287],[-90.25235299950795,29.235841700351774],[-90.25156970091953,29.23496630015759],[-90.2522296006323,29.2333888009234],[-90.25172000074465,29.233337299219766],[-90.25018569979895,29.23380540100531],[-90.24983699985681,29.23428289957451],[-90.24991749968605,29.234886699849767],[-90.24923620030658,29.23545779982163],[-90.24901630080986,29.23604299945469],[-90.24811510103537,29.23600549924993],[-90.2478790004225,29.235612300086597],[-90.24725679940894,29.236099100406367],[-90.24712799986182,29.236548499525732],[-90.24554010003638,29.23664210018566],[-90.24496080076416,29.23686679958394],[-90.24485350059672,29.2371289998636],[-90.24217130004162,29.23662339997104],[-90.24129149993384,29.237147700769732],[-90.24066929981858,29.236305100723797],[-90.24000410004564,29.236080399308662],[-90.23957490027425,29.23619279946245],[-90.23903850004844,29.235762100724692],[-90.23910280055816,29.23521910019689],[-90.23848060044291,29.23475100017205],[-90.23725750106445,29.233084500020937],[-90.23648500022576,29.230575299667876],[-90.23648229989003,29.2295922001447],[-90.23608800056573,29.2295220005071],[-90.23605050039419,29.229250500517708],[-90.23560520011796,29.22952670018729],[-90.23536920101472,29.229110099941977],[-90.23467180113042,29.22895320042256],[-90.23425340090536,29.229074900404004],[-90.23381620073806,29.229444799507775],[-90.23293640063027,29.22834230026633],[-90.23298200001238,29.227921000152335],[-90.23311349989527,29.227703299799913],[-90.23377870056652,29.2276845995205],[-90.2337840006267,29.227897600157913],[-90.2339529997828,29.227939699604672],[-90.23501250067665,29.227885899766715],[-90.23576890011218,29.227483300446426],[-90.23607729983407,29.227181299352672],[-90.23601029988691,29.226741200719797],[-90.23658420028427,29.22632229920128],[-90.23662719994196,29.225650499236096],[-90.23716630050355,29.22504179957357],[-90.23712340055881,29.2244378996912],[-90.23773759937984,29.224571300322168],[-90.23860389960555,29.22379889994935],[-90.23900090106223,29.223752099639327],[-90.23911360010449,29.223906599536303],[-90.23947829994017,29.22379650019526],[-90.23944079976864,29.223471200116528],[-90.23958829954502,29.223333099656433],[-90.24048149982193,29.223365799486412],[-90.24099650038104,29.222497400254362],[-90.24137470009882,29.22231479930366],[-90.24155970004674,29.222312500649352],[-90.24175550043933,29.222663600681273],[-90.24259510093816,29.222726800895455],[-90.24269970076983,29.222602699859884],[-90.2430001000958,29.222736099745216],[-90.24374040082313,29.222497400254362],[-90.24395229992392,29.222574599435184],[-90.24435729997987,29.222382699741118],[-90.24456380020581,29.221991800236335],[-90.24604710019958,29.22117709944966],[-90.24617049997352,29.22079560020982],[-90.24642530081566,29.22066449962455],[-90.24647360053353,29.220348499641087],[-90.24739889941218,29.220289900062994],[-90.24758400086972,29.21996919958934],[-90.2481257999704,29.21997629955152],[-90.24840469991666,29.220327399751397],[-90.24889019980186,29.219952900093922],[-90.24932470053174,29.219999699787838],[-90.24947760008129,29.21977960078129],[-90.2503358999111,29.2201167001052],[-90.25047539929156,29.220360200109383],[-90.25043250024517,29.22003239989805],[-90.25064710058003,29.21979839972114],[-90.25047539929156,29.219283300623424],[-90.25095819973933,29.21904930030336],[-90.25078649934919,29.2190398991971],[-90.250968900471,29.218768299289625],[-90.24962780019344,29.218936900147146],[-90.24985310036163,29.21775709992948],[-90.25008920007619,29.217513600009784],[-90.25038959940215,29.21746679996405],[-90.25003549968682,29.21701729985004],[-90.25007840052984,29.216558499922108],[-90.25020720007697,29.21638059964454],[-90.25055050024594,29.21642740018647],[-90.25028230013304,29.21612769978385],[-90.25091530069295,29.2151070995498],[-90.25160190013258,29.214910399270718],[-90.25229930001687,29.214994699772603],[-90.25257829967613,29.21486360038801],[-90.252428099564,29.214732499267544],[-90.25259970113947,29.214629500591226],[-90.25168780063329,29.214058300142487],[-90.25119419974088,29.21331850001198],[-90.25111380052294,29.211281799852422],[-90.25077580041415,29.20931520060943],[-90.25088850035476,29.209170099537012],[-90.25203649967716,29.209303500447945],[-90.25251390035173,29.208636300485935],[-90.252428099564,29.208402199791664],[-90.25273920051994,29.208233599632543],[-90.25264260018587,29.20782160013049],[-90.25299669990117,29.207774699997685],[-90.25331849979216,29.207503199604503],[-90.25310400006862,29.207297099795348],[-90.25341510102456,29.206800799548375],[-90.25330780085712,29.20651989980901],[-90.25359750034973,29.206192100795146],[-90.25312009967513,29.205302399688527],[-90.25323810057422,29.20492779963332],[-90.25383890012445,29.205026200567435],[-90.25431099984054,29.204754600366943],[-90.25432169967391,29.204585998912115],[-90.25488499995092,29.204464300417392],[-90.25498690034516,29.204211399375176],[-90.25545900006126,29.20427700020561],[-90.25548579950113,29.20378529994135],[-90.25581839983677,29.203691600249677],[-90.25618849944561,29.20437059977813],[-90.25633340039587,29.20433779979022],[-90.25593639983755,29.20285350035401],[-90.25736330090282,29.202965799748434],[-90.25814119971805,29.20329359967087],[-90.25828600005703,29.203125100102902],[-90.25877950033814,29.203401299641918],[-90.2591013999421,29.203799299802593],[-90.25946619949077,29.203958500061454],[-90.25952519904202,29.203738499898517],[-90.25938030078667,29.20277850071917],[-90.25886539994055,29.202530399942926],[-90.25846840028052,29.202024600238175],[-90.25813579994488,29.199851899920198],[-90.25823240027896,29.199636500248367],[-90.25850060039187,29.199748899618832],[-90.25856490000328,29.198915299977195],[-90.2588975003389,29.19786639916704],[-90.25872589966177,29.197426200485555],[-90.25878219977557,29.196255500135216],[-90.25898069960557,29.1960610997746],[-90.25915499972017,29.195098800014595],[-90.25945539994443,29.194878700066372],[-90.25940180016637,29.194686699883942],[-90.2590799005624,29.19473819984561],[-90.25902629988605,29.193890600599882],[-90.25931600027695,29.193562799627927],[-90.2592998997721,29.193117899157247],[-90.26013940055795,29.193195200461407],[-90.26032179988313,29.193007800455575],[-90.26013140016202,29.192506799445564],[-90.26062490044313,29.191776200313434],[-90.26053640021799,29.19154440045583],[-90.26076440072194,29.19089340000449],[-90.2603968999392,29.190607799914005],[-90.26057390038952,29.19029869947588],[-90.26009109994176,29.18996849980828],[-90.25981750005568,29.189448699837275],[-90.25813579904657,29.188378600429566],[-90.25822160073261,29.188317699623855],[-90.25769860067588,29.187809500576464],[-90.25783270028317,29.18734119961394],[-90.25799900000185,29.187338900175217],[-90.25781659977835,29.1870930003114],[-90.2580580004514,29.18708129996642],[-90.25813850028062,29.18670660039779],[-90.25795880039287,29.18671130047325],[-90.25747330050768,29.18627110017805],[-90.25768789994423,29.185769999596662],[-90.25755380033694,29.185673900048634],[-90.25757520000361,29.185132999411834],[-90.25808220016681,29.18447500093671],[-90.25850330072763,29.18441650084235],[-90.25858370084386,29.184001999452843],[-90.25824840017249,29.184203399628014],[-90.2575591003971,29.184170599462885],[-90.2569958998331,29.184435199606543],[-90.25655600022834,29.184376599886104],[-90.25621530068213,29.18462019970353],[-90.25607049944485,29.184479700330183],[-90.25546160068401,29.184556999518012],[-90.25512099905414,29.18400669965228],[-90.25558500045796,29.18304649926303],[-90.25536510096124,29.18289200051048],[-90.25534629922235,29.182491500437486],[-90.25514780029064,29.18226670060463],[-90.254616700125,29.182093400315956],[-90.25445040040634,29.181751499947413],[-90.25373430029278,29.18159230050344],[-90.25297789995892,29.181044300000714],[-90.2529832997321,29.180793799994788],[-90.253439201027,29.18007479975389],[-90.25437269972751,29.180231701170126],[-90.25425999978694,29.179653300420902],[-90.25467196627791,29.178470653515973],[-90.25655059955685,29.17677750001131],[-90.25658010023079,29.17659479957022],[-90.25732850016871,29.17656669986592],[-90.25755640006135,29.176374699916277],[-90.25770130011331,29.176487099682024],[-90.25804460028229,29.175740000705947],[-90.25837179994645,29.175442599496794],[-90.25809290000018,29.175114699568102],[-90.25765299949713,29.174946100363783],[-90.25685370011686,29.17362060012346],[-90.2566016005088,29.1723464998428],[-90.25623680006181,29.172646299994597],[-90.25589349989284,29.172561999968188],[-90.25597390000908,29.172290299668745],[-90.25535169989384,29.172370000369845],[-90.2548420002932,29.171564299680913],[-90.25441290023481,29.17119899992177],[-90.25463280062984,29.17060880054208],[-90.25330510052137,29.170163799736212],[-90.2534688005156,29.169929599446423],[-90.25316030018243,29.16990149948593],[-90.25317100001577,29.16961339914585],[-90.25343660040423,29.16948689945679],[-90.25358680051637,29.168557099877837],[-90.25327559894913,29.16836979997878],[-90.25336150034818,29.168144900182018],[-90.2531523006848,29.168102800491752],[-90.25281970034918,29.167475100384777],[-90.25368330023913,29.167329900104853],[-90.25447730045752,29.16753130005769],[-90.25398910023658,29.167128499756853],[-90.25343120063107,29.166969199970573],[-90.25358139984489,29.166880199788878],[-90.2534688005156,29.166781799907085],[-90.2521813000161,29.16744699975237],[-90.25053440063942,29.16732519992595],[-90.25015890035907,29.16706290026631],[-90.24974050013404,29.16644919954465],[-90.24941860053008,29.16637660027367],[-90.24973779889999,29.165823899850903],[-90.24996580030223,29.165786399836875],[-90.25033860024683,29.165852000143165],[-90.25033860024683,29.16623140000882],[-90.25053440063942,29.166297000030706],[-90.25068459985324,29.1657324999162],[-90.25052370080607,29.164453699465923],[-90.24968680064298,29.164088399504255],[-90.24970830002268,29.163854100634698],[-90.24944009990976,29.16357309895746],[-90.24921479974157,29.163634000330088],[-90.24876950036365,29.16343720052487],[-90.24851740075559,29.16362929998198],[-90.24810969946557,29.163568399391007],[-90.24802389957615,29.16324519954785],[-90.24850929974833,29.162861000405883],[-90.2490350998538,29.16287040038773],[-90.24945350007886,29.162535499910263],[-90.25018570069727,29.161230899689986],[-90.25026079985501,29.16075300037769],[-90.24994969979741,29.16075540003853],[-90.24976460013649,29.160551599679295],[-90.24938640041873,29.16058670037162],[-90.24912219960545,29.159710700545784],[-90.24882849991488,29.15962639931031],[-90.24894120075379,29.15912519999976],[-90.24967880024707,29.159298499064196],[-90.2502876999062,29.159136900394433],[-90.25029299996639,29.15855360017009],[-90.25059340019065,29.15792819983054],[-90.2511030000783,29.15727939996518],[-90.25151070046999,29.15713890003251],[-90.25115130069447,29.157038200111085],[-90.25138740040904,29.15644090047134],[-90.25192920040803,29.156288599827572],[-90.25285450108329,29.156696199803456],[-90.25391400018053,29.15674770000635],[-90.25344459990185,29.155183000322154],[-90.2541097996748,29.15523220034115],[-90.25467840001197,29.155981799705543],[-90.25447730045752,29.156330799285755],[-90.25472400029243,29.15656499921715],[-90.25493319995579,29.15720209984402],[-90.25467570057454,29.157572199456233],[-90.25512100085079,29.15777129962088],[-90.25534359978494,29.157511299979674],[-90.255440200119,29.15687419970199],[-90.25566279995147,29.15708269937805],[-90.25579690045707,29.157005400677786],[-90.25526049933293,29.1560449994446],[-90.25546430012143,29.15583420065512],[-90.25553410011733,29.15540320032914],[-90.2559257009025,29.155253300289438],[-90.25494400040046,29.1545599000274],[-90.2543700002901,29.154798800042432],[-90.25323809967591,29.15464430034708],[-90.25307449939469,29.1544358004278],[-90.25329169945398,29.154107800450728],[-90.25328100051892,29.153646400045417],[-90.25303689951015,29.1536042002688],[-90.25304230107996,29.15379630007674],[-90.25252460018508,29.153918100261404],[-90.25182720030078,29.153210699912457],[-90.25140880007574,29.151172800629602],[-90.25127470046844,29.151814599504906],[-90.25136590013103,29.152142499324963],[-90.25115129979618,29.152381499889948],[-90.25126400063509,29.15255480091951],[-90.25088309968325,29.152732800150137],[-90.24866760086772,29.151538200668668],[-90.24753030048035,29.151144699458513],[-90.2459639000346,29.150170199373264],[-90.24564739930548,29.150259199131842],[-90.24485890036989,29.149912500381365],[-90.2446549998684,29.14889589987141],[-90.24475690026266,29.148572600502177],[-90.24517130028974,29.148222400082886],[-90.24513240054299,29.14789789979043],[-90.24485890036989,29.14765900020148],[-90.24431169969942,29.147523099539463],[-90.24503589992192,29.146267500380706],[-90.24566889958349,29.146581400039796],[-90.24591569913139,29.146356499597392],[-90.24570639975502,29.146211299270018],[-90.24616240076293,29.146005099859504],[-90.2463502007596,29.145672499678845],[-90.24684370014239,29.14593020067588],[-90.24725139963577,29.145812999604125],[-90.24791660030702,29.14533519958985],[-90.24784150114928,29.14504000049497],[-90.24868100013849,29.14480570053629],[-90.24860319974668,29.144566800033985],[-90.24876149996773,29.144444999746064],[-90.24935960008054,29.14448480010592],[-90.24960639962843,29.144271600300662],[-90.24991750058437,29.144936900450723],[-90.25048610002324,29.14448709972016],[-90.25106279957102,29.144428600373928],[-90.25117280007419,29.144159199788046],[-90.25166899979273,29.143868700136363],[-90.2526667999013,29.14386399966826],[-90.2532220000694,29.143512600036615],[-90.2532649000141,29.143381399872773],[-90.25301280040603,29.14321269991519],[-90.25309860029544,29.143015899424512],[-90.25352780006682,29.14286599935486],[-90.25428949956255,29.14212100012409],[-90.25467570057454,29.142383400364384],[-90.25536779950035,29.14235059939026],[-90.25590960039767,29.141992200636405],[-90.25589620022856,29.14231080055749],[-90.25608659994967,29.142299100600017],[-90.25657209983487,29.14196410009264],[-90.25721850056387,29.14182819895967],[-90.25742230045405,29.141917200452312],[-90.25736060056708,29.14208589939824],[-90.25757789944105,29.142097599379987],[-90.25811430056518,29.14142290008717],[-90.25836110011308,29.14135729986906],[-90.25861859949434,29.14146040036647],[-90.25865080050401,29.141722799939842],[-90.2589189997186,29.14174149941948],[-90.25912279960879,29.142416200543455],[-90.25988459971582,29.142020300387987],[-90.26038350066842,29.142118698887664],[-90.26052560067164,29.142369399969],[-90.26075899915212,29.142085900182856],[-90.26137860044126,29.141903199993394],[-90.26156099976643,29.142149200269355],[-90.26196599982238,29.142275699111917],[-90.26223420083362,29.14194770032456],[-90.26349480038361,29.141312800066853],[-90.26340370133232,29.140905200251943],[-90.2642833999305,29.140759899637185],[-90.26415740043213,29.140534999791416],[-90.26484939964493,29.140211700006677],[-90.26422440037928,29.140132100669053],[-90.26388909970788,29.140249199943316],[-90.26361290009739,29.139895500787556],[-90.26319979993251,29.139797099374526],[-90.26262040004899,29.139923599543128],[-90.26130620072094,29.139834599462446],[-90.25985780027594,29.14005009955608],[-90.25933209988347,29.139946999997633],[-90.25907989966409,29.140242199600475],[-90.25887070000073,29.140242199600475],[-90.25845229977567,29.140176600197897],[-90.25830750033504,29.139895500002925],[-90.25747059927363,29.139679899938375],[-90.2555179996125,29.139483200175217],[-90.25519610090684,29.139614300176852],[-90.25309320052226,29.13955810013502],[-90.25248170024038,29.139736199560307],[-90.25210619996004,29.139445699959083],[-90.25176289979106,29.139595600310148],[-90.25195600074622,29.1397642999287],[-90.25130149990831,29.139998600397618],[-90.25050760030125,29.1397829997647],[-90.25063629923704,29.139445699959083],[-90.2504969004679,29.139267600030376],[-90.249863899908,29.139333200013116],[-90.24668810025707,29.140392100358998],[-90.24643059997753,29.1406358006288],[-90.24572250025987,29.14060770049871],[-90.24527189992347,29.140392100358998],[-90.24538989992423,29.139942300134777],[-90.24451019952943,29.138461700036512],[-90.24253610048862,29.136643699774243],[-90.2416133995378,29.133972899887784],[-90.24158660009792,29.13310130110393],[-90.2412700993688,29.132459399468427],[-90.24137200066139,29.1319438994519],[-90.24092669948683,29.131536299362864],[-90.2406906994853,29.13101150010805],[-90.23998260066594,29.13097400072457],[-90.23970899988154,29.131222299606144],[-90.23896339999234,29.131320699811972],[-90.23849130027625,29.13124110065114],[-90.23785830061466,29.131709600239084],[-90.2373539998889,29.131463599301338],[-90.2367853995517,29.13195800092169],[-90.23650650050378,29.131929899988467],[-90.23597000056495,29.131423800960942],[-90.23546580045048,29.130514800286655],[-90.23472550062147,29.12994310012976],[-90.23428019944693,29.12977199891703],[-90.23352119938866,29.130264099323437],[-90.23254750018084,29.130428100619564],[-90.23227930006792,29.130256999429314],[-90.2321935001785,29.129938399024788],[-90.23134049951058,29.129469799555856],[-90.23152289973407,29.129071499353138],[-90.23146390018285,29.128799700480073],[-90.23116889973173,29.128537299303716],[-90.23127619989917,29.1277782001099],[-90.23216130006713,29.12760009958371],[-90.23237049973051,29.12722519941237],[-90.23287480045627,29.12745479977895],[-90.23292840023434,29.127220499752536],[-90.23256900045882,29.127000300557317],[-90.23259040012555,29.126442599904415],[-90.23219880023868,29.126288000288564],[-90.2317214004624,29.12637229984397],[-90.23152829950725,29.126194299681398],[-90.23150680102586,29.12607240071845],[-90.23251530006947,29.125678800426066],[-90.23252609961582,29.12530859927504],[-90.2328479004051,29.125060199007056],[-90.23254750018084,29.124736899205903],[-90.23251000000928,29.123991799968483],[-90.23270849983932,29.12305449996383],[-90.23261730017671,29.12249219967208],[-90.233094699953,29.121920500425908],[-90.2317777005762,29.12060360044936],[-90.23161140085755,29.1199616003883],[-90.2322068994493,29.118956399968226],[-90.23264140107749,29.11893059959177],[-90.23286670124568,29.118529899514506],[-90.23258510006536,29.118429099760696],[-90.23268430012386,29.117133299742502],[-90.23291500096356,29.1166975005351],[-90.232552899954,29.116346000191978],[-90.2326789003507,29.116196000019304],[-90.23261990079946,29.115575100163305],[-90.23317250124313,29.11473619996359],[-90.23318859995133,29.11336529945255],[-90.23356410112997,29.11247479922401],[-90.23342729939031,29.112135099290633],[-90.23350780011786,29.1118492000924],[-90.23376790102019,29.111799999711334],[-90.23385309993667,29.11198800077909],[-90.23425879978022,29.111375800551222],[-90.23418369972417,29.110982100067307],[-90.2335238000114,29.110804000280087],[-90.23356139989593,29.110246299708606],[-90.23443039955907,29.109697899714615],[-90.23576619887814,29.109800999780184],[-90.23526189994898,29.109313600831054],[-90.23554090050656,29.10861989927846],[-90.23878099976886,29.10777629911555],[-90.24054050027146,29.106613900080028],[-90.24079800055102,29.105264099671608],[-90.24195669970678,29.105039099427902],[-90.24354460043054,29.10518909938338],[-90.24290080032428,29.104551699117014],[-90.24268629970244,29.10365169994961],[-90.24363040031996,29.103051799739216],[-90.24581909969564,29.103539200088946],[-90.24513240054299,29.102676799894713],[-90.24152759964839,29.099714499795756],[-90.24172010142725,29.0987276793561],[-90.24098767982326,29.097949480847607],[-90.24096478895319,29.097674821838634],[-90.24135389062525,29.097629045658373],[-90.2413824992721,29.09744594073372],[-90.24043836182365,29.09577128857485],[-90.2401026676902,29.09556529493448],[-90.23958196193071,29.095637773890996],[-90.23958196193071,29.095336412279682],[-90.23937406033292,29.095153307202388],[-90.23892774046884,29.095088457720127],[-90.23830403747213,29.09529445074456],[-90.23739423363384,29.09534022796284],[-90.23694409862475,29.09520289860179],[-90.23686780380935,29.094996904609207],[-90.23784187312307,29.09458997526698],[-90.23791112335002,29.094401811328833],[-90.23670850286508,29.094058749380398],[-90.23569478371135,29.094150041146296],[-90.23032368835564,29.095729327216958],[-90.2294596608676,29.095729327216958],[-90.22958935962832,29.095134233460108],[-90.23024358019187,29.09483668764672],[-90.230581182347,29.094310258392323],[-90.23055638525189,29.093486284580425],[-90.2316264099093,29.09293696713587],[-90.2329539240665,29.09165141360737],[-90.2329539240665,29.091376755852146],[-90.23264111900647,29.091170762839912],[-90.23079187860364,29.09025562498229],[-90.22990216379003,29.090415452649797],[-90.22990216379003,29.090072129360692],[-90.2302149706467,29.08984324784037],[-90.2302149706467,29.08945414832392],[-90.23144330361,29.08920237860427],[-90.23155011509392,29.089362595698418],[-90.231260198209,29.089683030708972],[-90.23142041543488,29.090072129360692],[-90.2333983350106,29.090735886739374],[-90.23402302525582,29.091101662479414],[-90.23428143912203,29.09098765663486],[-90.2338923401449,29.089820359581882],[-90.23391522832004,29.089385483273677],[-90.23410596311274,29.089271042206562],[-90.2345713551086,29.08993480082352],[-90.23504056314782,29.090117905760717],[-90.23527707429076,29.09039256373349],[-90.23548688391021,29.09142253245724],[-90.23595418392775,29.09183452020218],[-90.2373619643522,29.09217776225735],[-90.23790921622665,29.091765855169164],[-90.23811902404947,29.090735886739374],[-90.23744000818745,29.089591477501987],[-90.23751630390117,29.08945033320759],[-90.23853864239004,29.08949992421362],[-90.23916425251011,29.089656327306198],[-90.23947705936678,29.0899119125854],[-90.23999776332963,29.09121653875162],[-90.24065198479148,29.09190318361947],[-90.24101059045627,29.092039084786393],[-90.24093427228468,29.09084651268401],[-90.24184789216629,29.08993098494005],[-90.24174298780572,29.08885524005767],[-90.24210729148437,29.088008377895754],[-90.24247541120634,29.088077041509077],[-90.24242200456607,29.08901545769193],[-90.24260510996706,29.089267227868486],[-90.24307120175054,29.089495710317486],[-90.24341191836476,29.089152786669963],[-90.24354161712547,29.086539718594807],[-90.24278440022303,29.086081954260226],[-90.24174298780572,29.0859904025622],[-90.23999585530797,29.086657974776738],[-90.23744000818745,29.08697840878202],[-90.23391904166841,29.087668870399703],[-90.23198880466798,29.087737534239377],[-90.22929944274343,29.087050889072394],[-90.22687635584212,29.085885049946754],[-90.22656430267199,29.086913558861642],[-90.22627820093209,29.08993480082352],[-90.22575940319427,29.0922045466445],[-90.22508038553562,29.09371516663822],[-90.22461499353975,29.095321154255203],[-90.22335995725629,29.097541308838366],[-90.22318066789863,29.098777270603698],[-90.2229746734242,29.099097706143635],[-90.22150982931795,29.1001314880663],[-90.22038830694024,29.101527668702897],[-90.21780957164461,29.10411784809202],[-90.21373928802426,29.10686443107906],[-90.21178234770369,29.107737996977846],[-90.21032513478578,29.108951071598543],[-90.2099055164452,29.10952327537646],[-90.2095164183664,29.110576132562436],[-90.20944012444933,29.111609916134423],[-90.20998371928226,29.112914542011442],[-90.2113417519046,29.114356498499752],[-90.21246136536233,29.11625621766089],[-90.21277579727133,29.116393424755795],[-90.21368969832564,29.116324882053128],[-90.21295727582336,29.116988640452032],[-90.21295727582336,29.117515068294793],[-90.21353138822313,29.118342857634513],[-90.21556652958414,29.120128136441018],[-90.21676625210395,29.122325402200847],[-90.21736706692555,29.123012048276617],[-90.21868886061101,29.125236016443264],[-90.21647061295069,29.125236017227945],[-90.21650494745916,29.12482402978219],[-90.21548832854371,29.12365673273438],[-90.2097224110442,29.115340689883002],[-90.20925082516443,29.1151581407199],[-90.20797528124137,29.11540935488629],[-90.2078150631172,29.11492870282474],[-90.20813168332224,29.114287833578523],[-90.20818127391918,29.11387584622811],[-90.20805920365186,29.113742331484044],[-90.20917118681956,29.112952689181547],[-90.20757855197427,29.111381033838786],[-90.20757855197427,29.1099581513846],[-90.207897077506,29.109294393933187],[-90.2087839949658,29.10888240620929],[-90.20907200562567,29.10757778022386],[-90.20982731540478,29.107692220563674],[-90.21220005802262,29.10642955612445],[-90.21238316252528,29.106154896981128],[-90.21222485332106,29.104781605181984],[-90.21243847718722,29.10480449482385],[-90.21303547596547,29.105422475555883],[-90.21327008088339,29.10544536348543],[-90.21619023168252,29.103408313895898],[-90.21652783383766,29.102881886087868],[-90.21665753439501,29.10212276082367],[-90.21869267306108,29.101275898678498],[-90.21947277993527,29.100566364514513],[-90.2197092892816,29.09933040225127],[-90.22094914403674,29.098206865025205],[-90.221090212774,29.09799907247008],[-90.22103680703205,29.097152209367742],[-90.22163955592643,29.096717301227933],[-90.22192562981856,29.096099352222073],[-90.22255124083694,29.092341875294697],[-90.22189892739672,29.091472124083477],[-90.22171582199574,29.089755509880977],[-90.22218503093328,29.089755509880977],[-90.22252453841513,29.09124324253484],[-90.2227076429178,29.091357682980245],[-90.22286404679528,29.091266130477067],[-90.22312344521504,29.088744614328977],[-90.22268093959765,29.087737534239377],[-90.22273053288954,29.087211106373474],[-90.22369183714306,29.085998032265987],[-90.22497357584834,29.0858607030065],[-90.22510327371074,29.085196945608814],[-90.22416485853064,29.08528849801211],[-90.22359265325423,29.085082504597803],[-90.2190302752162,29.087165329466455],[-90.21668232699855,29.088427994692967],[-90.21410168457956,29.089480851779136],[-90.21233166480499,29.09055659640645],[-90.20992840462033,29.091563676403506],[-90.20497692670688,29.094291186063852],[-90.20020283102774,29.095805621723912],[-90.19759357816525,29.096309162011103],[-90.19490802958909,29.09731624226166],[-90.19409931316974,29.09731624226166],[-90.189405327451,29.099101520902522],[-90.18797100001326,29.099467732386085],[-90.18523395551344,29.10095546442441],[-90.18465984311366,29.100635030742684],[-90.18437183425041,29.100680806371205],[-90.18351543525577,29.1012987875302],[-90.18226421321901,29.10177943968126],[-90.18051136024953,29.102191426798512],[-90.1802767553316,29.102469900164454],[-90.17899883087306,29.103133656893437],[-90.17897594359623,29.103316763474623],[-90.17813861673338,29.10359142155827],[-90.17633998561702,29.104552725750818],[-90.17427814183418,29.10530803583165],[-90.17193401055815,29.106681326885173],[-90.16867053533551,29.10887859259778],[-90.16457355019168,29.11089275315032],[-90.16081797875471,29.11332271662533],[-90.16061198517859,29.113620263153454],[-90.1608713862933,29.114100915049562],[-90.16188708713055,29.11481010633165],[-90.16227900771597,29.114673119226477],[-90.16407573260732,29.113345605152208],[-90.16449534825293,29.11295650578135],[-90.16493785387031,29.11217830654922],[-90.16543567145467,29.11206386648969],[-90.16653195296954,29.112292630326817],[-90.16738689130354,29.112224083322285],[-90.17057406991414,29.11069057506159],[-90.17378032335148,29.109889487452232],[-90.1739634296508,29.10975215866517],[-90.17378032335148,29.10952327694619],[-90.17135608301338,29.10984371199509],[-90.17028605925427,29.110187033705987],[-90.16767871351516,29.111491661143123],[-90.16689479329258,29.111743431291195],[-90.16637218040974,29.111514548507714],[-90.16634738421295,29.111308554979924],[-90.16702640097327,29.110778313230597],[-90.17062556853276,29.10887859259778],[-90.1721628932077,29.107802848694487],[-90.17359721974714,29.107299308120346],[-90.17409312930982,29.106978872996976],[-90.17471874122653,29.106818655846006],[-90.17563426733318,29.106910209431273],[-90.17596996056832,29.10645244461498],[-90.17596996056832,29.10574291081606],[-90.17623699107475,29.105765798674398],[-90.17699230085384,29.106292228214176],[-90.17975605047043,29.10766933313378],[-90.18098247541208,29.10858486089222],[-90.18160808553213,29.109248618211307],[-90.18221039425204,29.11043765097215],[-90.18411052691069,29.10945461272363],[-90.18429363231168,29.109614829694884],[-90.18426692899153,29.1100039283605],[-90.18215358659009,29.1113543321399],[-90.18199718361093,29.113189201163504],[-90.18085277575305,29.115821343158885],[-90.17970073580851,29.11754177231864],[-90.17821491065047,29.118617516420084],[-90.17466533458627,29.119647486023894],[-90.1735667021803,29.119647486023894],[-90.17223918712479,29.11925457214876],[-90.17177379333229,29.11932705090304],[-90.17135417768667,29.119689447047303],[-90.17137897118849,29.119830590686366],[-90.17237079390716,29.120585900840226],[-90.1723459986087,29.120769006971237],[-90.17145717312724,29.120769006971237],[-90.17101466840819,29.12140987664725],[-90.1707266577483,29.121295435085695],[-90.17041385268828,29.120563013139567],[-90.16986644360864,29.120563013139567],[-90.16952693612679,29.12012432324635],[-90.16837901046625,29.11980397122726],[-90.16793620750651,29.11982677591109],[-90.16488444723005,29.11886547315337],[-90.16391932962813,29.118384820759736],[-90.16261660897278,29.117446404697045],[-90.16175639483313,29.11638973385118],[-90.1611536737865,29.116618615991275],[-90.16086947827165,29.116206628557226],[-90.16123378105196,29.1158861937048],[-90.16102397412746,29.115634423492136],[-90.16026866345005,29.116023522152545],[-90.16071307619077,29.11687038536478],[-90.1601389628927,29.11719082107551],[-90.15998255991353,29.117122155691703],[-90.15942942946386,29.116275292982582],[-90.16050326657134,29.11535976537447],[-90.16052806276812,29.11492488943732],[-90.1603220682937,29.114696008237765],[-90.1595667585146,29.114696008237765],[-90.1588114487355,29.115542870606134],[-90.15625560071668,29.11693905091664],[-90.15484416235238,29.1181979010423],[-90.14999186653114,29.12101314771051],[-90.14586817716884,29.12366817898773],[-90.1451109593681,29.12479732921852],[-90.1440180492305,29.124854548851516],[-90.13890635319285,29.12768505565187],[-90.12586008349066,29.13578747531293],[-90.1227396640787,29.138129699222468],[-90.12161814080268,29.138816344894305],[-90.11851297658087,29.140262116288596],[-90.11499582520686,29.142852295602495],[-90.11369119832646,29.143493164932828],[-90.10873208922466,29.146563997546615],[-90.10536752658311,29.149543276964387],[-90.10135064870472,29.15261029405973],[-90.09884630020284,29.154788486942596],[-90.09610734768135,29.156623356720186],[-90.09621225024527,29.157172673755554],[-90.09681497398684,29.157443516615405],[-90.0980909886271,29.157489293631567],[-90.09889970504648,29.157744877478017],[-90.098874909748,29.157950871324232],[-90.09615884540163,29.157996648114178],[-90.09566319545205,29.157653505653272],[-90.09525094599175,29.157699101360336],[-90.09329019142446,29.158980839848407],[-90.08919511340396,29.162578100790817],[-90.08736978256073,29.163493628326478],[-90.0860422657086,29.16470670246395],[-90.08538613802169,29.16498136051574],[-90.08494363240432,29.165347571938746],[-90.08421121080035,29.16638135462071],[-90.0835856006803,29.166816230149692],[-90.08207116507877,29.167434211546105],[-90.08066354096115,29.16839551578],[-90.08003793173941,29.168944831020582],[-90.07928262196032,29.169974800645182],[-90.06764969864409,29.177737712011208],[-90.0614241123154,29.181651591997895],[-90.05851731137969,29.183692455594315],[-90.05248055182203,29.187430859647833],[-90.05158028270218,29.187812329375067],[-90.04783615670024,29.190738203342512],[-90.04628548036523,29.19250822279855],[-90.04604324785223,29.193953994222436],[-90.04669365416908,29.194919112155265],[-90.04850182090219,29.195788863368083],[-90.05156502481708,29.19832182301313],[-90.05390724896975,29.1999468844385],[-90.05458435770842,29.199992660532022],[-90.0538614726195,29.199485305857024],[-90.05359444390972,29.199130538841953],[-90.05351814909432,29.198611739647042],[-90.05244049684184,29.198150162111972],[-90.05167946479438,29.197101119378953],[-90.05016884433788,29.19601393077312],[-90.04984650276279,29.19547224322775],[-90.05007729163736,29.194537642198902],[-90.04997810954517,29.194293502093664],[-90.04978737385416,29.194114211198894],[-90.04861244932773,29.19396543813247],[-90.04844269379018,29.193740370936382],[-90.04861053950944,29.192870619601],[-90.04940590516706,29.192317488610897],[-90.04974541354724,29.191524031806157],[-90.0505331480165,29.190948011337163],[-90.05092415411696,29.190234662874566],[-90.05144295365143,29.189982892889923],[-90.05171188948455,29.190063002550904],[-90.05176338900148,29.19032240136036],[-90.05235907713775,29.190812244045723],[-90.05245003335689,29.18973112307138],[-90.05270561842826,29.188968183138737],[-90.05298409167476,29.18888807497534],[-90.0531214207255,29.189044476681616],[-90.05324349099283,29.18973112307138],[-90.05402385927678,29.18997846587842],[-90.05471024132413,29.18957472005954],[-90.05495438365541,29.189891340371428],[-90.05559334543553,29.18989897020858],[-90.05705628241846,29.18831205460237],[-90.05761132088979,29.18724393926943],[-90.05883202446138,29.186522960837355],[-90.05908760863446,29.185641766198124],[-90.05934891507587,29.185595989972352],[-90.0599487678018,29.186140822042265],[-90.0602777946392,29.18590497988432],[-90.06041893883497,29.185088634650892],[-90.06061348787436,29.184947490461337],[-90.06088814597585,29.183982372804415],[-90.06113991590222,29.183772564678332],[-90.0614908688191,29.183009624345853],[-90.06171212117863,29.182841778483763],[-90.06296334231706,29.182643413198285],[-90.0645121097321,29.18108320148128],[-90.066524362918,29.17973661344506],[-90.06719765740996,29.179446696001687],[-90.06838784251642,29.179374217297184],[-90.06863961244278,29.179545878253293],[-90.06846604265854,29.180842875584784],[-90.06745705672803,29.1831355089543],[-90.06736749020264,29.183764047360928],[-90.06793007991226,29.183486460855857],[-90.06842598947496,29.182467937132028],[-90.06895051127778,29.18179273601636],[-90.06965050819157,29.180015086172624],[-90.07032380178522,29.179141520387883],[-90.07037148615713,29.178771495395555],[-90.07062325608351,29.178626536197072],[-90.07084450844303,29.178176402231244],[-90.07132897526566,29.177924631670983],[-90.0715464133785,29.176955698826106],[-90.07201943566439,29.17702436266531],[-90.07226739044575,29.176906107636952],[-90.0725763821574,29.17637586466096],[-90.07336983889502,29.175948618153956],[-90.0732763799695,29.175487039020098],[-90.07376656726383,29.17515134593966],[-90.07432094816839,29.175158267821438],[-90.07461343064175,29.17499494344546],[-90.07265267517614,29.179000375859562],[-90.07137284449254,29.180785655759834],[-90.07132516101896,29.18136167447553],[-90.07059273851667,29.182277201527807],[-90.06980881829409,29.182826519327605],[-90.06980881829409,29.183146953287174],[-90.06868538969135,29.18353605200174],[-90.0681665910552,29.184428692449533],[-90.06756386911027,29.185046673669362],[-90.06683144660798,29.18632841183939],[-90.06665024833035,29.187087537170406],[-90.0662058355896,29.187430858863557],[-90.06654534396978,29.18823194671077],[-90.0659998420135,29.18850660454346],[-90.06618294741449,29.18914747361943],[-90.0654276376354,29.18926191488867],[-90.06474862087506,29.189719678688867],[-90.06443200067002,29.190200330676003],[-90.06437859492807,29.19058943008369],[-90.06396279263083,29.190932751818433],[-90.063073968946,29.19230985816949],[-90.06242165550579,29.193820478446508],[-90.06096443989294,29.194781783291283],[-90.06028542403092,29.197230819766435],[-90.0596540916425,29.197825911390517],[-90.05931649128401,29.19879103051922],[-90.05869088116395,29.19924879491142],[-90.05863747452368,29.199729446146797],[-90.05793557048653,29.200370316444353],[-90.0576704489001,29.20172071820502],[-90.0567835314403,29.20284224014005],[-90.05634102672124,29.203025346277208],[-90.05508980648112,29.204238420389057],[-90.05012497600929,29.21010161039504],[-90.04931625958992,29.211268908908462],[-90.04910835889046,29.21211577093145],[-90.04785713865034,29.214797504544723],[-90.04795632074254,29.215484150157963],[-90.04821762628563,29.21569014412062],[-90.05004677496886,29.215850360838104],[-90.05019936280301,29.21569014412062],[-90.04913124706557,29.21484328106211],[-90.04918465280753,29.214591510355444],[-90.05103859678923,29.214911945407785],[-90.05106148406603,29.214751728006892],[-90.04905495314851,29.213859088879705],[-90.0491064517671,29.213653094371796],[-90.05124556773235,29.214202097473557],[-90.05145630531149,29.214133746272534],[-90.05142769576634,29.213950641164427],[-90.0499933692269,29.21316862812391],[-90.0499933692269,29.212985522075147],[-90.05153450725024,29.21346998918874],[-90.05166420690928,29.21326399546671],[-90.0499933692269,29.212413318268045],[-90.0499933692269,29.21216154786287],[-90.05012497600929,29.212092883242114],[-90.05199990014442,29.212710863956517],[-90.05199990014442,29.212527759441887],[-90.05098519014895,29.212024219359424],[-90.0510385958909,29.21172667167699],[-90.05138191941607,29.21172667167699],[-90.05210861965,29.21216154786287],[-90.05265602872963,29.212092883242114],[-90.05283913413064,29.21145201410448],[-90.05192360622735,29.211406237640094],[-90.05195221667084,29.211177355795712],[-90.05307564437526,29.210673815349878],[-90.05508599133611,29.209186083191938],[-90.05678162431694,29.209094530570674],[-90.05777344613733,29.20875120692428],[-90.05779824233412,29.208568102391013],[-90.05756554453954,29.208407885264066],[-90.0559214101773,29.2075381336881],[-90.05612740375341,29.207286363850745],[-90.05876271494563,29.208476727207067],[-90.05901188874081,29.208053165595235],[-90.0586867004046,29.207465700710994],[-90.05865450029326,29.207091099937177],[-90.05929829950118,29.206416899934744],[-90.06004930096017,29.2063607011762],[-90.06012440011791,29.2057800005607],[-90.06080029972422,29.204927801201528],[-90.06114360079151,29.205124500255586],[-90.06454470061063,29.203232799466843],[-90.06483440010322,29.202867499558366],[-90.06514550016084,29.202839400778128],[-90.06465200077805,29.20253970140985],[-90.06475930094548,29.202155800735223],[-90.0653601004957,29.20168750020335],[-90.06637930027098,29.200966399833195],[-90.0680423001525,29.20029209994916],[-90.07042409958501,29.19866249973382],[-90.0711751001457,29.19915879939272],[-90.07189389969669,29.197697800498165],[-90.07347109968879,29.19641470113063],[-90.07425430036083,29.196189901229364],[-90.07471560053058,29.19622740111113],[-90.07529500041412,29.19652710011224],[-90.0765395003576,29.19495360039788],[-90.07833120007324,29.194288699635035],[-90.08158209978019,29.191890899795137],[-90.08247259972136,29.19098240053414],[-90.0827085997229,29.190308000484055],[-90.08572339971532,29.189671101415534],[-90.0866782998792,29.18926840056456],[-90.08996130088285,29.187357601543724],[-90.09171010065378,29.187235800252097],[-90.0933087012109,29.186786198927237],[-90.09897349985043,29.1832361989619],[-90.10130170040321,29.18200910020724],[-90.11061430049338,29.18015440107623],[-90.11082889992993,29.18037930043881],[-90.11151550026788,29.180435500888873],[-90.11499170014307,29.179873400101258],[-90.11520620076492,29.18034180025256],[-90.11775969968927,29.179723499711006],[-90.12668609966576,29.17702570074072],[-90.12758729944026,29.17683840060896],[-90.12795209988724,29.177269300756475],[-90.12850999949276,29.177287999254663],[-90.1289821001072,29.17672599965936],[-90.13014080016124,29.176763399987603],[-90.1303768001628,29.176238901571658],[-90.13175009965339,29.17558310183353],[-90.13438940026379,29.17468379900121],[-90.14097689985415,29.17273530066747],[-90.14189960080498,29.17286650098464],[-90.14799360011422,29.170917900691908],[-90.1534008993725,29.169756299500527],[-90.15393730049665,29.168950599473504],[-90.15698430060043,29.167526599888],[-90.16052480008702,29.168285500362106],[-90.16054630036503,29.168622699198014],[-90.16087890070064,29.169034900897202],[-90.16157630058495,29.16934409991381],[-90.16110420086886,29.170524500410984],[-90.1606643003658,29.170908599494577],[-90.15974160031331,29.172622899930012],[-90.1581645009325,29.173531600218286],[-90.15687699953469,29.174009300429816],[-90.15698429970212,29.175311499732135],[-90.15668390037617,29.175686200133306],[-90.15614750015035,29.17581730098799],[-90.15607239919595,29.1762108009855],[-90.15561100021152,29.176201399872216],[-90.15491370004021,29.175854799690434],[-90.154666899594,29.175976599591714],[-90.15526770004254,29.17666980031486],[-90.15621190037307,29.17680089991296],[-90.15670540065418,29.177269300756475],[-90.15692000098903,29.17723180021795],[-90.1573062002044,29.178206000341536],[-90.15880820042744,29.178992899722765],[-90.15910860065172,29.179348900326975],[-90.15975239985964,29.17925520183563],[-90.16016010025133,29.179554900235807],[-90.16078229946825,29.181016200730596],[-90.1626062001936,29.18152210092339],[-90.16249900063745,29.182870899968368],[-90.16155480030694,29.183957499306313],[-90.16129730002739,29.18525010070533],[-90.16140460019481,29.18598070005404],[-90.16011710059364,29.189895899922636],[-90.15833620042433,29.19141329930801],[-90.15595440009349,29.19306170095014],[-90.15453819975987,29.19491620042768],[-90.15058989927029,29.197126499407375],[-90.1491308007886,29.198924699793093],[-90.14831540000519,29.202558499592],[-90.14578340046053,29.208214898935108],[-90.14333719990698,29.21042490020865],[-90.13926030019456,29.209038999756935],[-90.13810160014052,29.208926600380117],[-90.13797279969508,29.209937999801202],[-90.13891700002559,29.210312601146057],[-90.13874529963545,29.21113660041901],[-90.1376294995261,29.211436301307742],[-90.13604159970066,29.210986801394906],[-90.13651369941675,29.211960700483356],[-90.13518329987085,29.21525690039065],[-90.13458250032063,29.216268201264473],[-90.13140680038272,29.21724200075987],[-90.13072010033177,29.218066101111386],[-90.13041970010751,29.219639200549583],[-90.1305055997099,29.222972601174195],[-90.12896059982918,29.222897700150533],[-90.12561319950112,29.221399499616183],[-90.12445449944707,29.221699099924606],[-90.12166499962285,29.220613000145256],[-90.12050630046711,29.219077301341414],[-90.12042050057768,29.21825330007082],[-90.11866090036207,29.21892750138266],[-90.11681559997005,29.21844060061062],[-90.11424060076772,29.2182158991937],[-90.11286740009179,29.21566889979221],[-90.11218070004084,29.214770000990267],[-90.10909079999236,29.214095699401277],[-90.1066446003371,29.21428299970159],[-90.10544300033835,29.21270979920034],[-90.10192390051846,29.211323900639975],[-90.09831910052215,29.21207310123663],[-90.09922030029665,29.21345900064068],[-90.1008081004091,29.218627900807896],[-90.10231020034514,29.220425699657568],[-90.10325430006434,29.221886400435768],[-90.10475640000038,29.222710400704692],[-90.10535720044892,29.221137300607676],[-90.10827540010726,29.222860199835193],[-90.11042120133486,29.224545600958145],[-90.11033539964883,29.226717800455777],[-90.11243819942209,29.22709240159442],[-90.11484150003093,29.22847809937544],[-90.11479850037323,29.228890000914994],[-90.11351109958672,29.229976100719664],[-90.11411190003527,29.230425500063564],[-90.11544229958115,29.229751401092],[-90.1165151997458,29.230537900154555],[-90.11720180008376,29.23128690143353],[-90.1164293001434,29.2317736995872],[-90.11814590070128,29.232035899585078],[-90.1191759009212,29.232560200361583],[-90.12050629956879,29.23218570075285],[-90.12265210079639,29.232897200392774],[-90.12385369989683,29.233496400275612],[-90.12381080085044,29.234133100691444],[-90.12295250012234,29.233908399996118],[-90.12200830069014,29.233983300805296],[-90.12187960085602,29.234432699806195],[-90.12273789978748,29.235069299548183],[-90.12428279995524,29.238140099660466],[-90.1245403002348,29.239188600729907],[-90.1192187999676,29.241398000357716],[-90.11797430002412,29.24094859901447],[-90.11668680042294,29.23982519989815],[-90.115656899916,29.239974999857807],[-90.1133823000396,29.23933840083747],[-90.11097910094038,29.237877901186863],[-90.11093619919905,29.236567199754024],[-90.11054990027067,29.234582501386495],[-90.1089190996022,29.23372110030745],[-90.10763170061233,29.23256019957765],[-90.10703089926547,29.23124939948663],[-90.10574339966429,29.230088499736098],[-90.10557170017248,29.2319984010482],[-90.10449890061912,29.232597599920133],[-90.10432719933067,29.233065799940363],[-90.10537860011563,29.23465740170247],[-90.10589359977644,29.237147700769732],[-90.10582920045204,29.238027700077193],[-90.1046541807042,29.23964644644146],[-90.10411630993626,29.23981810758294],[-90.10223947688114,29.239207755114194],[-90.10104420012365,29.23969410172775],[-90.1007651995661,29.242652401511393],[-90.10198830074118,29.241510299827446],[-90.1030826993872,29.241678801318265],[-90.1044559000631,29.244618299518002],[-90.10456644404704,29.24541426959115],[-90.10548197105199,29.245322716433137],[-90.10566126130797,29.245597374877622],[-90.10469614280774,29.246146691906365],[-90.1041735290266,29.246146691906365],[-90.10388552016336,29.245551598782676],[-90.10297189938342,29.2448420643409],[-90.10268961278852,29.244910729735615],[-90.1025828004063,29.245551598782676],[-90.10195337424292,29.245986473993106],[-90.10043894043804,29.245757592616282],[-90.09851671371499,29.248129818697247],[-90.10016440001584,29.247688801379343],[-90.10419850039486,29.247464099875152],[-90.10831830005198,29.250684300622204],[-90.10746000022218,29.251657800240864],[-90.10720249994262,29.253604800685736],[-90.10814670027314,29.253829500459375],[-90.10857580033154,29.252481600079324],[-90.11406900009055,29.25278110080795],[-90.11441230025953,29.254877900338222],[-90.11484150003093,29.255776499540364],[-90.11484150003093,29.256974601242952],[-90.11329650015017,29.25764850053884],[-90.11424060076772,29.260044701694603],[-90.11175159998244,29.26259060023223],[-90.11012080021229,29.26259060023223],[-90.10728840044335,29.26094320142767],[-90.10943410016134,29.266558998932382],[-90.11037830049185,29.26835600062088],[-90.11286740009179,29.27172520147832],[-90.10994909982213,29.27367190058198],[-90.1125239993115,29.274794899789363],[-90.112009000549,29.276891199349464],[-90.11432650037013,29.278912599803512],[-90.11836050013781,29.28085910089073],[-90.11793140007941,29.279361800655842],[-90.12205120063484,29.27996070097315],[-90.12471200062495,29.278987500572807],[-90.12677190045349,29.28085910089073],[-90.13114930010316,29.284227900558594],[-90.13157840016157,29.282506101184993],[-90.13406750065982,29.2792869001609],[-90.13681409964103,29.281083700811198],[-90.13921740024986,29.282356399556903],[-90.14011860002438,29.285313400357882],[-90.14046190019336,29.285949700688228],[-90.14041900024864,29.287521801244118],[-90.13968939935467,29.28868210016142],[-90.13805870019581,29.288794399419334],[-90.13874530053377,29.290291600591242],[-90.14093399990945,29.293248401471967],[-90.14192100047167,29.29425890022747],[-90.14200690007408,29.296055401510547],[-90.14333719990698,29.29702849963948],[-90.14604089984176,29.297290500234798],[-90.14647010051148,29.298226099803315],[-90.14505390017787,29.29863780038117],[-90.1465129995579,29.300097399348218],[-90.14754299977783,29.30245520074296],[-90.14831540000519,29.304738001616933],[-90.14934540022512,29.309191301194573],[-90.14857289938644,29.310276500403873],[-90.14698509927399,29.311586300812262],[-90.14608379978648,29.31117459997273],[-90.14483930074132,29.310239101056016],[-90.14385219956779,29.308480300272763],[-90.1424789009755,29.307432501154906],[-90.14162059934908,29.30810609906308],[-90.14033320035922,29.307207901208358],[-90.13913150064747,29.307207901208358],[-90.1380157005381,29.30675890115134],[-90.1377152994155,29.305299399773936],[-90.13767240036913,29.303765000465823],[-90.13509750087977,29.302829400734215],[-90.13509750087977,29.3021932016497],[-90.13441090054181,29.30039680130379],[-90.13359550065672,29.300097400131563],[-90.13132100049332,29.300097400131563],[-90.13067719948874,29.29908689961303],[-90.12999060004911,29.298525500979043],[-90.13024810032867,29.295306899579508],[-90.13183589954282,29.29526950023127],[-90.13295170055048,29.2895054998297],[-90.1330376001529,29.28662349987077],[-90.1317501005517,29.28565030103609],[-90.1303768010611,29.286773199947437],[-90.12724400106791,29.2881580995713],[-90.12651440017393,29.288869300779183],[-90.12690070089893,29.29002960005973],[-90.12810229999937,29.292125501664845],[-90.12784480061813,29.293360701976905],[-90.12827399949123,29.2955314003605],[-90.1282309998335,29.29642969938247],[-90.12750150044916,29.29676650150552],[-90.12638570033981,29.29601800086963],[-90.12535570011987,29.296167700495634],[-90.1254415997223,29.29770220066797],[-90.1265143992756,29.300097400131563],[-90.12891769988447,29.300845899065664],[-90.12977600061257,29.302717100458825],[-90.13072010033177,29.30410179954294],[-90.13093470066663,29.305860701625058],[-90.12724400106791,29.30425149985058],[-90.12926100005345,29.30761960081601],[-90.12986179960367,29.310014600500224],[-90.13106350111205,29.30900420128125],[-90.13217930032309,29.30926610064441],[-90.13526920037158,29.313008300640117],[-90.13574119947639,29.315290899955947],[-90.13578410031941,29.316787601366354],[-90.13458250032063,29.318247001113356],[-90.13290880060576,29.317685700025596],[-90.13170719970869,29.31689990104241],[-90.13144970032745,29.315590199384328],[-90.1303768001628,29.31547800165903],[-90.13010253642172,29.31431208248528],[-90.12970245913353,29.314134056914263],[-90.12857440061379,29.31454249989548],[-90.12771609988569,29.314392801365862],[-90.12642860118284,29.313719201087103],[-90.12840270022366,29.31600180094912],[-90.12878889943903,29.31532830058549],[-90.12969020072315,29.315590199384328],[-90.13072010033177,29.316525700941387],[-90.13102050055605,29.31757339964796],[-90.1299477001044,29.318134699787024],[-90.13093470066663,29.319968201753188],[-90.13110640015846,29.3209784994593],[-90.13050560060823,29.321427499610195],[-90.13016219982794,29.322213300531825],[-90.12853150066908,29.323335800454892],[-90.12835979938063,29.32251260079961],[-90.12775899983039,29.322138400138208],[-90.1268578000559,29.322774500736642],[-90.12638570033981,29.323859601694966],[-90.12750150044916,29.325767800649437],[-90.1259565005684,29.326965101187163],[-90.12737270090203,29.32730180098146],[-90.12720109932657,29.32965900047891],[-90.12784479971982,29.328536501226623],[-90.13063429954403,29.328536501226623],[-90.13286589976275,29.328050101174558],[-90.13368129964782,29.327264400825666],[-90.13689990042874,29.328499100740444],[-90.13895989997029,29.329060300819208],[-90.13878820047847,29.330295001702503],[-90.1402903004145,29.33126780078337],[-90.14046190019336,29.332801701155354],[-90.13900279991502,29.336019199923513],[-90.14071939957459,29.33740340007769],[-90.14075753126177,29.338118345939996],[-90.1409205215869,29.33822587341403],[-90.140805199464,29.339012100896575],[-90.13956069952054,29.340770401908845],[-90.1372003994677,29.341780499799878],[-90.135355000261,29.341406401164985],[-90.13372419959252,29.341369000701235],[-90.13247970054738,29.34047110119432],[-90.13207327756,29.340524852741485],[-90.1315897701381,29.341704878472665],[-90.13077723947205,29.341704878472665],[-90.13069903843163,29.34209397728447],[-90.13375651917984,29.343513045231195],[-90.13440883262003,29.344337019714672],[-90.13430583628111,29.34534791463579],[-90.13568791590531,29.346011366115746],[-90.13639438248576,29.34486726249286],[-90.13673579798927,29.344798598498965],[-90.13707530636944,29.34514192035477],[-90.1368387952265,29.346011672284334],[-90.13705219271719,29.34681251689494],[-90.13772380646127,29.34676698190844],[-90.13853824335236,29.346080337026944],[-90.13952713037669,29.34603347994226],[-90.14193523248072,29.34477571075177],[-90.14321829799765,29.344821359387105],[-90.14447391369445,29.344138655037444],[-90.14303386578499,29.342692884662128],[-90.14298046183966,29.34189179781563],[-90.14379489783245,29.341434034320617],[-90.14552104838012,29.34180024575095],[-90.14530933253565,29.34241822724782],[-90.14533794297913,29.342875990237967],[-90.14609325275822,29.344985518432573],[-90.14800060158355,29.346015486471487],[-90.14875972740596,29.346633467466223],[-90.14899433142557,29.347045455063217],[-90.14899433142557,29.34745744256057],[-90.14826190892329,29.348075424207195],[-90.14789379189627,29.348102126888378],[-90.14564884001749,29.3469310141006],[-90.14384448753107,29.34677079685031],[-90.1435068889692,29.347709213400492],[-90.14595907679411,29.349429405446653],[-90.14695537581787,29.349292312200898],[-90.14828289087338,29.34952119417487],[-90.14880931800292,29.348788772240937],[-90.14928234118713,29.348720106974287],[-90.14954174050521,29.348880325074894],[-90.14970195862938,29.34917787141268],[-90.14967144016424,29.349589858118662],[-90.14907062534265,29.350848709507336],[-90.14904583094248,29.351878677791635],[-90.15236461813213,29.356414353615097],[-90.15389680534196,29.359305846978433],[-90.15672863288405,29.362075366075615],[-90.1580981145347,29.363008974732498],[-90.16030681939175,29.367755450938976],[-90.16177166439633,29.3688998603956],[-90.16180981225318,29.369075336063794],[-90.1608542293697,29.369174518442062],[-90.16012371399076,29.368785418932788],[-90.15842235963987,29.367366352269507],[-90.15706432611921,29.365371264750983],[-90.15534008269488,29.364341296668687],[-90.15473736074995,29.363036669359705],[-90.15359104307375,29.361526048523494],[-90.1517084895469,29.359553850803408],[-90.15050304655536,29.357928788845847],[-90.14533031358742,29.354217087572056],[-90.14397037294341,29.354327713522217],[-90.14276735809807,29.353412491163034],[-90.14034831810713,29.35348466572661],[-90.13949763958422,29.353808915463492],[-90.13866222164134,29.35272172634909],[-90.13769900936616,29.35201219240806],[-90.13623607328157,29.351233993868043],[-90.13398590129268,29.350772495128453],[-90.13223636220826,29.35077241604513],[-90.13022220100072,29.350383315915483],[-90.12901866513252,29.349856887694017],[-90.12833964747388,29.34893754565212],[-90.12713992405573,29.348205123438124],[-90.12549769681684,29.346007858097096],[-90.12479007051134,29.343238387677832],[-90.12627971081439,29.3423190446563],[-90.12625689989437,29.34129410028179],[-90.1244974002901,29.339086900407633],[-90.11999129990797,29.338450901557877],[-90.11848930058325,29.33755310086007],[-90.11703010059193,29.335869501587425],[-90.11514189935689,29.335757301108416],[-90.11715890013905,29.338862500926712],[-90.11750220030802,29.34103230037403],[-90.11690139985949,29.34312719997818],[-90.11445520020425,29.344848000277054],[-90.1106786998178,29.34570840049348],[-90.10780330039115,29.345633600360323],[-90.10677340078254,29.34421210158495],[-90.10406969994942,29.34241640113441],[-90.10368349983574,29.343538700592077],[-90.10256769972638,29.344698399475945],[-90.10209559911198,29.3461199000818],[-90.1008511000668,29.34567100082533],[-90.10016440091417,29.344511401493676],[-90.09763240047118,29.344997700305655],[-90.09750370063706,29.3461199000818],[-90.09870529973753,29.348888100441506],[-90.09866240069113,29.351020300488482],[-90.09782592722782,29.352044938767555],[-90.09764658576785,29.352569139823746],[-90.09737589283003,29.352596209332205],[-90.09707450086567,29.352965399846763],[-90.09771820036062,29.35337690066489],[-90.10025020080359,29.357267001228877],[-90.0998640006899,29.357678400895466],[-90.09831910142046,29.35775320079866],[-90.0967312006967,29.361306499335893],[-90.09784700080604,29.362428600903225],[-90.10153770040476,29.36452310130843],[-90.10703089926547,29.3666176001267],[-90.11089320043965,29.369385199649145],[-90.1143264994718,29.370956001224354],[-90.11647220008808,29.372900700295734],[-90.11810299985825,29.37484539979191],[-90.11853220052795,29.377463200257402],[-90.12067790024594,29.378211100799312],[-90.12359619961727,29.380006100576164],[-90.12196539894879,29.380679301184717],[-90.12351040062617,29.38224990107594],[-90.12608530101386,29.385690101362915],[-90.12084960063609,29.385989301298814],[-90.11552810036888,29.385615400257457],[-90.11372569992157,29.38591450022327],[-90.11218070093915,29.38494230118613],[-90.1102923990928,29.38322210000783],[-90.10840419965439,29.38269859997618],[-90.10703090016379,29.383147300028853],[-90.10574339966429,29.38404479986925],[-90.10505680022465,29.38404480065201],[-90.10282520000595,29.381726299762505],[-90.09982110074519,29.380828799824528],[-90.09681700058611,29.381202800646005],[-90.09364129974989,29.378285900492692],[-90.08291240051142,29.379332999624516],[-90.08007999984417,29.374022600509747],[-90.07716180108415,29.370208001185595],[-90.07329939929865,29.36818839977785],[-90.07166860042682,29.3687120002783],[-90.07192610070638,29.37035760053706],[-90.07364269946763,29.370058400048684],[-90.07493019996711,29.371703901826173],[-90.07415770002675,29.37349910090821],[-90.07252690025659,29.37484540057473],[-90.07020950014848,29.375219400682838],[-90.07218360008761,29.37319990025886],[-90.07003779975832,29.369011200809165],[-90.06686210071872,29.37118039969456],[-90.066776299931,29.37432179952377],[-90.0654029995421,29.376416099892754],[-90.06016730006264,29.377687600038797],[-90.05630489917546,29.379931399994508],[-90.05338669951712,29.38195070110261],[-90.05742070018313,29.381128000748244],[-90.06025310085037,29.38224990107594],[-90.06239890028134,29.38561540104014],[-90.06523130005026,29.38800849940837],[-90.06812810004192,29.38802720008021],[-90.0699519998689,29.389448101390467],[-90.0706816007629,29.391429901209463],[-90.06870749992545,29.392570400300833],[-90.06866459998074,29.393280799791803],[-90.06917950082686,29.393916399911934],[-90.06877179953685,29.394290299402247],[-90.06767749970551,29.39438380086646],[-90.06842849936787,29.395337301138238],[-90.06978029947877,29.395486800153837],[-90.07040260020531,29.396776800963668],[-90.07053139975244,29.39776760064932],[-90.07018799987046,29.40004830068608],[-90.0685572998133,29.402740200761965],[-90.06699090026586,29.404161000610316],[-90.06656170049447,29.40492740009917],[-90.06604669993534,29.404964799130685],[-90.06475930094548,29.40438530080877],[-90.06411549994091,29.404459999867985],[-90.06280660067303,29.404254399870368],[-90.06235600033662,29.4038619010838],[-90.06130460045,29.405114301209096],[-90.06160499977595,29.405357300702555],[-90.06106850073546,29.40550690159169],[-90.06121869994926,29.40603030067346],[-90.06106850073546,29.40634810129712],[-90.06231310039192,29.406964901426008],[-90.06289240056245,29.407712599944468],[-90.0632357995461,29.40718920169862],[-90.06299969893324,29.406535000577694],[-90.06514550016084,29.406572400583],[-90.06737709948123,29.407151899741486],[-90.06814959942162,29.40874070088229],[-90.0676989999835,29.408778100858626],[-90.06748439964865,29.40999310115819],[-90.06709810072029,29.41001180091762],[-90.06623979999218,29.40941370036511],[-90.06619690004747,29.40907720000683],[-90.06544590038511,29.408366899915052],[-90.06445880010989,29.409675400358264],[-90.0626779008389,29.40975010022552],[-90.06293540022016,29.408591201006885],[-90.06248470017076,29.408366899915052],[-90.06237750061464,29.409002399477973],[-90.0618409997775,29.408852900769986],[-90.06130460045,29.409899701692865],[-90.06055359988932,29.410460501772782],[-90.06048920056492,29.411039901293947],[-90.06078959989088,29.41371290123832],[-90.06018880034063,29.41558200060315],[-90.05963089983682,29.416068001387384],[-90.05948069972467,29.415638099916343],[-90.05887990017446,29.41522690168653],[-90.0586438004599,29.417095999809455],[-90.05750660068387,29.417937098906613],[-90.05699159922642,29.41971270039274],[-90.05757090029526,29.42004920074719],[-90.05868669950628,29.421320100657677],[-90.05832200056894,29.422067699824655],[-90.05879399967372,29.42270320134685],[-90.05973820000423,29.423133000940258],[-90.06051060023162,29.42270320134685],[-90.06081100045589,29.4234882013298],[-90.06055360078763,29.424235700820965],[-90.06113290005986,29.426684100803513],[-90.06149769960852,29.427469000388225],[-90.06188389972222,29.429730402001262],[-90.06430860089608,29.42939400021943],[-90.06581069993379,29.42991730052657],[-90.06587510015652,29.43040320143976],[-90.06656170049447,29.429936000531256],[-90.06825689958903,29.432458900117457],[-90.06660460043918,29.43283270086393],[-90.06641150038233,29.43363630076072],[-90.0672268993691,29.435953500580304],[-90.06780619953963,29.435691901130944],[-90.06986620087781,29.438083900493428],[-90.06960870059825,29.44015820047319],[-90.06905080009442,29.44269960005309],[-90.06729130138844,29.442026801513528],[-90.06742000032425,29.440980401247362],[-90.06686209982041,29.440531900902357],[-90.06561760077527,29.441765200502456],[-90.06617550038078,29.442512701586583],[-90.06647590060504,29.444194399900358],[-90.06561759987696,29.445053999976054],[-90.0662184003255,29.446661001506644],[-90.06570339976636,29.448193200445353],[-90.06347180044598,29.448193200445353],[-90.0626564005609,29.447109400455492],[-90.05995269972779,29.446063000173968],[-90.05647660046391,29.44445610025902],[-90.05450250052478,29.442998500764695],[-90.05295749974572,29.441578400450503],[-90.0522709012044,29.438625801225395],[-90.04810810009295,29.435934900259532],[-90.04780770076698,29.43358020121555],[-90.04849430020663,29.43212250033225],[-90.04785059981339,29.42954350000243],[-90.04690650009418,29.429094999993115],[-90.04763600037684,29.43141240045537],[-90.04639149953506,29.43275789982838],[-90.04664899981461,29.433804501414667],[-90.04518989953627,29.435934900259532],[-90.0452756994257,29.43742990063786],[-90.04488950021033,29.441204600609193],[-90.04450320128197,29.447969000874956],[-90.05076890098137,29.449575900709906],[-90.053644200695,29.45088380071237],[-90.05475999990603,29.452640199950157],[-90.05609040035023,29.451369700623456],[-90.05909439989799,29.45133230068399],[-90.05913729984272,29.449650600960503],[-90.06149770050683,29.448828500925934],[-90.06523130094858,29.448903200162242],[-90.06793499908676,29.449239600666065],[-90.0694370002081,29.448155800117416],[-90.06935120031868,29.44613780001182],[-90.07059570026216,29.44576409988174],[-90.07239820042247,29.447483101107846],[-90.07411480008204,29.44811850068643],[-90.07553100041565,29.446997299926164],[-90.07647509923656,29.447072099857635],[-90.0779343001262,29.447894200822265],[-90.0796509006841,29.44729630062718],[-90.08214000028403,29.446698400820953],[-90.08359910056237,29.448716399948783],[-90.08806230010146,29.443484400880113],[-90.08977889976103,29.44340960065141],[-90.09192470098863,29.446623601396333],[-90.09441379969027,29.445502499897614],[-90.09904859990651,29.4460257007561],[-90.10145189961705,29.44834270070881],[-90.10608669983327,29.449688000737595],[-90.1052284009018,29.448267900149293],[-90.10574339966429,29.44759530044734],[-90.10746000022218,29.44759530122954],[-90.10977750004331,29.44909010015942],[-90.1133823000396,29.448716399948783],[-90.11295320087953,29.44557720158202],[-90.11381149981099,29.44468030054918],[-90.11501309980976,29.443858100798597],[-90.11939050035775,29.44363390025692],[-90.12230870001609,29.44565200099556],[-90.12565610124247,29.447221600208074],[-90.12737270090203,29.447072100639925],[-90.12788770056284,29.448193200445353],[-90.12634280039511,29.449986999768964],[-90.12660030067465,29.45140699964162],[-90.1281451999441,29.450136501301017],[-90.13097760061133,29.451332301466167],[-90.13132099959499,29.454770201144328],[-90.1308917998236,29.456339701559973],[-90.13192180004354,29.456339701559973],[-90.13526920126989,29.454471299903478],[-90.13818740002993,29.454770201144328],[-90.14179229973922,29.455517600966743],[-90.14333719990698,29.45514390096157],[-90.144452999118,29.456264900638075],[-90.14402390085625,29.457759600011304],[-90.144452999118,29.45798379906785],[-90.1452254999567,29.457012300399743],[-90.14711380000644,29.458058599504536],[-90.14694210051458,29.460151100419942],[-90.14805789972563,29.465158100425214],[-90.14917369983498,29.465980100205417],[-90.15037539954673,29.468296600661176],[-90.15174869993567,29.473826301351412],[-90.15612599987233,29.47763700002714],[-90.15827180020163,29.478010601511542],[-90.15852930048118,29.479505000716554],[-90.15930180042156,29.480924700725176],[-90.15998840075952,29.480028000394473],[-90.1599026008701,29.476067901142354],[-90.16118999985996,29.474274600562108],[-90.15852930048118,29.476067899578243],[-90.15852930048118,29.476815101006046],[-90.15664100043145,29.476591000668876],[-90.15389439965362,29.4745734997507],[-90.15269280055318,29.470986800700764],[-90.15192029971449,29.466353700066858],[-90.15415190083151,29.463439300887924],[-90.15638350015189,29.45985220095402],[-90.15707020020284,29.456264901420223],[-90.15732769958409,29.451556501428268],[-90.15707019930453,29.44953849932704],[-90.15621190037307,29.44565200099556],[-90.15355110038296,29.44370860096977],[-90.1465130004562,29.443932798999597],[-90.14462470130479,29.443260100162004],[-90.14041899935032,29.43825210082069],[-90.14265060046733,29.436757100813928],[-90.14496800057546,29.433617600654955],[-90.14582629950692,29.431001200350686],[-90.14805789972563,29.431075999550657],[-90.14925960123402,29.43309430063824],[-90.15011790016548,29.43152449941783],[-90.1524352993753,29.430029399574536],[-90.15389439965362,29.428235301565355],[-90.15844350059176,29.438999600392048],[-90.15981670036936,29.44161569993804],[-90.16016010025133,29.440868300989663],[-90.15844350059176,29.435486401095247],[-90.15895840053957,29.429879900506727],[-90.15827180020163,29.429281900470063],[-90.15681269992328,29.429655601027825],[-90.15458110060288,29.42651590009265],[-90.15732769958409,29.424721699334096],[-90.16239170047004,29.426216799850117],[-90.16779900062664,29.42629160022641],[-90.17586710077335,29.426889701588063],[-90.1834201994626,29.4271139015491],[-90.18899919911105,29.427786700324948],[-90.19732479953731,29.428235300782937],[-90.20204539964296,29.42987990128914],[-90.20693780075007,29.432122501897034],[-90.21629329988664,29.43458929981106],[-90.22019859982021,29.436345999021945],[-90.2246189003129,29.43948540073615],[-90.22706509996816,29.440868300989663],[-90.2281380001328,29.440868300989663],[-90.23118499933827,29.44142890117555],[-90.23320200012043,29.442101601196615],[-90.23478980023287,29.443260100162004],[-90.2407122006616,29.45002430085988],[-90.2465057000336,29.457460699756094],[-90.24950980019266,29.459702701223318],[-90.25221350012745,29.461384200699847],[-90.2514839001318,29.461384200699847],[-90.24899480053186,29.463028300137243],[-90.24908070013426,29.465382300335296],[-90.24895190058716,29.467213100678748],[-90.24744989946578,29.467474600887666],[-90.24779319963476,29.466465801108573],[-90.24680610025787,29.46470969990021],[-90.24560450025909,29.463551399676255],[-90.24457450003915,29.463327201193607],[-90.24264340065604,29.464149200953266],[-90.24088380044044,29.466802101143927],[-90.23981089937747,29.46650320094369],[-90.23830890005276,29.465531700968576],[-90.23693559966384,29.465868000973117],[-90.23654940044848,29.46426129973909],[-90.23509030017014,29.461272100298377],[-90.23281570029374,29.459366401111723],[-90.22560600058813,29.455629699123403],[-90.22517680081674,29.456526501818736],[-90.22895340091618,29.459441199746788],[-90.22955419956811,29.4592543008268],[-90.23148540046085,29.460076400860732],[-90.23401740000551,29.46201940059631],[-90.2352619008473,29.4647844007398],[-90.23569109972037,29.4687637008579],[-90.23790120055936,29.472910900885413],[-90.23734330005554,29.474498800648355],[-90.23648500022576,29.475600899505917],[-90.23693559966384,29.476553601426637],[-90.23693559966384,29.478085400471027],[-90.2375793000571,29.48077519999989],[-90.23751499954739,29.48228819953468],[-90.22629260002779,29.493943300593273],[-90.22109990020603,29.499845001025545],[-90.22081549987527,29.501712600110885],[-90.22164700026521,29.5043505014141],[-90.22730109996971,29.50692760063532],[-90.23241879944838,29.509952800626102],[-90.23279430062705,29.510419700992088],[-90.23239729917039,29.510863200051126],[-90.23239200090684,29.511353399888],[-90.23285869995145,29.511964900999757],[-90.23322339978712,29.5135474997609],[-90.23310539978634,29.5147099002191],[-90.23337359989927,29.515036700722835],[-90.23282110006691,29.515690200066178],[-90.23195210040377,29.515839600011276],[-90.23082550074807,29.516637901075587],[-90.23012820057677,29.51790300071481],[-90.23077190007172,29.51932210078712],[-90.2303481000735,29.519681501347687],[-90.22969369984689,29.520741100443683],[-90.22988679900541,29.52081580062387],[-90.23025160035073,29.52278570112537],[-90.23002090040936,29.522958400972833],[-90.22945230007215,29.52294910058526],[-90.22855640035786,29.522435601082794],[-90.2282022997442,29.521880099838018],[-90.22706510086648,29.521768100753537],[-90.22558450031012,29.52206680118186],[-90.22519830019644,29.52257099978872],[-90.22498369986158,29.523822001313587],[-90.22365330121401,29.524998301275982],[-90.22219420003738,29.52509160026013],[-90.22249460026163,29.52700540091954],[-90.22020940026488,29.52740679996779],[-90.21960850100166,29.5270801011645],[-90.21938320083345,29.526678700819843],[-90.21792410055512,29.525595700937338],[-90.21702289988231,29.525446399815483],[-90.21661520128725,29.525726400793555],[-90.21740909999599,29.526435899627636],[-90.21800990044453,29.5265853001218],[-90.2187394995419,29.52701470015257],[-90.21925450099931,29.52779890060812],[-90.2201556998755,29.52761220046271],[-90.22137880015228,29.527817601322106],[-90.22120710066046,29.52807900059579],[-90.2214216991987,29.528396400194413],[-90.22165780070985,29.52826570066134],[-90.22277360081921,29.529031200311962],[-90.22290229975502,29.5306554995346],[-90.22320270087761,29.530842201097432],[-90.22346020025886,29.530580800366828],[-90.2241254000318,29.530711500816572],[-90.22534849941026,29.531906400302702],[-90.2259063999141,29.532559800849942],[-90.22603509974823,29.533157201187052],[-90.2264642995196,29.533493300146645],[-90.22659300025207,29.53409070044063],[-90.22758010052728,29.534725500772243],[-90.22822380002222,29.535416300485345],[-90.2281809000775,29.536218999749238],[-90.22738700047044,29.53634969994669],[-90.22646430041794,29.536760400889715],[-90.22612089963764,29.537189799927273],[-90.22545579957769,29.537283200993055],[-90.22534849941026,29.537973900388156],[-90.2219366997578,29.540382201073374],[-90.22212979981464,29.540942200055824],[-90.21813869999166,29.547298500522665],[-90.2173877003293,29.549165201157667],[-90.2165722995459,29.550331900656364],[-90.21658300117589,29.550705201077882],[-90.21538139938049,29.551853201380553],[-90.21551010011292,29.55254390047234],[-90.21524190089835,29.552814500646342],[-90.214887900896,29.552786499878763],[-90.21440510044823,29.55581969934324],[-90.2145444992174,29.55719159990745],[-90.21475910045056,29.55734090104087],[-90.21470549977418,29.557751600310414],[-90.21194820006133,29.560775300681296],[-90.21192669978332,29.56110190076429],[-90.21144390023389,29.56160590004333],[-90.2107357996179,29.562875000334213],[-90.20815010058219,29.565002700612713],[-90.2077639004685,29.56492809949098],[-90.20765660030108,29.565217400922364],[-90.20648719951535,29.565861300651346],[-90.20560740030588,29.566197201014877],[-90.2053070000816,29.566122500763615],[-90.2040946005365,29.56712100036455],[-90.20080090059781,29.568380800783185],[-90.19925589981875,29.569164700667134],[-90.19732480043564,29.569537901033083],[-90.19472029966101,29.569444600875574],[-90.19446019965702,29.56840880113531],[-90.1936474003947,29.568411100575087],[-90.19329879926723,29.569519300232262],[-90.18723959979377,29.57233730007411],[-90.1811457001975,29.57263590031841],[-90.17655370021299,29.572412001197417],[-90.17114640005639,29.571105600184087],[-90.17058850045088,29.570545700378684],[-90.17045970000542,29.56994849992722],[-90.1691868797743,29.569543702307037],[-90.16798020878576,29.569693779781478],[-90.16564279061986,29.570592270266125],[-90.16270163990431,29.57314983706505],[-90.16272834232613,29.573364423955827],[-90.1666832005173,29.575397899973247],[-90.16874310034585,29.577338699988076],[-90.17037390011602,29.57808519985462],[-90.17003060084535,29.57995129959086],[-90.17045970090375,29.581742799566726],[-90.17294879960536,29.581966699868403],[-90.17157550011477,29.584131300339298],[-90.16633989945001,29.58614660074553],[-90.16633989945001,29.58816189918419],[-90.16565319939905,29.58980390051064],[-90.16479490046757,29.59107269949875],[-90.16565320029736,29.5933863993552],[-90.1684856009646,29.59502830081648],[-90.16848560006629,29.598573300620885],[-90.16874310034585,29.5995434992454],[-90.16947270034152,29.59965550039737],[-90.16973020062107,29.598013599266256],[-90.16960140017565,29.595550800954253],[-90.17003059994704,29.591781699731136],[-90.17054560050616,29.590438299265074],[-90.17359259971163,29.591520499607125],[-90.17625329998872,29.592752001171572],[-90.18136019992106,29.592005599632103],[-90.1814461004218,29.592639999384623],[-90.1811028002528,29.593460999757653],[-90.18183230053548,29.593834200130065],[-90.18316270097968,29.592752000390426],[-90.18342020036093,29.591781699731136],[-90.18543720024478,29.588199200933204],[-90.1864672004647,29.588012599090607],[-90.18977169994974,29.591408598783346],[-90.18779750029759,29.59446860010091],[-90.18603800069332,29.5951402999519],[-90.18492220058396,29.596521000530885],[-90.1855230001342,29.597752399655455],[-90.18844130040384,29.5969313990577],[-90.18977170084806,29.594431299888615],[-90.19174579988886,29.59383420091121],[-90.19075869961364,29.596744900067947],[-90.19243240022682,29.596707599916197],[-90.19311900056479,29.594729799622463],[-90.19706730105439,29.59894649926408],[-90.19427780033185,29.602304800015077],[-90.19234659943909,29.605177899919873],[-90.18771170040819,29.606409200379336],[-90.18148899946819,29.606782299733553],[-90.180201499867,29.60905839911074],[-90.17942909963962,29.611035799704965],[-90.18075939947252,29.610961199805878],[-90.17981530065163,29.613572899888222],[-90.18050190098958,29.613796800615265],[-90.18174649974775,29.612155100056775],[-90.18277649996769,29.611781999498046],[-90.1832485008691,29.613834099913024],[-90.17865660059756,29.617229199750767],[-90.17912860060068,29.618199200130988],[-90.1793003000925,29.61943039934491],[-90.18406390075418,29.61625919940652],[-90.18672470074426,29.617341100039763],[-90.18445009996955,29.620363099632783],[-90.18234730109461,29.624951699313087],[-90.18075940037085,29.628682199739195],[-90.18071650042612,29.63095769994493],[-90.17548080004835,29.636441100720113],[-90.1737642012871,29.63711259978234],[-90.17582419993033,29.639835500512348],[-90.17964360026149,29.641588600020807],[-90.1810598005951,29.643751899548313],[-90.180201499867,29.648264899785822],[-90.17865659969925,29.65315070030177],[-90.16977309966745,29.662697799027118],[-90.17084599983211,29.670342199776826],[-90.17397880072362,29.675898099894198],[-90.17578129998562,29.677426800728952],[-90.17397880072362,29.679067399766804],[-90.17646789942525,29.682572099095452],[-90.18432140013542,29.679179199335422],[-90.18796920068775,29.680446900983757],[-90.18951419967019,29.680185899497992],[-90.19020080000814,29.68059609924052],[-90.19522189915276,29.676681099810732],[-90.20376210081217,29.67284049971395],[-90.20899770057864,29.674332000596433],[-90.21843910021593,29.667918400231407],[-90.23551940112687,29.66336899961272],[-90.25972369977033,29.66090780014088],[-90.26976589985617,29.655910499389243],[-90.27379990052218,29.650017899358186],[-90.28169629938043,29.64710869956481],[-90.29474260052365,29.64755629993986],[-90.30718800060703,29.65233019939035],[-90.31448359991505,29.65576130041964],[-90.3177452003537,29.661206100633155],[-90.31474110019461,29.664786098873833],[-90.3133677998057,29.667993000096526],[-90.30581470021812,29.671125299934214],[-90.30366899960183,29.673288000459156],[-90.30504229999073,29.67627089970426],[-90.31130790087545,29.67791150043319],[-90.31748770007412,29.683504198830796],[-90.31860350018347,29.687381700303014],[-90.31680109973615,29.691631799706503],[-90.31868930007289,29.690662499842624],[-90.32083509950387,29.687679899638255],[-90.32203670040094,29.684324500102907],[-90.32186510062212,29.679626699966864],[-90.32649989994002,29.67515230022258],[-90.33079149970028,29.672094799906343],[-90.33782959962706,29.672318500282504],[-90.34083370068444,29.674331999815927],[-90.3442669009019,29.677762398873913],[-90.3474425999415,29.68141630015286],[-90.34864429965326,29.68424989908648],[-90.34847260016143,29.686635999870198],[-90.3465843001117,29.68932030090535],[-90.34874369284955,29.695295826614732],[-90.35001750032917,29.698342100229056],[-90.34933089999122,29.70087700020992],[-90.35173419970177,29.70669199917753],[-90.35242079914138,29.712208599000657],[-90.34778589921217,29.718768499733073],[-90.33576969979849,29.728607400749695],[-90.32117839967285,29.737253000082653],[-90.30590060071884,29.746643000701784],[-90.28598790003899,29.757373400120954],[-90.26744840093338,29.7646753997482],[-90.25165560052194,29.769145700160827],[-90.24942400030325,29.773913900160224],[-90.24547580042496,29.778383799965223],[-90.24032589993661,29.782108600437002],[-90.23826600010806,29.787025100080257],[-90.24255749925699,29.796708400186272],[-90.24461750059518,29.808773899788],[-90.24307250071443,29.81830619989451],[-90.24496079986585,29.820391299235943],[-90.25560379950191,29.824114500130147],[-90.26126859993809,29.82843330094818],[-90.26744840093338,29.832305100022257],[-90.28358460032847,29.832900699787313],[-90.28482910027193,29.83018299987208],[-90.2981328998981,29.827316300015983],[-90.29967780006585,29.82820990035785],[-90.29984950045599,29.83126270032433],[-90.29954910023173,29.832714600471075],[-90.29774670068272,29.832342300272238],[-90.29650209922961,29.834724900009324],[-90.29894829978319,29.83498550010504],[-90.30002120084613,29.83658629987911],[-90.29984949955768,29.839266600681377],[-90.29911990046033,29.840978900396852],[-90.29774669978441,29.84064389984291],[-90.29701710068707,29.842132899213272],[-90.29929159995217,29.843063500177298],[-90.29933450079518,29.84555750035125],[-90.29800420006397,29.84578090032874],[-90.29839040017767,29.84909370013842],[-90.29414180007511,29.849391500277],[-90.291438099242,29.846971999501353],[-90.28937820121007,29.844626900031034],[-90.28890610059565,29.84269130010362],[-90.28796199907983,29.840755599545865],[-90.28727529992717,29.838894299964323],[-90.28710370014834,29.837926399658926],[-90.29023650014155,29.83625120043465],[-90.2900218998067,29.835432200355815],[-90.2859449003813,29.835618400587837],[-90.28414249993398,29.835059899374293],[-90.28495789981906,29.839340999879077],[-90.28470040043781,29.83986220024153],[-90.28495789981906,29.842095699492383],[-90.28615949981783,29.845743599895386],[-90.28680319931277,29.845706399181882],[-90.28757569925314,29.84723259958977],[-90.2873610998166,29.848423700145627],[-90.28770449969858,29.849428700396718],[-90.28731820077022,29.8510663996283],[-90.28658869958923,29.850843100297038],[-90.28388499965442,29.852257500417092],[-90.27997969972085,29.85248079892219],[-90.27581689950772,29.851364200115842],[-90.27174000069363,29.850805899925163],[-90.27096749985495,29.851289800525723],[-90.26620390009158,29.856202899776726],[-90.26525969976106,29.856798400658782],[-90.26384350032575,29.858882600058312],[-90.25603289956032,29.86524679949905],[-90.25053980041261,29.867293700681902],[-90.2460765999752,29.868670599967285],[-90.24260040010002,29.86930329940134],[-90.2414493608787,29.869286943022594],[-90.23998259976763,29.8692661004569],[-90.23474690028817,29.868149599850828],[-90.22710799991286,29.865581699585274],[-90.22084239992647,29.86316270028908],[-90.21878240038491,29.86186010040319],[-90.21573540028113,29.861339000063957],[-90.20625110069912,29.856649499671992],[-90.20432000041768,29.85672389994219],[-90.19938470026418,29.85266700009268],[-90.19565110072075,29.848647000213067],[-90.19402030005229,29.845520299568477],[-90.19286160089653,29.8445524993166],[-90.18822670006898,29.841723399970114],[-90.18616680113875,29.838261500496877],[-90.1850510001311,29.835729999932763],[-90.18397809996644,29.83513439989106],[-90.18071650132444,29.83129989940379],[-90.178399100318,29.829550100805026],[-90.17539500015893,29.830927600167797],[-90.17294879960536,29.830778699567162],[-90.17076019994269,29.829959699825785],[-90.16814230079562,29.828507699641385],[-90.16736979995693,29.828507699641385],[-90.16702649978795,29.8276887007692],[-90.16745570045767,29.826348399763717],[-90.16668319961897,29.823742200621492],[-90.16436580040917,29.821061498943358],[-90.16316410069743,29.818231700860494],[-90.16402239962889,29.817412600635663],[-90.16144750013953,29.815923199347296],[-90.16067500019915,29.814508301117502],[-90.16934389989609,29.812721000220932],[-90.16915080073755,29.811082599880276],[-90.16844270012159,29.810319300918938],[-90.16762729933819,29.810896399921123],[-90.16749859950407,29.812106600316206],[-90.16685490000913,29.812590699288446],[-90.16550300018524,29.812832699960957],[-90.16595359962332,29.810524101069912],[-90.16741279961465,29.809053200458262],[-90.16758440029179,29.80782440013053],[-90.16906500084814,29.804901200136563],[-90.16876460062386,29.8039702001311],[-90.16889329955967,29.803504700386604],[-90.16940830101711,29.802741299937757],[-90.16960139927733,29.800264900010024],[-90.16797070011849,29.798514600278914],[-90.1649665999594,29.79698769946691],[-90.16191960075393,29.79639179998143],[-90.16101840008113,29.796633899874116],[-90.15771389969778,29.79423179947667],[-90.1559114004358,29.792239299858423],[-90.15252110016303,29.7819222997717],[-90.15123370027486,29.766202799666484],[-90.15389439965362,29.754802700344044],[-90.15037540044506,29.74664299992189],[-90.14861580022946,29.744817299634644],[-90.14235019934475,29.741463700114146],[-90.14368059978896,29.73889260014684],[-90.14760730028755,29.739004399426538],[-90.14769319988996,29.738240500198756],[-90.14902350062115,29.736228200452807],[-90.150654299493,29.735073100070405],[-90.1523066004395,29.731439699656637],[-90.15423769982262,29.73173780016062],[-90.15644790037462,29.731309299957978],[-90.15936610093128,29.73222230022397],[-90.16857150056701,29.729874499708973],[-90.18033030031243,29.72741490004742],[-90.18427850019071,29.724731599171047],[-90.18479349985152,29.72175009959105],[-90.18642429962169,29.72003570030568],[-90.18754009973102,29.715935899350338],[-90.19054409927878,29.714519500137737],[-90.19217489994728,29.71198499911627],[-90.19427779943352,29.711053098837045],[-90.1950931993186,29.709860399698705],[-90.19642350004982,29.71045679980282],[-90.19753930015918,29.70773569992791],[-90.19899849925218,29.70721390045445],[-90.20024300009399,29.704940100615005],[-90.19449230005539,29.69770829910658],[-90.19354819943787,29.695657999622103],[-90.19337650084435,29.69368220008175],[-90.1939774010059,29.692414699699704],[-90.19251820011625,29.691370799951507],[-90.19080159955836,29.691258999896316],[-90.18590929996088,29.684920999535084],[-90.18333440047152,29.683429699442364],[-90.1774978996452,29.68581579940639],[-90.17492290044284,29.685368400466455],[-90.17011639983644,29.688201899693727],[-90.16479489956926,29.6868596998894],[-90.15792850093095,29.686412300133508],[-90.15483859998416,29.687754500449984],[-90.14848710039534,29.685666700205562],[-90.14453889961874,29.682385700119664],[-90.14539720034685,29.678209799667222],[-90.14333719990698,29.676121800394984],[-90.14153480035799,29.67261679971849],[-90.13784410075927,29.669335399496436],[-90.13612750020138,29.66590480038978],[-90.13183589954282,29.666053900016482],[-90.13063430044235,29.669857499490675],[-90.12848850011308,29.671796499702417],[-90.12428279995524,29.672169299889042],[-90.1205920994582,29.671199799854588],[-90.11621480041984,29.66941000065216],[-90.11269569970163,29.66754549998724],[-90.11278149959107,29.6655318997057],[-90.11424059986939,29.665158999980935],[-90.12067790024594,29.66575560062906],[-90.12248040040623,29.665308100713098],[-90.12299540006705,29.664413100372865],[-90.12127880040748,29.662473999974132],[-90.11999129990797,29.661877299462],[-90.11844639974024,29.661653600062145],[-90.11664390047825,29.655164599130103],[-90.11681559997005,29.653747400261082],[-90.1165580996905,29.652255599621167],[-90.1146698005391,29.649197300302394],[-90.11192320065958,29.64632549990737],[-90.11119370037692,29.64334160030086],[-90.11226649993024,29.640395000099982],[-90.1106786998178,29.639014899657813],[-90.11033540054714,29.637299099827963],[-90.1116656994817,29.633941900151335],[-90.11222359998554,29.63207680012142],[-90.11136530105408,29.629502899619208],[-90.11132239931273,29.627413899737927],[-90.11308190071365,29.625063599616865],[-90.11321070115908,29.623720599572945],[-90.11381149981099,29.623384900842318],[-90.11415479997997,29.621817999917358],[-90.11578560064844,29.620698799840245],[-90.11222359998554,29.618199200130988],[-90.11145110004516,29.6162592001875],[-90.11106489993148,29.614169900745665],[-90.11140820010046,29.612901300155546],[-90.1123953003757,29.61155819972968],[-90.11123660121996,29.609730000233572],[-90.11145110094348,29.608125598900894],[-90.11218070004084,29.606147999862067],[-90.11359690037446,29.604170500282375],[-90.11398320020115,29.59973010006903],[-90.11552810036888,29.59517759990212],[-90.1169014007578,29.59293859971719],[-90.12110710091565,29.588833600402754],[-90.12702939983474,29.581668099878982],[-90.12840270022366,29.58122029979792],[-90.12874600039264,29.58002600054921],[-90.13458249942231,29.573905000296694],[-90.13861659980132,29.573382399800348],[-90.14325140001756,29.575323300280566],[-90.14479640079662,29.57868239983577],[-90.14548300023627,29.5814442004774],[-90.14805789972563,29.579876700137994],[-90.15140530005368,29.57838380028683],[-90.15389439965362,29.578309100456977],[-90.15621189947476,29.576741599871728],[-90.15698429970212,29.572785201281338],[-90.15541778606864,29.56906919137316],[-90.15590821950137,29.567315041620112],[-90.16007235820426,29.565322651030606],[-90.16592202204444,29.565434501077092],[-90.16925835782314,29.565293384037176],[-90.17093179972153,29.565544000707042],[-90.17174720050492,29.565357299945777],[-90.17449380038444,29.561699200409823],[-90.17445089954143,29.560803300016367],[-90.17406459971473,29.56046729966958],[-90.17337800027508,29.56028069970042],[-90.17118930000109,29.560206000543257],[-90.16900060062541,29.55960869988272],[-90.16784189967305,29.559011500397993],[-90.16758440119011,29.556174400457945],[-90.16415120007431,29.555465100131432],[-90.16393659973947,29.555017101015277],[-90.16024590014075,29.55329980072783],[-90.15784260043021,29.55057460149291],[-90.15715600009226,29.55083590052102],[-90.15655519964373,29.549939899892152],[-90.15616890071536,29.54740120054875],[-90.15792850003264,29.54687850043704],[-90.15865800121361,29.546393199998526],[-90.15852929958287,29.54538520111855],[-90.15771389969778,29.54542249991411],[-90.15625480031777,29.543929100152788],[-90.15573979975863,29.53683510018257],[-90.14986039988594,29.535378900300593],[-90.14629840012134,29.537992600783937],[-90.14625550017662,29.53963540146213],[-90.14239310018777,29.54433980000562],[-90.13968940025298,29.547102500699925],[-90.1406765005282,29.549715899665944],[-90.13998990019024,29.55020120056135],[-90.13732910020015,29.550462600582286],[-90.13449669953289,29.552889200579713],[-90.13132099959499,29.55307580169732],[-90.12745860050445,29.552291900424553],[-90.12492660006146,29.552105199396514],[-90.12342450102375,29.550537201445437],[-90.12273790068579,29.549491899724714],[-90.1205492004118,29.548483901269506],[-90.12024879928921,29.54706520096134],[-90.1201199997421,29.545310500327698],[-90.11788850103304,29.542361000367436],[-90.11398320109946,29.540979501272197],[-90.1111077998762,29.538702001068668],[-90.10840419965439,29.537507200633495],[-90.10604379899026,29.537432500274043],[-90.10106559979035,29.534482801744243],[-90.09171010065378,29.532914501521773],[-90.09055139970141,29.53142099907618],[-90.08986469965046,29.529778000074266],[-90.08789059971132,29.526379901450074],[-90.08943560049036,29.52522230076762],[-90.08879180038413,29.524587501761054],[-90.08003709989947,29.52275770142105],[-90.07840630012932,29.52223490049396],[-90.07686140085987,29.521226600601082],[-90.07445810025102,29.517940299484444],[-90.06896499930669,29.511591499780508],[-90.06827830105237,29.509836100019548],[-90.05857940023718,29.508939801010204],[-90.0577641000651,29.509387900300137],[-90.05441669973705,29.50688559996726],[-90.05222800036137,29.504868699139145],[-90.0506400996376,29.504607299326132],[-90.04995350019796,29.50513020069496],[-90.04724980026316,29.50542900104652],[-90.04493240015503,29.504308501240565],[-90.04368779960025,29.502067401099943],[-90.04278659982575,29.500797500807654],[-90.04270079993634,29.49773460143726],[-90.04167080061472,29.496838199992336],[-90.041584999827,29.494111401259612],[-90.03986840106573,29.49340170163401],[-90.03699299984247,29.49287870139101],[-90.03639220029223,29.49444760097349],[-90.03214360018968,29.49497050007091],[-90.02647879975352,29.494821099822335],[-90.02454760065741,29.494148700976147],[-90.02253060077355,29.494186100762004],[-90.02042770038898,29.495007900335235],[-90.01403182043187,29.495459732249007],[-90.01239629821825,29.495218068874802],[-90.01141550052306,29.492243700319094],[-90.01107220035408,29.4927293011849],[-90.00914100035966,29.49317750114232],[-90.0072097994669,29.491571300002654],[-90.00729560025465,29.48970360070979],[-90.00806810109334,29.488657600000412],[-90.01004220013415,29.488470800288614],[-90.00875470053298,29.485781199542256],[-90.00635150053544,29.482568401212315],[-90.00213640130478,29.483276518139686],[-90.00201210501218,29.484397479741478],[-90.00289711534862,29.48480946673175],[-90.00289711534862,29.484969684658683],[-90.00253090454663,29.485267230783272],[-90.00250801547321,29.48556477759804],[-90.00313199065945,29.485702021789393],[-90.00404915349654,29.485519000560174],[-90.00454506485588,29.485724995112648],[-90.00465187544147,29.48670918665729],[-90.00425705509431,29.48718983926827],[-90.00258391233493,29.486434925239],[-90.00211128710438,29.48666341013644],[-90.00192818080508,29.486480304628294],[-90.0016658305213,29.485334136686063],[-90.00130067344314,29.484534863923166],[-90.0006464412015,29.484553882291426],[-90.00049385426566,29.4849010198639],[-89.99961647421922,29.485263415563534],[-89.99932465021098,29.4849658694278],[-89.99869493029848,29.484809627817835],[-89.998277514627,29.485038348625007],[-89.99709877405726,29.485152789768737],[-89.99644264547206,29.48375661071477],[-89.99442100129819,29.483091400721616],[-89.99210360029176,29.481074101133988],[-89.99061841832747,29.47664721407434],[-89.98866631184143,29.478829268927996],[-89.98757808192646,29.479363836503055],[-89.98578345729626,29.479516571365572],[-89.98442794265165,29.479249287160176],[-89.9836260911577,29.47806559886577],[-89.98314460674182,29.476501055714355],[-89.98230537365393,29.475883073989145],[-89.98290484549418,29.478275607044683],[-89.98453400763557,29.480447824413968],[-89.98443218629306,29.481296346043543],[-89.9836176047732,29.482518218660303],[-89.98232785040065,29.48390979485038],[-89.98293878654054,29.48411343970708],[-89.9836176047732,29.48482619934747],[-89.98388465773749,29.486117909370975],[-89.98483878804517,29.486774932749352],[-89.98537282300686,29.48826918316945],[-89.98639473030437,29.487422535614968],[-89.98770507945312,29.486804554798688],[-89.98990425318502,29.486804554798688],[-89.99118599099197,29.487285206175372],[-89.99257454118114,29.488040516571832],[-89.99280914699739,29.487948963930503],[-89.9927557394588,29.48698384534794],[-89.99210151799694,29.486617634376927],[-89.99194511591607,29.486301013970042],[-89.99312195026077,29.48579365934914],[-89.99307045164217,29.485541888690705],[-89.9922064223575,29.48522145517495],[-89.99194130166939,29.484969684658683],[-89.9944055960894,29.484786579217776],[-89.9944055960894,29.48545033691955],[-89.99506172377629,29.485702107023542],[-89.99524483007558,29.485930988464435],[-89.99526962537406,29.48723561555129],[-89.9949854298592,29.487487385129036],[-89.99500831893263,29.487739155645038],[-89.99524483007558,29.48783070847595],[-89.99621376372082,29.48769337958957],[-89.9968662756887,29.487853387304305],[-89.99712738360243,29.487578938187387],[-89.99796852471198,29.48767049038111],[-89.99833473641227,29.48799092553547],[-89.99888405261527,29.489341328798044],[-89.99830734947422,29.489181688597892],[-89.99764809026023,29.488242695582187],[-89.99762520208513,29.488883564385873],[-89.99718269646773,29.48959309861684],[-89.99720749266453,29.48984486859184],[-89.99744337498677,29.490004660223573],[-89.99815163011299,29.489959309780364],[-89.9989374583572,29.49034840901068],[-89.99904426984112,29.4909206131622],[-89.99971406359843,29.490994896688473],[-90.0005290628349,29.49220638817234],[-89.99883169430892,29.492825646519478],[-89.99899086409917,29.493671010387256],[-90.00039848911508,29.49490697283685],[-90.00077042128711,29.495456290374115],[-90.00192055231169,29.495433401355815],[-90.00234016975394,29.495662282705187],[-90.00195107077684,29.49650914600313],[-90.0011881307077,29.497293066797784],[-90.0012644246248,29.497790884428134],[-90.00207695439255,29.498500418819326],[-90.00197395895195,29.49907262383321],[-90.002965779874,29.49919087867431],[-90.00294289259719,29.49984696504539],[-90.00398621213785,29.499835563253175],[-90.00443062398026,29.49948842603327],[-90.00474342904029,29.49866445092031],[-90.00495514578307,29.498504233540583],[-90.00532326370842,29.498641562627025],[-90.0055060753603,29.49891578083467],[-90.00592407853,29.498801779789442],[-90.00660500241366,29.498023581444407],[-90.00691780657537,29.497794699176094],[-90.00723442678043,29.497840475358405],[-90.0053308922018,29.50065572201613],[-90.00394234291095,29.50118596654889],[-90.00383553142701,29.501346183595192],[-90.00446304956876,29.50260884817272],[-90.00443825337197,29.503776145713797],[-90.00394234291095,29.50446279184652],[-90.0043080937755,29.50471438882442],[-90.00474915220695,29.504691673898442],[-90.00652870939491,29.50423391005906],[-90.00707802559788,29.50375325779401],[-90.00747475306838,29.503982139886205],[-90.00752434456365,29.50439412697374],[-90.00663551998052,29.5051265488407],[-90.00663551998052,29.505446984282383],[-90.00755104698547,29.50641210207303],[-90.00843743982915,29.50767837634832],[-90.00876601750893,29.507770621807225],[-90.00924039714923,29.509137043558287],[-90.01003309031887,29.50981992503407],[-90.01213364699886,29.50984584800737],[-90.01260973613313,29.5107604582298],[-90.00951489085901,29.510910733215923],[-90.00913630935725,29.51180922403547],[-90.0091032809992,29.5134294149105],[-90.00861710827586,29.51434798667822],[-90.0077351477198,29.515072963965032],[-90.0081601811049,29.5157960466129],[-90.00900511490158,29.515690972418057],[-90.00957450126464,29.51504697510094],[-90.00941343602913,29.515930004092557],[-90.00925226389411,29.516433315530413],[-90.00830795486746,29.516262859050464],[-90.00833472017135,29.517615001437843],[-90.0072737972444,29.51813616196638],[-90.00723144167874,29.51906805819756],[-90.0067509813423,29.519797644975124],[-90.00705680559425,29.522088112995853],[-90.0088681308039,29.522499592559107],[-90.00827313437043,29.522608126431656],[-90.00754229469966,29.523092463877408],[-90.00599198667389,29.52302423765557],[-90.00561445799764,29.52590913361868],[-90.00542916160568,29.526262163775602],[-90.00378155255991,29.52646101793579],[-90.00325137945565,29.52785796827688],[-90.00271278464558,29.528322018265353],[-90.0033761249059,29.528521703942523],[-90.00267080816899,29.529189124538924],[-90.00313571237966,29.529959841565542],[-90.00193351410292,29.530137421332125],[-90.00193825091941,29.52929946148413],[-90.0010387076383,29.528931275172727],[-90.00160704207416,29.528492557605773],[-90.00094949055755,29.528148189511377],[-89.99798704258325,29.528552688672395],[-89.99535616188201,29.529134580933444],[-89.993035323023,29.528222141668557],[-89.99220947123958,29.52810009228494],[-89.9916431113007,29.527318979308575],[-89.99118083735718,29.52578353116884],[-89.9906908009798,29.524905304708703],[-89.98950754996903,29.52454909391512],[-89.9900461447791,29.5240850445975],[-89.99042275268218,29.523241229117833],[-89.99026339873731,29.521257850994722],[-89.98900487878717,29.52085110891176],[-89.98859287366864,29.52266460508439],[-89.98741725654115,29.523189185227803],[-89.98627322058579,29.5240850445975],[-89.9846783597152,29.524375987971915],[-89.9832360112203,29.526229026458303],[-89.98263649087103,29.525971506439117],[-89.98223080270557,29.527318979308575],[-89.98095872897444,29.528526901805332],[-89.97924635948155,29.528915945055303],[-89.97791888844347,29.53034842440161],[-89.97903042155522,29.53025907666577],[-89.97995404597417,29.531331067642196],[-89.98115769233516,29.532174816423097],[-89.9802319622652,29.532564911747365],[-89.98084345715718,29.533605125241376],[-89.98125783113314,29.535054842424046],[-89.98240581518417,29.535197616441454],[-89.98399867820156,29.536188328434545],[-89.98368629624802,29.53669317648095],[-89.98259529323379,29.536620697526317],[-89.98191055510341,29.537009796396593],[-89.9817274488041,29.537856659996407],[-89.98136123800211,29.53824575879998],[-89.98070701743858,29.538520416797017],[-89.98007759127519,29.538520416797017],[-89.9795797727925,29.538291535445175],[-89.97918495154703,29.53781088315435],[-89.97887214828363,29.536574920906297],[-89.97792610191522,29.535316070585207],[-89.97706567487482,29.535110159729985],[-89.97619995136753,29.533919891510923],[-89.97428687937554,29.533668120936046],[-89.97309790968966,29.53318973753101],[-89.97259136856557,29.53328536358926],[-89.97146018750192,29.534537872381605],[-89.97091087129894,29.53483541821936],[-89.97012504305471,29.534953674265097],[-89.96912940698766,29.53456457529901],[-89.96860679410482,29.534061035169312],[-89.9670084351945,29.53339727879749],[-89.96536048478893,29.533259948405764],[-89.9641016342588,29.533465942751018],[-89.96336730553148,29.53323706011926],[-89.95967658527151,29.532870849175858],[-89.95883735128531,29.532962402622182],[-89.95666488087356,29.53374060044374],[-89.95622046903115,29.534106812145716],[-89.95475180888157,29.534175477180643],[-89.95346816395126,29.534843048830822],[-89.95320685661152,29.535163483189464],[-89.95239051169877,29.535209260448415],[-89.95242102926561,29.534019073899675],[-89.95171149493844,29.531886657680232],[-89.9516619043415,29.5312457882858],[-89.95092708693066,29.53087972958158],[-89.95056136301557,29.530994018088407],[-89.95027716750072,29.531314453700045],[-89.94935401200235,29.531543335211648],[-89.94856818375811,29.53106268367357],[-89.94859870132493,29.53090246676823],[-89.94943602818778,29.53090246676823],[-89.95071967311809,29.530330261128096],[-89.950954278036,29.529529173733895],[-89.95087226095224,29.528956969704318],[-89.95013983844996,29.527602751991243],[-89.94961722556711,29.525130827861133],[-89.94927771718694,29.52462728766529],[-89.94885969515263,29.52458168539958],[-89.94820387918115,29.524947722341107],[-89.94652732012872,29.525039275142543],[-89.94653113437543,29.524032195241652],[-89.9469736399928,29.524535735272693],[-89.94752295619578,29.524535735272693],[-89.94928969981451,29.52304734555889],[-89.9500564460455,29.522772933980328],[-89.95213111058406,29.522750455265147],[-89.95236599847131,29.521867379479765],[-89.95355923245982,29.522132543079486],[-89.9547259508761,29.521456377301863],[-89.95626581419006,29.520997883352354],[-89.95665423583745,29.519994456753693],[-89.95856174635952,29.5186294237134],[-89.96076504335855,29.519088138673865],[-89.96134742205557,29.51819189110708],[-89.96111091091262,29.518077450555314],[-89.96048529989426,29.518146115527266],[-89.95947362889936,29.518544921613735],[-89.95933135372466,29.518169003319755],[-89.95878245883156,29.517802934037455],[-89.95755492087729,29.517847560649955],[-89.95705207182901,29.51741369327209],[-89.95773108858934,29.517276363851117],[-89.95778449433129,29.516242581018037],[-89.9585989321207,29.515212612660815],[-89.9595411624458,29.515212612660815],[-89.95899756851118,29.51596029302981],[-89.9590166415413,29.51649816601137],[-89.95996077898972,29.516769008837546],[-89.96014388528904,29.517161923045748],[-89.96040519173047,29.517322139824312],[-89.96147902973627,29.517322139824312],[-89.96210529562649,29.51770676646599],[-89.96236855680196,29.51763907287093],[-89.96236976144274,29.517249661060234],[-89.96192344157869,29.516311244889824],[-89.96220954331858,29.51512105956706],[-89.9627893779867,29.514983730161966],[-89.96324940075212,29.51546029457526],[-89.96354659578748,29.51621969278984],[-89.96489827282916,29.517475715647727],[-89.9662316664599,29.52046075032092],[-89.96661170592736,29.520892697304795],[-89.96694739916252,29.520389157903363],[-89.96690566523105,29.518268146432423],[-89.96738426335993,29.518542243473135],[-89.96805175383685,29.5195384795169],[-89.9678002093876,29.516394448842266],[-89.96941169448084,29.516975002368437],[-89.96979536314207,29.515952045771943],[-89.96977790528283,29.51491506538951],[-89.96858485814388,29.513784008326766],[-89.96762641592285,29.513267115637717],[-89.9673937190266,29.511661127595367],[-89.96647437597831,29.51019628398938],[-89.96545966688115,29.509444788166576],[-89.96610816517632,29.509418086436572],[-89.96702369128298,29.508182123622788],[-89.96854575807282,29.50692327258859],[-89.9689119688748,29.50627858935313],[-89.96880397071641,29.50495336276539],[-89.96900306523115,29.504414373761595],[-89.970487522255,29.50573697739684],[-89.97169801198181,29.50438950407255],[-89.971831968757,29.503900781780363],[-89.97117152197022,29.503803208571128],[-89.96941414957652,29.504062899832533],[-89.9692316361653,29.502827474434707],[-89.96969706678873,29.50205577047925],[-89.96932137876048,29.501562705519778],[-89.96908136059469,29.500587630002734],[-89.96822445225526,29.499803160827348],[-89.96837090998592,29.498247646892633],[-89.96806062290364,29.4960649773267],[-89.96999972178436,29.496547777161023],[-89.97014762759927,29.4955467783363],[-89.96846927101795,29.494804052190293],[-89.96674140468808,29.49528462886599],[-89.96514495379944,29.495032859118247],[-89.9644072662713,29.494712665167686],[-89.96554990265143,29.493470038523327],[-89.9673812288509,29.492960064442194],[-89.96714647391431,29.49225731343565],[-89.96580163215361,29.491453040174978],[-89.96495577848209,29.49013609569886],[-89.9646729924239,29.489120491035994],[-89.96412321269024,29.488408329293588],[-89.9633423629093,29.488523733893906],[-89.96310405513577,29.48821489353883],[-89.96229557138007,29.48788401384072],[-89.96221095906346,29.487474375819247],[-89.96242373941155,29.48603511921862],[-89.96196475599692,29.48544053419172],[-89.96062386233187,29.48524236030252],[-89.95956588587906,29.486058936984673],[-89.95871805591389,29.485962943353687],[-89.95794280263719,29.48518712286864],[-89.95712836484776,29.484962055760672],[-89.95684226131125,29.484637805950037],[-89.95610984060559,29.482760975830963],[-89.95608313728545,29.482234547150163],[-89.95626624268645,29.48195988966245],[-89.95692046504664,29.481616565974033],[-89.95859702320072,29.481273243468554],[-89.95859320805572,29.480952808967107],[-89.95830901433749,29.48058659809654],[-89.95864661379767,29.48024327523003],[-89.96003516398684,29.480426380277947],[-89.9611872048297,29.48024327523003],[-89.96134360691056,29.48047215727023],[-89.96140082689921,29.48120457929712],[-89.96126540497181,29.48182255907546],[-89.96061118350997,29.48269231032151],[-89.96045478142909,29.483356068447343],[-89.96079810495428,29.484042713822703],[-89.9611872048297,29.48411137841716],[-89.96145041749617,29.483310291193693],[-89.96199591945245,29.482806751768752],[-89.96233491848784,29.481224765814506],[-89.9613676539124,29.479261789998922],[-89.96162369442962,29.477896241453283],[-89.96284699862396,29.474937552781018],[-89.96290389701576,29.473628902450603],[-89.96409875246336,29.47220645608268],[-89.96504039259533,29.471825075060583],[-89.96361716563955,29.470851487869588],[-89.9632776581577,29.470805712007113],[-89.9623354278326,29.471286364179853],[-89.96212561821316,29.471881456125708],[-89.96124060877503,29.473006792697788],[-89.96084578752955,29.473853655314063],[-89.95995887006977,29.4741283136527],[-89.9599054643278,29.47476918256188],[-89.95969374938166,29.475043840766197],[-89.95861957810088,29.475158394079603],[-89.9580972975947,29.475478717080676],[-89.95822890437708,29.47728688306703],[-89.95778449343298,29.477885791260434],[-89.95610984060559,29.478183337851],[-89.95522101602245,29.479030201015195],[-89.95493109823923,29.479030201015195],[-89.95516123673356,29.47784048075086],[-89.95570745644375,29.477239640676913],[-89.95625367615393,29.477112189341682],[-89.95621726024895,29.476292858966264],[-89.95696376025005,29.47520042119821],[-89.95694555319588,29.474472128808124],[-89.95524390329925,29.474814959763],[-89.95477088101335,29.473990984967404],[-89.95477088101335,29.473556109309357],[-89.954997370551,29.47286988480742],[-89.95583490672131,29.47286988480742],[-89.95798337055541,29.474162604346144],[-89.95973127201106,29.473088373476948],[-89.95985872318694,29.472596773894903],[-89.96066780432231,29.47253643284656],[-89.96126349784846,29.47199589726618],[-89.96131499467045,29.47160679795649],[-89.9605841208637,29.471309461210335],[-89.96011145790393,29.47158390980736],[-89.9597147286368,29.47160679795649],[-89.95935233297982,29.470759934559833],[-89.95956023367928,29.47053105405205],[-89.96387847297929,29.469890183378986],[-89.96429808952324,29.46956974965175],[-89.96377329553087,29.46837267847922],[-89.96408281994348,29.46751693464804],[-89.966486683796,29.468020908229292],[-89.97041370050158,29.471356284825685],[-89.97117981342029,29.470984610883118],[-89.97025645220772,29.470536680344328],[-89.96941679960662,29.46896055081666],[-89.96890239912209,29.468466257229956],[-89.9684026241087,29.467006012657354],[-89.96896853039836,29.46655267500953],[-89.96874870276686,29.46535423939604],[-89.97031698338651,29.46534351416798],[-89.97105322372876,29.46498638211771],[-89.96991787358387,29.464435550241294],[-89.97082846973625,29.463487779225677],[-89.97198276984206,29.46424461378498],[-89.97197198017716,29.464778142170882],[-89.97325076342516,29.464157700364577],[-89.97252162785848,29.463457185206565],[-89.97321839263388,29.4626906118003],[-89.97397910847437,29.462298673577287],[-89.97440282672589,29.463172097091185],[-89.97557054766203,29.463184795100727],[-89.97645180124395,29.46184061261171],[-89.97722580855739,29.463436064409386],[-89.97746134053666,29.46328661376071]],[[-90.43814659192032,30.21582004899992],[-90.4430103322783,30.212581370072645],[-90.4481868785946,30.205877037996114],[-90.45431809061449,30.19965236465566],[-90.45679283603452,30.194280355734783],[-90.45831871527444,30.190313069531133],[-90.46240807282321,30.187078205586364],[-90.4717750641072,30.18098041023512],[-90.48272365533157,30.175303090466333],[-90.49486924718046,30.17246981872663],[-90.5033760243248,30.17084857111756],[-90.51634027784155,30.17044421243181],[-90.52444269542873,30.169635497073116],[-90.53619196584562,30.169635496296525],[-90.5438900265706,30.16801424866311],[-90.56090548888093,30.169635495519884],[-90.57347779486282,30.172476833052496],[-90.58270839763217,30.1776787858538],[-90.59007839541204,30.18462344330808],[-90.5941296042056,30.191512787048907],[-90.5957489441677,30.200019564174287],[-90.59412197571223,30.205327717318713],[-90.59096445228577,30.207185317203464],[-90.58926669209434,30.20812222593329],[-90.583189585604,30.207311945056997],[-90.57672695183814,30.210698812085063],[-90.57550624916485,30.214299887828258],[-90.57468227396208,30.21744129144729],[-90.5714405137148,30.221896999962862],[-90.57184565300962,30.226353544395987],[-90.57752040947409,30.229594918764437],[-90.57871231485431,30.231453080311294],[-90.58118252108721,30.23529598534696],[-90.58399986778691,30.242154019316214],[-90.58562282975623,30.24701473749478],[-90.58562282975623,30.254712798556426],[-90.5839901399307,30.260930756352582],[-90.57752041127073,30.274566394754405],[-90.57300380958293,30.27948544834965],[-90.56128505673288,30.290105568930784],[-90.56031714267549,30.29389935260902],[-90.5617005931288,30.29704874143805],[-90.56333770895374,30.300089097614485],[-90.56374284914686,30.302114799166244],[-90.5613120061914,30.30333022048293],[-90.5579891577184,30.302129496495],[-90.55483058775462,30.300494898824617],[-90.55109218491938,30.30011533618316],[-90.5479412425507,30.300494899600213],[-90.53902931982333,30.304140487560566],[-90.53449061508799,30.30792783804931],[-90.53009608546417,30.31189512447299],[-90.52444422885293,30.317915275688925],[-90.51148035712018,30.328923937889115],[-90.50842859953863,30.330510852064418],[-90.50421717262087,30.33173155567072],[-90.50175636546078,30.334120893286684],[-90.49648954025504,30.337362016319815],[-90.49243813652704,30.34060313982197],[-90.48352624883395,30.343877554743234],[-90.47785308148923,30.344654543887664],[-90.47511102528843,30.34201216782211],[-90.47751295596646,30.344252576997874],[-90.47509719752127,30.341399691858992],[-90.47500421380452,30.34160208771192],[-90.46771813843516,30.334111928129563],[-90.45722008825838,30.330877064744023],[-90.44503594161581,30.325614688969917],[-90.44179429635292,30.32480237092097],[-90.43571854182709,30.32601904771362],[-90.43121910514775,30.321477650145155],[-90.4243831665841,30.3195245242903],[-90.41862873045226,30.313807439370017],[-90.4166927334542,30.311284777381506],[-90.42153739988375,30.30495047028995],[-90.42639732599501,30.30171179134799],[-90.42883110284819,30.29968618695185],[-90.42883110194987,30.29725240943069],[-90.42639732599501,30.29563497749744],[-90.42194175764428,30.294822447388952],[-90.4162712088886,30.29077123790448],[-90.41101646153184,30.289129010507143],[-90.40613364814376,30.289129010507143],[-90.40249442470578,30.287936917562448],[-90.40203529576407,30.285318624261762],[-90.40178489217524,30.285409680269986],[-90.40131186809272,30.280889263303635],[-90.40411948693622,30.275090921976876],[-90.4075984904534,30.272527445055605],[-90.41620444968994,30.268132912049822],[-90.42153739808711,30.263221488370572],[-90.42798423857197,30.255498632011225],[-90.42920494124526,30.246282320677857],[-90.42999839798289,30.24310849225895],[-90.42999839798289,30.23413632170062],[-90.43814659192032,30.21582004899992]]],[[[-91.23217600644709,29.373805528512822],[-91.23217219130207,29.374125963044037],[-91.2323820009215,29.37433195664182],[-91.23324412218453,29.374606614906558],[-91.23441914822055,29.37473230676459],[-91.23452585999146,29.37437773294026],[-91.23394602711997,29.374080186632373],[-91.23397654378849,29.373897080779813],[-91.23452585999146,29.373805528512822],[-91.23541736874068,29.374079884462233],[-91.235861005337,29.37391996981222],[-91.2385808848284,29.371982102488417],[-91.23954600332861,29.37159300274957],[-91.24917811709736,29.369845871127303],[-91.24957103121947,29.369685654688613],[-91.24971408074195,29.369296555566983],[-91.2497999120724,29.367831710543438],[-91.25060862849178,29.367709639564897],[-91.25090617566671,29.368739608804965],[-91.25142497340454,29.368762497431305],[-91.25297183369622,29.367572311007052],[-91.25619143969196,29.364524367253832],[-91.25744838309876,29.363585952144927],[-91.25875682422584,29.36308241159149],[-91.26042766190821,29.362967970636443],[-91.26152438719083,29.362479689140223],[-91.26492900660921,29.361953260011315],[-91.26665897140359,29.361197950230792],[-91.26733989438894,29.360625746108152],[-91.26919383747232,29.35847044120354],[-91.27001018238508,29.357211590821116],[-91.27108402218751,29.353774547336013],[-91.27171153853259,29.352305889026773],[-91.27357311100766,29.345958231365625],[-91.27437801228201,29.34485578299884],[-91.27522106051492,29.34424161722349],[-91.27624149188044,29.34279584674265],[-91.27642459817974,29.34169721375425],[-91.27585048577998,29.33999967273285],[-91.27564067795717,29.336883064751127],[-91.27621860370532,29.333404059591082],[-91.27635021048769,29.33120297917838],[-91.276716422188,29.329802984568246],[-91.27747173286541,29.328429693452755],[-91.27868099190029,29.326964849001197],[-91.28095645865096,29.325290196815775],[-91.28383274112151,29.324191563154535],[-91.28704662395056,29.321994297143274],[-91.28780956401968,29.32169293546868],[-91.28979892992876,29.32134961375283],[-91.29097576427347,29.320800296760794],[-91.29113407437599,29.32013653944903],[-91.29086895189123,29.319541446337123],[-91.28977413373197,29.318210116934445],[-91.28935070294133,29.3171114837794],[-91.28938121960985,29.315848818736455],[-91.2897207270917,29.314521304294555],[-91.291263774035,29.311839570174644],[-91.29189129127842,29.311336030100655],[-91.29518718939461,29.309710968632796],[-91.30274601574212,29.308379639431546],[-91.30345173402596,29.308333863249786],[-91.3054410981384,29.308841217264128],[-91.30708760135805,29.308978425216498],[-91.30760784807843,29.308841217264128],[-91.30765743867538,29.30749081424581],[-91.30811138793115,29.306849944952305],[-91.30938549724472,29.305678832298458],[-91.31356735162333,29.305907635137338],[-91.31568928641047,29.30579327334111],[-91.31637020939584,29.30593060210962],[-91.31846447876715,29.30744122281889],[-91.31945630058752,29.30773876945216],[-91.32102604815601,29.307303893732765],[-91.32256909420101,29.307624328240752],[-91.32298680451994,29.307532775179208],[-91.32369061568042,29.306819427564932],[-91.32479115700636,29.306704986106098],[-91.32583638367034,29.306933868112164],[-91.3280851488975,29.307849395704032],[-91.32913228178653,29.30778073028367],[-91.32962819404419,29.307986724056196],[-91.3301012172284,29.308558929148486],[-91.33031293217456,29.309295165804905],[-91.33046681448104,29.309386359307833],[-91.33080693551223,29.309295165804905],[-91.33172246251719,29.308169830066067],[-91.33234998065892,29.307963836663085],[-91.33337232004611,29.307940948481576],[-91.33454724726747,29.308536040317062],[-91.33535746117839,29.308673301162578],[-91.33684751021491,29.308604705229296],[-91.33791944109734,29.30878781169718],[-91.33873006374175,29.309062469608097],[-91.34037610612565,29.310142028750416],[-91.34126874495549,29.31103466749282],[-91.3415834589355,29.311767089620815],[-91.34200116745778,29.31389950596238],[-91.34242078490004,29.31447171080091],[-91.34490415324848,29.315570343399028],[-91.34623739057236,29.31635235690697],[-91.34723111861773,29.317130554636595],[-91.3484098609841,29.3184351821992],[-91.3493520913092,29.320086946335056],[-91.34992811083232,29.322585574197713],[-91.34977552299816,29.323592654392712],[-91.34985181691523,29.325057497152823],[-91.34966871241255,29.325286379503613],[-91.34864828014871,29.32560681471501],[-91.34799787383187,29.32599972881253],[-91.34776136268891,29.326297274586008],[-91.34776136268891,29.327052584611337],[-91.34799787383187,29.327533236950735],[-91.35045453975847,29.32982587019507],[-91.35147687824735,29.330375186352008],[-91.35275861785094,29.331428043968373],[-91.35304511844281,29.33147327959501],[-91.35314771682803,29.330695621237766],[-91.35285779994314,29.329204074298218],[-91.35275098756092,29.326156130885078],[-91.35217878318281,29.323775759028088],[-91.35108014987854,29.322009553569107],[-91.34992811083232,29.31971692007043],[-91.34718311085231,29.315499454758427],[-91.34610578378995,29.314013947186766],[-91.34255048455907,29.309886443605883],[-91.34165784483092,29.30862759326203],[-91.33820172769224,29.302737700014962],[-91.33495923352139,29.29875134056977],[-91.33252927091489,29.29641293104766],[-91.32562466692755,29.291121943637805],[-91.3218061541319,29.287528499290286],[-91.32065792933236,29.285991176085478],[-91.31534405486363,29.27996395269259],[-91.31260510234213,29.277923089755767],[-91.30553259873662,29.268973744368846],[-91.30353184129142,29.266993979179347],[-91.30274792017053,29.265937308215914],[-91.29712505488844,29.260940054117913],[-91.29092998432995,29.256057240665058],[-91.28437251811448,29.25186488766951],[-91.28172893164187,29.249679065156567],[-91.27982158281654,29.24828288587683],[-91.27885265006961,29.247756457688872],[-91.27809784244877,29.247573473835203],[-91.27704448243819,29.24765346087644],[-91.2757474849495,29.246882891599803],[-91.2731840084373,29.245830035353404],[-91.27151126273326,29.24491069368007],[-91.26720065372328,29.243487810998822],[-91.26405924966627,29.242755389248664],[-91.26113719084549,29.2418589354848],[-91.25572794853122,29.239749406633255],[-91.25518244747326,29.239383195970056],[-91.24833124832956,29.237140153621517],[-91.2461072784009,29.236247514428978],[-91.24425333621583,29.235698198354758],[-91.23999422492615,29.234988664583724],[-91.23309152806216,29.231967423883354],[-91.22653406184669,29.228667710303007],[-91.21908395590307,29.226035569361738],[-91.21615808193724,29.225188705593634],[-91.19778840214957,29.220881912315583],[-91.18796364736309,29.220286819711255],[-91.17899203877161,29.222246239486367],[-91.1730146677357,29.223888866774473],[-91.16787170313964,29.22476643527862],[-91.15478660825087,29.222785228954717],[-91.1504407466542,29.221884238186444],[-91.14228991705973,29.21930864379859],[-91.13655309060239,29.218203820582836],[-91.13100447916338,29.219424699388465],[-91.13097968386491,29.22073314125262],[-91.1313458955652,29.222060655788283],[-91.13213172291111,29.22362086720985],[-91.13343634979152,29.22515819047702],[-91.134267954386,29.2265314816697],[-91.1348172714873,29.228801226934593],[-91.13520636956609,29.229510761254335],[-91.13693061388875,29.230727649942036],[-91.1377393294098,29.231574512586757],[-91.13815894685206,29.23283717814677],[-91.13823714789248,29.23372981728813],[-91.13763633307089,29.234920003506666],[-91.13638129678746,29.236319997604653],[-91.13528266258486,29.238036611090486],[-91.13462844381796,29.239890554524578],[-91.13423743681919,29.242846946271207],[-91.1344434312936,29.24660442340668],[-91.13459792625112,29.247409325066094],[-91.13567176425691,29.24905727496106],[-91.13585486965792,29.250689964936896],[-91.1360627712557,29.251063805095605],[-91.13739600768125,29.2511324702338],[-91.13914511467601,29.25191394411829],[-91.13998237236859,29.25168560112277],[-91.14032378877042,29.250701408779758],[-91.14102950795257,29.250701408779758],[-91.14126601909551,29.250976066893966],[-91.14134803528096,29.251960258945957],[-91.14098182447897,29.25244091130131],[-91.14060798428527,29.25250957551521],[-91.1400631650486,29.252166680350175],[-91.13956466384631,29.252234918383067],[-91.13919845214602,29.25250957551521],[-91.13901534764332,29.253104669708442],[-91.13924995166292,29.25363491152955],[-91.13953931159236,29.25376816987452],[-91.14176002243317,29.252967339682147],[-91.14356819006461,29.252627831095328],[-91.1443482951422,29.252971154211703],[-91.14479652212961,29.253703576509515],[-91.14507626649224,29.253703576509515],[-91.14625373774248,29.25283382478993],[-91.14625373774248,29.252513390061775],[-91.1459943384244,29.252055626998516],[-91.14601722659953,29.24968288451137],[-91.14648834176207,29.248534659965877],[-91.1466733533881,29.247275809974457],[-91.14742866586215,29.24613140063368],[-91.14742866586215,29.24585674283876],[-91.14656654190419,29.24528072211143],[-91.14654174660572,29.24470851846586],[-91.14630714258611,29.244502524088],[-91.14628234728765,29.244204978272776],[-91.14706245236522,29.243220786084393],[-91.14887062089495,29.242625693189677],[-91.14957443205545,29.24269435772003],[-91.15291562951647,29.243655063735645],[-91.15351692224178,29.24340389059276],[-91.15440921162697,29.243541105692167],[-91.15534797715002,29.24347255616865],[-91.1565259155242,29.2440481818381],[-91.15767494341759,29.243682363576475],[-91.15921608233926,29.242560842747103],[-91.16060272450677,29.242007711127332],[-91.16164795206909,29.241755941358495],[-91.1641046179957,29.241759756306028],[-91.1649667392587,29.241599539362685],[-91.16564766314238,29.24116084778449],[-91.16637817762299,29.24022243303883],[-91.16656319014733,29.23951289848963],[-91.16768471252504,29.238116719246698],[-91.16802612802857,29.236442066659873],[-91.16781822553247,29.236121631552074],[-91.16739763970632,29.236076160852615],[-91.16564766314238,29.23667094927344],[-91.16431251869516,29.23683116609298],[-91.1637097958519,29.236556508422563],[-91.16334930731828,29.236167408729365],[-91.16311279617534,29.23522899288453],[-91.1651250484629,29.23504588786128],[-91.1669808986696,29.234607196414505],[-91.1684972422928,29.234771228536427],[-91.16954056183344,29.235206104872532],[-91.17027298433572,29.23575542045182],[-91.17095200019776,29.236628986676216],[-91.17158333348448,29.23784206110631],[-91.1717893270606,29.23871181249139],[-91.17173782844199,29.239901997223637],[-91.17150131819737,29.240405537424774],[-91.17087380005563,29.241439320600932],[-91.1695157674333,29.242766836330436],[-91.16901985607396,29.244533041277275],[-91.16812912436745,29.246386985386128],[-91.16556564785525,29.24895427632295],[-91.16617409206854,29.251418570953376],[-91.16531196990722,29.25308940925824],[-91.16452614256129,29.253959161156025],[-91.16290298835253,29.25529049034819],[-91.16235557927288,29.255427818823048],[-91.16041961910577,29.255336266004424],[-91.15981880428417,29.255103569933414],[-91.15772835005787,29.255584222410178],[-91.15694252361025,29.25561092578183],[-91.15608040055062,29.255424004385166],[-91.15537658759351,29.254989129318307],[-91.15365425129252,29.25737331565451],[-91.1546460740112,29.25817440210963],[-91.15543190135712,29.258151513743602],[-91.1567613244343,29.258586388688],[-91.15866790520005,29.25959707426774],[-91.15968910552346,29.259414178992074],[-91.16026321612661,29.259940607534585],[-91.16084114367138,29.26000927219992],[-91.1614438656163,29.260581476473764],[-91.1626187946343,29.26060436429602],[-91.16358772648289,29.262324793647082],[-91.1648637420215,29.26377056397978],[-91.16512886540455,29.26450298574135],[-91.16577927082308,29.265349849430322],[-91.1665345815005,29.26592205359874],[-91.16766182434992,29.26624248863444],[-91.16946352590794,29.267710690930343],[-91.1703244856493,29.26750515350132],[-91.17051140439865,29.27222393433651],[-91.17017051800285,29.27169786523954],[-91.1698056852165,29.27179287323258],[-91.16849533606775,29.27273128987211],[-91.16839424685222,29.273257718023643],[-91.1695157683316,29.274470792237892],[-91.1695157683316,29.275134549483866],[-91.16914955752964,29.276008115608928],[-91.16912285420949,29.27655743150669],[-91.16964546888897,29.277472959538542],[-91.17008988073138,29.279078946806898],[-91.1705857911924,29.279674039950102],[-91.17069069555296,29.280108915023742],[-91.17043129623488,29.2804522383287],[-91.17024819173221,29.28120754835975],[-91.1696988737326,29.281573759719755],[-91.16925255476684,29.282950866381412],[-91.1688367524696,29.28361462339396],[-91.16726509687942,29.285449493660817],[-91.16708199147843,29.28663967905718],[-91.16721169113747,29.28760098295013],[-91.16757790193945,29.288291442976696],[-91.16765610297988,29.290946472450695],[-91.16823402962633,29.29220913764936],[-91.1684400249991,29.293765534157988],[-91.16912094798444,29.294616212775473],[-91.16914955842793,29.294845094463792],[-91.16885964154304,29.296218385572313],[-91.16885964154304,29.29729794501724],[-91.16818062568103,29.299174776705],[-91.16807381240048,29.30094098179457],[-91.16757790193945,29.30197095127664],[-91.16768471521999,29.30352734783826],[-91.16734139169482,29.30440091401253],[-91.16752449799412,29.306071751074587],[-91.16689507183074,29.30728863902482],[-91.16631905230763,29.310565465421117],[-91.16608444918634,29.310885899872222],[-91.16542907338935,29.31107203834997],[-91.1650640169225,29.3120303095888],[-91.16393868029809,29.313384527480395],[-91.16380898153737,29.314025397255143],[-91.16354958132098,29.314345831024742],[-91.16127030032364,29.316016669769034],[-91.16038338196553,29.318240637964916],[-91.16051308162457,29.3192477179758],[-91.16254440873887,29.32262754067243],[-91.16231787159052,29.326773758444592],[-91.16200081480424,29.32683515250523],[-91.16202561100106,29.328391550477267],[-91.16260353674919,29.329421518583406],[-91.16349617647735,29.330203531636162],[-91.16555726118375,29.330455153220257],[-91.16760079280951,29.330157755064665],[-91.16908852509091,29.330592630489477],[-91.1704999634552,29.330203530852994],[-91.17188851274607,29.330386636150344],[-91.17421547901364,29.330409524778897],[-91.17596833198314,29.324130531694284],[-91.17588631669602,29.323260780270502],[-91.17617623358092,29.32296323425423],[-91.17795388364553,29.32248258230843],[-91.17970864463669,29.32152127788812],[-91.18070046555873,29.321200841590347],[-91.18046395351747,29.320464607026427],[-91.18169610162577,29.320601935633],[-91.18308083666994,29.318286414402266],[-91.18452088547774,29.317599768034587],[-91.18496529821846,29.317229742931474],[-91.18781678628886,29.314185613482426],[-91.19019143513172,29.313220494581486],[-91.19118897832212,29.31262540186206],[-91.19286172312785,29.312076085679166],[-91.19343774265097,29.311366551620676],[-91.19383065677307,29.310218326767927],[-91.19843400427627,29.312968288442622],[-91.19990365616593,29.312556736521785],[-91.20152108900466,29.313128941840315],[-91.20353524931389,29.31523846980997],[-91.20620553820832,29.316794866142637],[-91.20756357083069,29.31704663594549],[-91.20792958310498,29.317389773194357],[-91.20834749195159,29.31734418198727],[-91.209287814255,29.316863530980726],[-91.2099439419419,29.316886418727666],[-91.21056955296028,29.31713818908796],[-91.21122568154547,29.31757306284691],[-91.21258371416782,29.318881505435975],[-91.21389024817155,29.319636816330966],[-91.21441476907607,29.319659704239022],[-91.21828287336699,29.318923467168535],[-91.21831148381047,29.318671697297603],[-91.21786965821775,29.318557741429956],[-91.21674173534366,29.318831914061636],[-91.21558969629743,29.31755017603728],[-91.21595590709941,29.316131108618933],[-91.21661012766295,29.315925114836983],[-91.21681802926072,29.315280430691015],[-91.21721094338284,29.314845555776493],[-91.21807688068918,29.315188878231464],[-91.21799486360543,29.31539487114996],[-91.21723764490636,29.315719120639177],[-91.21705454040368,29.316199772337228],[-91.21778696200764,29.31681775390497],[-91.21773546338903,29.31748151166122],[-91.21904581253779,29.31809949329815],[-91.21907059885312,29.318740125114562],[-91.22683542686157,29.317294590648935],[-91.22688883260352,29.3169054911935],[-91.22827738189439,29.316722386758705],[-91.22848337636883,29.317706578533247],[-91.22756784936385,29.31793546092967],[-91.22712534374647,29.317962162889476],[-91.22699387440633,29.317779354855585],[-91.22495287333471,29.318122380767825],[-91.21459787447706,29.320117467587224],[-91.21439188090093,29.320300573761198],[-91.2143613633341,29.320804113457605],[-91.21459787447706,29.323005194307854],[-91.2151014152281,29.324428076655053],[-91.2158567250072,29.32536649290424],[-91.2166921447467,29.32589292073147],[-91.21687524924938,29.32641934897441],[-91.21765917037028,29.32740354117758],[-91.21912401447653,29.328708168146665],[-91.22019754705512,29.329188692075153],[-91.22105997374534,29.32912015535828],[-91.2239362562159,29.327632422962623],[-91.22430246791619,29.327655310642953],[-91.22425096839928,29.327998633846654],[-91.22286432623176,29.32912015535828],[-91.2214032963722,29.32981061572164],[-91.22108667706549,29.330108162907248],[-91.21987741713228,29.330440040592773],[-91.219701941123,29.330611702742086],[-91.21975534776327,29.33141278895139],[-91.22095697650812,29.333316323180338],[-91.22169321415541,29.33370542268578],[-91.22281473563481,29.33475827880684],[-91.22509211040713,29.338859079585465],[-91.22574633276732,29.3395266516359],[-91.2261659475146,29.340327739060072],[-91.2272645817172,29.340968607912004],[-91.22763079162087,29.34167814122617],[-91.22880762596557,29.34296369414651],[-91.2301713817546,29.34392499845965],[-91.23166483630432,29.345275401514087],[-91.23302286892667,29.347522259311237],[-91.23325938006963,29.348163128339383],[-91.2335740931513,29.350615978916444],[-91.23380869627259,29.351096630566097],[-91.23582476460349,29.352904797462195],[-91.23605936952141,29.353499890036026],[-91.23629778688941,29.35510587825261],[-91.23676890205194,29.356776716216988],[-91.23679560537208,29.35868025043685],[-91.23755473029618,29.358977796339296],[-91.23760813603815,29.359412672507304],[-91.23724192523616,29.3614764238704],[-91.23671931145499,29.36236906343149],[-91.23632830625286,29.36347151175574],[-91.23643320881679,29.3640666044463],[-91.23628062098263,29.366290572782876],[-91.23656481649749,29.367274765162897],[-91.23654002119902,29.368052963280704],[-91.2363340276229,29.36908674628529],[-91.23541468547292,29.370620255116034],[-91.23436755078727,29.371997361609083],[-91.23217600644709,29.373805528512822]]],[[[-89.94992506294363,29.263069673680523],[-89.95038990067899,29.26367630085605],[-89.95336897107929,29.265693209774405],[-89.95524722437085,29.266614500117193],[-89.95687658683656,29.267055055768132],[-89.95784170443848,29.266986391915786],[-89.95862371753769,29.26581909466886],[-89.95856520038178,29.26552480034129],[-89.95781500111835,29.264831087880143],[-89.9576853023576,29.26430465943609],[-89.95781500111835,29.26398422459655],[-89.95844061213671,29.26348068445658],[-89.95953924454267,29.263137361352065],[-89.96011144981908,29.262633820960133],[-89.96142022511945,29.2626794209203],[-89.96167547601755,29.262542269106337],[-89.9620950934598,29.262084504689433],[-89.96149960025797,29.261888599983344],[-89.96175169986604,29.261579699726695],[-89.96194665943553,29.26157346470662],[-89.96199400334592,29.26139785892397],[-89.96272168454016,29.261557175753975],[-89.96429045204667,29.259608765547924],[-89.96431524644684,29.25942566026037],[-89.96392424034637,29.25910904010672],[-89.96413214194415,29.258739013883808],[-89.96476011643004,29.259012659026958],[-89.9649179701884,29.25894500781064],[-89.96507437226927,29.25871612564408],[-89.9646032571067,29.25828125125141],[-89.96486456354813,29.257983703971366],[-89.96577818432806,29.2581439219054],[-89.96629889008756,29.25768615739314],[-89.96616919042852,29.25741150005349],[-89.96629889008756,29.25711395259434],[-89.96669371133302,29.257045288336297],[-89.9667185075298,29.256839294501827],[-89.96444494610587,29.255305786521856],[-89.9643686521888,29.25509979231908],[-89.96488745172326,29.254527587942185],[-89.96528418009207,29.254504698760076],[-89.96520788707332,29.254962463403764],[-89.96741584902362,29.25648738375082],[-89.967913267756,29.256230845353716],[-89.96890814295001,29.25537063594033],[-89.96896536383697,29.25516464186812],[-89.96765692270989,29.254111786202998],[-89.96763212741143,29.253951568222885],[-89.96812803787245,29.25358535665791],[-89.9693582779591,29.254264372618852],[-89.9698345323834,29.254988278178555],[-89.97135336523823,29.25456954868638],[-89.97175390875206,29.254638213822716],[-89.97176725951381,29.25446273798928],[-89.97224981921308,29.254386443782145],[-89.97236381991421,29.25450044382472],[-89.97317297560974,29.254031676460556],[-89.97511847229194,29.25344039825332],[-89.97495825506606,29.252780454993715],[-89.97453863852212,29.25235320954983],[-89.97491247781748,29.252162473910698],[-89.97574013251969,29.253237245312683],[-89.9760263708035,29.25328018157286],[-89.97606451776204,29.252948302301444],[-89.97651274474947,29.252727049116878],[-89.97656805761476,29.252406615621787],[-89.97694189780847,29.252078551214094],[-89.97681982754114,29.251838224859352],[-89.97707159746749,29.251700896267973],[-89.97721030273725,29.251887101839483],[-89.98007567247373,29.250232236822093],[-89.98006804398035,29.249667661172122],[-89.9810083671821,29.249118345019024],[-89.98374731970358,29.248290556042107],[-89.98406393990865,29.24797012119197],[-89.98408873520711,29.24767257527048],[-89.98380072544555,29.247146145510033],[-89.9839304251046,29.24691726515956],[-89.98583777303159,29.246047513747854],[-89.98748190919046,29.24483443937847],[-89.98813422263068,29.24508239458831],[-89.98842223239221,29.24503661826299],[-89.98826392228969,29.244372860028435],[-89.98951514522476,29.243800656009338],[-89.9901445686932,29.243114009784936],[-89.99160559855275,29.242450252405135],[-89.99228461441477,29.242358699730666],[-89.9931219403793,29.242011562121935],[-89.99397834027226,29.240844265162007],[-89.99465760676425,29.2408670351202],[-89.99515326749362,29.240478053713165],[-89.9958093942822,29.240432276895937],[-89.99685271561947,29.239814295698498],[-89.99808130011107,29.23992864119622],[-89.9989908542177,29.239581599598065],[-90.0000761349636,29.239558711775413],[-90.00045667748762,29.239973883650755],[-90.00066550704508,29.2395968589275],[-90.00091254015496,29.240652900586255],[-90.00131781958697,29.240394130055215],[-90.00201018710905,29.24024535677019],[-90.00207313026436,29.239528193886756],[-90.00235541775757,29.239917292562613],[-90.00289541214285,29.23992087634177],[-90.00298102877595,29.2394786023962],[-90.00314887539353,29.23951293454708],[-90.00335486807133,29.23921538833447],[-90.00308020996984,29.23892165631015],[-90.00319465174378,29.238696589087667],[-90.00337012775304,29.238658442383922],[-90.00379928081206,29.23897124728673],[-90.00364097070954,29.239203944774776],[-90.0045526834678,29.23892165631015],[-90.00467475373513,29.23879195617686],[-90.00433906049997,29.23834563730906],[-90.00443824259219,29.237773432514114],[-90.00609382238946,29.23768950899018],[-90.00720887150722,29.238154633343793],[-90.00633000025742,29.236969800981704],[-90.00768836525643,29.236308587428137],[-90.00751861151551,29.236026300385298],[-90.00773223448334,29.235866083873812],[-90.00762542389774,29.23554183335169],[-90.00643523699463,29.234416498248006],[-90.0060966700489,29.234280593349897],[-90.00552924650475,29.234984888578406],[-90.00532897519699,29.234771264595484],[-90.00630744535727,29.233626854961074],[-90.00607474935934,29.233165276804318],[-90.00610526602787,29.232818139372718],[-90.00631698187235,29.23278762182619],[-90.0064218862329,29.23319960872088],[-90.00671974152996,29.23347707236395],[-90.00726302734245,29.232135308465327],[-90.00749000107203,29.232577814035338],[-90.00742133654664,29.23356129879204],[-90.0081158528389,29.233507411759],[-90.00893179979799,29.232906601010885],[-90.00889420081178,29.232672500904354],[-90.00906589940529,29.232564900686242],[-90.00935550098151,29.232485300862983],[-90.00979982299239,29.23267692215221],[-90.01117939991022,29.231825200509512],[-90.01191440057735,29.231062200762846],[-90.01219870029679,29.230533200520775],[-90.01248300001623,29.230556600696833],[-90.01257419967882,29.230884300590645],[-90.01259030018365,29.230486399368665],[-90.01278880001367,29.230556600696833],[-90.01295509973232,29.231174500596964],[-90.01371150006617,29.23119790141034],[-90.013883099845,29.230636200451695],[-90.01430689984323,29.230444200626376],[-90.0150364998389,29.23046300152832],[-90.01592700067835,29.22972330106096],[-90.01626489927753,29.229255200210364],[-90.01628639955554,29.228698099727467],[-90.01603420023447,29.228314200632557],[-90.01659210073831,29.228468700702532],[-90.01694620045363,29.227897600941883],[-90.01682279978137,29.22771029966473],[-90.01782599966312,29.226844200545283],[-90.01770260078747,29.226619500316712],[-90.01801640028253,29.225952401361486],[-90.01866819988638,29.225872801101474],[-90.01910540005369,29.225617701356235],[-90.01982419960468,29.225053599853574],[-90.01988590038998,29.224454300389336],[-90.02014880044273,29.2242928020047],[-90.02049480004914,29.224248300531215],[-90.02097219982541,29.2246346004914],[-90.02121630083418,29.22443090038676],[-90.02150901686952,29.22463561181367],[-90.0218215129091,29.22444064202613],[-90.02096680095055,29.223761400747904],[-90.02113579920831,29.222878900211608],[-90.02181710038442,29.221170100706384],[-90.02295430016045,29.22010270090518],[-90.0232172002132,29.219409800833585],[-90.02362489970658,29.219250599490106],[-90.02402720032511,29.21880110014691],[-90.02481040009883,29.218543600159578],[-90.02535759987099,29.218894801703772],[-90.02551319975629,29.218730900168556],[-90.02540050071403,29.21847340157277],[-90.02554539986767,29.21823930140017],[-90.02503040020686,29.21771489986218],[-90.0255883007107,29.217340400062067],[-90.02592090104632,29.217321600671216],[-90.02613540076985,29.21668020051932],[-90.02701519997935,29.21585619956874],[-90.02724050014754,29.215917099696906],[-90.0277019000303,29.215715700659256],[-90.02812030025535,29.216057501893726],[-90.02955230824301,29.214446552394755],[-90.0300461004766,29.213281099685503],[-90.03140870013385,29.212124601872663],[-90.03176836042077,29.212348574923997],[-90.03286694791097,29.211353067352935],[-90.0326800004155,29.211192800478983],[-90.03339180119214,29.210555559915935],[-90.03440651208595,29.21000624402942],[-90.03445991782787,29.209731585766008],[-90.03407081885078,29.20943403926737],[-90.03414711276784,29.20913649268892],[-90.03519670524415,29.209382313030154],[-90.03568950034776,29.2090062004789],[-90.03550710012426,29.208823599788218],[-90.03573240029246,29.208594200946468],[-90.03556069990232,29.208261700854493],[-90.03589330113626,29.207929300832426],[-90.03563050079651,29.20772320031191],[-90.03644589978329,29.207241000316575],[-90.03702519995383,29.207479801218664],[-90.03731895444163,29.20721082250718],[-90.0373342922768,29.20691633846615],[-90.03760429171521,29.20661642441097],[-90.03745970068371,29.20635600043312],[-90.03771719916664,29.20607500146064],[-90.0375295006796,29.20587370147974],[-90.03797470034452,29.205377300245942],[-90.03832340028667,29.205204100955076],[-90.03936950101144,29.205494399593448],[-90.04036316347981,29.20416975594851],[-90.04059967372444,29.20405531485062],[-90.04038795787997,29.20393705883681],[-90.04065498748807,29.203601365550416],[-90.04093443181338,29.203734356552122],[-90.04185470910959,29.203475480186572],[-90.0421122013043,29.20355558950005],[-90.04236548848517,29.203898715699417],[-90.04323720106048,29.20339200138969],[-90.04450320038363,29.20159380016236],[-90.04457830043972,29.201041301206565],[-90.0443658192306,29.200494157407466],[-90.0423162886554,29.199256424836523],[-90.04115844649243,29.198909336382894],[-90.04012474341688,29.19982862995838],[-90.03827652260188,29.202369218293928],[-90.03634437757977,29.20363951276619],[-90.03548225721508,29.20441771083018],[-90.03394111829343,29.206321245507993],[-90.02903160158522,29.210784442365068],[-90.02616104138302,29.212752826946144],[-90.02203353777402,29.21607161376376],[-90.01950057703202,29.217605123156098],[-90.01696761808664,29.219436178087346],[-90.01286872671777,29.221679220206784],[-90.00681098521002,29.225501548516117],[-90.00040229348032,29.228724968471006],[-89.99959548328599,29.22891188846623],[-89.99692519439155,29.230079186659307],[-89.99475844534983,29.23120452318658],[-89.98643286648314,29.23612929870936],[-89.98400671991999,29.237849726567102],[-89.9800928383805,29.239799037185346],[-89.9741647974301,29.24339248355739],[-89.9685514704597,29.24649001796076],[-89.96594030777896,29.248069303757333],[-89.96300299107305,29.250232236822093],[-89.96060926740344,29.250232237605896],[-89.95835859595127,29.251906891045323],[-89.95633489822868,29.25388290419314],[-89.95507986194522,29.255618591479013],[-89.95198804938349,29.25899841435949],[-89.95076543868853,29.260806580980454],[-89.94988805774382,29.26239349511197],[-89.94990566652,29.262715265623513],[-89.94992506294363,29.263069673680523]]],[[[-89.36029253918466,29.828957341882095],[-89.35997741467457,29.829607953431186],[-89.35991447151925,29.830384896218817],[-89.36021201779586,29.830293342837333],[-89.36121146900791,29.82942549977056],[-89.36326052437437,29.828669538506233],[-89.36386521362977,29.828665884352098],[-89.36529488689604,29.82919499808477],[-89.36612536320652,29.829077710341117],[-89.37051170288989,29.82703559070555],[-89.37284629765087,29.825755759789995],[-89.37637107931492,29.82429282286667],[-89.37755038492497,29.82397364385785],[-89.37853019896491,29.823928518497063],[-89.3802968626336,29.82427119079021],[-89.38104665675685,29.8241332346587],[-89.38112419304397,29.823653860618574],[-89.38054435837586,29.823102636314903],[-89.37705447356564,29.82092570033712],[-89.37571360505342,29.82030771899358],[-89.37550132955853,29.81982199576392],[-89.37543894785024,29.818976390199975],[-89.37463157710718,29.81885878494721],[-89.3740536495624,29.81940745136199],[-89.37341197487012,29.819519046210058],[-89.37175528565346,29.81885975761345],[-89.37040107536265,29.819342601047264],[-89.36922099001495,29.819342601047264],[-89.36853625188458,29.819136607026184],[-89.36771934282983,29.818565054125855],[-89.36700980940095,29.817626637613103],[-89.36738364959466,29.816592854593658],[-89.36829917749793,29.81730048046403],[-89.36943997412838,29.817807059905043],[-89.37008476238145,29.817484992028238],[-89.37097765902777,29.816317545245067],[-89.37163378671465,29.81599711009405],[-89.37234275689983,29.816088663321846],[-89.37369695012265,29.816660306760976],[-89.37506645153621,29.81657378117259],[-89.37614830880257,29.816755818715087],[-89.37913670730877,29.816529480971347],[-89.37968223711283,29.816732091548367],[-89.38055198866587,29.817695302591698],[-89.3813626131069,29.819529521007333],[-89.38204735033895,29.82062880512741],[-89.38317650121006,29.821777029377618],[-89.38527458482808,29.82333277484982],[-89.38696068129387,29.82351653178598],[-89.38796776189766,29.82388464941324],[-89.39055412478837,29.82336012128631],[-89.39423912637322,29.822236700229432],[-89.3961006988483,29.822030705937472],[-89.39746692410604,29.82164286294038],[-89.4001467486172,29.821253763666668],[-89.40182656046929,29.821253763666668],[-89.40438897786777,29.821756996777363],[-89.40498131708465,29.821733159349478],[-89.40576480521757,29.821027673032994],[-89.40667504294215,29.821206730759307],[-89.40784481113883,29.821185098014865],[-89.40934207903695,29.820841776062437],[-89.41236331994995,29.819880472063485],[-89.41273143787528,29.81958292608927],[-89.41270226418813,29.81862227245905],[-89.41393822744145,29.817706745581166],[-89.4140449706534,29.817315989586852],[-89.41128757571911,29.8151616902272],[-89.4109837627951,29.815094901884972],[-89.41052788755134,29.815436999641005],[-89.41000145952347,29.816808384310598],[-89.40910500554862,29.817477212150045],[-89.40881516591882,29.817498291550145],[-89.40804454974561,29.81688233726967],[-89.40653008360138,29.81781672042111],[-89.40553063328763,29.81816450850938],[-89.40395425705063,29.818324432029566],[-89.40201348101527,29.819469135812536],[-89.400541006619,29.819949788607317],[-89.39973992048965,29.82003943343316],[-89.39920070494374,29.819949137052763],[-89.3975470322698,29.819029794798038],[-89.39615410459025,29.817886036057732],[-89.3954330862005,29.817497155978042],[-89.39502495371914,29.817542713686347],[-89.39470833441243,29.817908274320743],[-89.39476555440108,29.818275135969973],[-89.3962075094339,29.81889311740897],[-89.3966805326181,29.81935088036039],[-89.39662712687615,29.819945973583845],[-89.39575928244648,29.82049463870769],[-89.39512795095636,29.820677744635567],[-89.39199608341443,29.820996922478827],[-89.39129283459931,29.8206090793674],[-89.39047783356621,29.819327992418465],[-89.39047783356621,29.819030446358582],[-89.39103152725957,29.818572031155714],[-89.39129407517271,29.81804094155482],[-89.39053123930816,29.817287128696513],[-89.38937920026196,29.817126912023813],[-89.38701408703582,29.816394489901366],[-89.38499201975546,29.815154660738937],[-89.38413741469644,29.815040686936996],[-89.38298252170254,29.81535566774362],[-89.3814731732605,29.814559387788417],[-89.38109258312575,29.814514612811045],[-89.38041466051344,29.814763706931643],[-89.37999942056157,29.814536080983803],[-89.37963320886128,29.813872323853754],[-89.37963320886128,29.81318186314371],[-89.38023783792956,29.811900124504884],[-89.38034465031178,29.811099038281192],[-89.37993554405666,29.81061838580495],[-89.37956779623723,29.810619036640837],[-89.37829368692366,29.81114546486276],[-89.37755363502967,29.811212223106608],[-89.37621849058245,29.810432117169604],[-89.37554710411213,29.810226122717026],[-89.37506734446163,29.81014625116377],[-89.37431114175712,29.81031386116132],[-89.37394493005682,29.810496967028456],[-89.37394493005682,29.810771625200562],[-89.37463157620887,29.811801593057677],[-89.37442089612192,29.812050267587143],[-89.37412803635613,29.811942737723957],[-89.37378471193264,29.81132094161996],[-89.37296836791819,29.81045119098286],[-89.37254875047593,29.81024519734897],[-89.37167057272555,29.810177061955045],[-89.3706337722589,29.81061522282025],[-89.37026756145691,29.81123320327985],[-89.37026756145691,29.81185118459711],[-89.37157981862732,29.812352817321628],[-89.37373321511066,29.812376961743524],[-89.37389152431486,29.81244562643032],[-89.37383811947123,29.812812488638453],[-89.37144801691053,29.81283447471616],[-89.37014823194953,29.812287389548867],[-89.36808555363181,29.813319843741983],[-89.36654311664456,29.813844517302805],[-89.36482836481953,29.813754068016696],[-89.36157004862157,29.813296955978196],[-89.3610207333169,29.813090961971163],[-89.36038749290684,29.8122650798869],[-89.35936380963997,29.810343728770874],[-89.35911338449158,29.81016127424146],[-89.35822074386512,29.81016127424146],[-89.35529105655091,29.81137369713802],[-89.35497825059257,29.811765354779777],[-89.35466163128585,29.813208566214534],[-89.35442893528791,29.813621205694876],[-89.35334937501375,29.814513193498367],[-89.35088126544872,29.814677876496734],[-89.35085456212859,29.815089212976186],[-89.35143248877505,29.815272318672417],[-89.35145728407355,29.815615641046435],[-89.34988181423667,29.815890950769024],[-89.34912078218922,29.816187846020522],[-89.34791728854182,29.817123379033024],[-89.34722678412564,29.816966695094276],[-89.34693686724074,29.816644354059374],[-89.34670035519947,29.814973515823525],[-89.3462567338745,29.81433414794489],[-89.34418131115784,29.81357859241162],[-89.34383933151233,29.813281697985676],[-89.34363008603489,29.812201486060005],[-89.34327387438033,29.811885534274488],[-89.34268157109607,29.81190394061482],[-89.3425518705387,29.812663065333513],[-89.3438126281922,29.814539896993082],[-89.34412924839724,29.81589095154845],[-89.34518210535126,29.818252248561148],[-89.34591643497689,29.818823802470554],[-89.34599463601731,29.819121349145504],[-89.34567992383394,29.819807995115795],[-89.34586302923493,29.82028864706064],[-89.34802024176157,29.820998831139576],[-89.34866163797614,29.82154688024639],[-89.3502476809839,29.821296184293807],[-89.352536845246,29.821410168110155],[-89.3570057634602,29.822325695361997],[-89.35900275786267,29.823126781258114],[-89.36008231723851,29.824020072254374],[-89.3605553404227,29.824912711537902],[-89.3605553404227,29.827090904218014],[-89.36029253918466,29.828957341882095]]],[[[-89.38821954080717,30.053746912599166],[-89.38904733205328,30.0539503477479],[-89.38952035433917,30.05445388796756],[-89.38986367786434,30.054431000396743],[-89.39053029607713,30.054080047652],[-89.39128655896874,30.053355254499383],[-89.39288889472081,30.05303538586164],[-89.39331407093805,30.052805938248554],[-89.39344567861873,30.051547088386123],[-89.39431543107008,30.050561640404307],[-89.39507837024088,30.050219573234273],[-89.39618463114023,30.05024246100082],[-89.3969742745295,30.04962448089398],[-89.39739579909511,30.049532927669567],[-89.40166253797986,30.051274988080912],[-89.40131921625131,30.051593514894847],[-89.40126591022235,30.05191716322698],[-89.40305681133572,30.05260375960405],[-89.40315790055128,30.052489969592674],[-89.40287179701474,30.051940002392744],[-89.40282029929445,30.051459350094067],[-89.40358323936357,30.049853361251884],[-89.40395326441225,30.049510039739054],[-89.40543074511962,30.049348643715813],[-89.40598077727988,30.049143828243395],[-89.4076134680037,30.048251189194055],[-89.4076134680037,30.047977180964978],[-89.40642900426728,30.04628280491467],[-89.40650720530772,30.04467681611745],[-89.40629381590186,30.04440120311111],[-89.40566797132153,30.04431125627963],[-89.40390558004034,30.045020790468705],[-89.40244836622409,30.045020790468705],[-89.40253228863457,30.044173926043253],[-89.40224237174968,30.04376194041267],[-89.40111131465353,30.04344085413898],[-89.40032097057836,30.043624330248587],[-89.39871568386059,30.044470823784454],[-89.39689798061241,30.045020139608607],[-89.39463395660184,30.045203244983995],[-89.39442224075736,30.04533675962525],[-89.3941590271926,30.046278989227584],[-89.39379090836894,30.046645201206843],[-89.39276666185842,30.047124597726707],[-89.39286775197228,30.047629393468927],[-89.3925797413124,30.047789610358517],[-89.39265603522949,30.0484533673932],[-89.39239282166473,30.04852268351621],[-89.39213151432499,30.048110045692976],[-89.39226301330953,30.046920462717093],[-89.39036340167375,30.046069833051625],[-89.38981408547077,30.04600051754487],[-89.38939446802853,30.044147224993253],[-89.38920960372619,30.04387213540679],[-89.3885247173738,30.04364368447187],[-89.38976449397552,30.041029966165173],[-89.39000100511845,30.040778196467567],[-89.39087075667149,30.040526426130125],[-89.39084405424967,30.03993133310188],[-89.3898961016562,30.03800491044544],[-89.38997430269664,30.03649303347479],[-89.38981980684082,30.035349879663954],[-89.38958329569788,30.035006557658356],[-89.38937157985339,30.03491500492264],[-89.38797540206915,30.03525897894737],[-89.38660973825846,30.035350532142992],[-89.38547295799565,30.035716741746555],[-89.3833443568108,30.035735815993142],[-89.38097161509128,30.03548404606379],[-89.37873620152419,30.03488895308179],[-89.37691849647939,30.034106288787193],[-89.37636727315306,30.033579860841176],[-89.37612694596679,30.033008306889254],[-89.37578944801623,30.03284836006831],[-89.3737579610018,30.033210360655115],[-89.37339180948864,30.035040890301243],[-89.37255066748075,30.03657821402321],[-89.37247246644033,30.03710529250731],[-89.37278717952204,30.03772262281814],[-89.37415835898855,30.03898191744492],[-89.37505120263428,30.039214821102146],[-89.37591332479559,30.03967067748631],[-89.37725800575787,30.040797269739812],[-89.37767953032348,30.04072860532036],[-89.37836426845385,30.040225064531356],[-89.37902230326408,30.0401106241818],[-89.37965363655081,30.040225064531356],[-89.38020867412385,30.041070671827974],[-89.38010186174162,30.041690559964938],[-89.38020485987715,30.043753660308514],[-89.37991494299224,30.044508970458683],[-89.37843865524758,30.046134032666757],[-89.37770051137525,30.04720977691073],[-89.37577790376652,30.04915908743917],[-89.37369317180855,30.049957010867328],[-89.3731381324389,30.049933471429373],[-89.37253159534897,30.049635925235464],[-89.37215966227862,30.049110148210392],[-89.37024468316326,30.049705240530802],[-89.36808524550965,30.04947651845605],[-89.36795014158588,30.049544372799204],[-89.36797875292768,30.04986355056467],[-89.36837372958168,30.050207954006986],[-89.36971443999042,30.050093688479723],[-89.37095421749044,30.050529215847295],[-89.37150544081676,30.050871887670823],[-89.3725335024723,30.052016296971452],[-89.37408608323574,30.051604308969534],[-89.37505120263428,30.05176899271864],[-89.37505120263428,30.052982066286905],[-89.37427109755671,30.0527944950509],[-89.37116312879458,30.053073269536554],[-89.37082451872972,30.053188060357627],[-89.37069388751772,30.053621705680676],[-89.37137574205605,30.05348495518292],[-89.37442940765924,30.053828278466845],[-89.37551850444844,30.05424408037221],[-89.37804002065374,30.05396942237155],[-89.3821236541375,30.05445263224591],[-89.38298577719716,30.053901408554136],[-89.38425355787953,30.05401901311026],[-89.38574571077042,30.053267517809292],[-89.38673180942409,30.0532637031688],[-89.38720483260832,30.05369857823296],[-89.38766068808911,30.053469695876156],[-89.3880993785615,30.053515473011895],[-89.38821954080717,30.053746912599166]]],[[[-89.23765530016465,29.88867092890067],[-89.23763050396786,29.88947266556609],[-89.237287181341,29.890689554872317],[-89.2353950912991,29.893439952525615],[-89.23421253558436,29.89467591420683],[-89.23429264374815,29.895430573476407],[-89.23463349600796,29.895956132553444],[-89.23488233383324,29.896023733593598],[-89.2353950912991,29.89552277736531],[-89.23652862055891,29.894995698149604],[-89.2372642931659,29.894262020124597],[-89.23742125938874,29.891970642173888],[-89.23834060153871,29.890112884979487],[-89.23941578252585,29.888875665753364],[-89.23932617288133,29.888512819792606],[-89.2388327965677,29.888620214259667],[-89.23868201614393,29.888487822257613],[-89.23865284335506,29.88800782257371],[-89.238889354498,29.887572946014288],[-89.23941578252585,29.887160959429295],[-89.23983539996811,29.88718194000549],[-89.24032396310844,29.887728698278018],[-89.24172939803168,29.887637145301472],[-89.24326891010436,29.888415343701197],[-89.24371522996844,29.888415343701197],[-89.24451659816877,29.887888915395294],[-89.24488471609412,29.88727093411203],[-89.24527953733957,29.886973387990395],[-89.24619887948955,29.88660717669922],[-89.2468697036145,29.886558236789995],[-89.24838032407101,29.88673943490007],[-89.24970021063312,29.887106901986154],[-89.25101246600691,29.88713234848342],[-89.2522127508721,29.886698729063966],[-89.25436805537709,29.886336332366604],[-89.25776448126177,29.88622254260368],[-89.25944295013248,29.88697785234922],[-89.26205882088365,29.889246946687056],[-89.26264729644649,29.88899582801172],[-89.26333259871885,29.887827879925382],[-89.2646461979723,29.887073220726947],[-89.26482926744069,29.886705265177433],[-89.26275410703208,29.88650101532295],[-89.26104512149286,29.885879219941323],[-89.25920643809121,29.884254159082285],[-89.25899909973712,29.883681302716134],[-89.25899909973712,29.882418637760175],[-89.25810455288561,29.881846432124608],[-89.25789418181913,29.881549537323433],[-89.25778737033521,29.880426108812095],[-89.25491136903733,29.87950802271406],[-89.25345252837212,29.87950802271406],[-89.253003738141,29.879371344745085],[-89.25284789930384,29.87907314724721],[-89.25318684444032,29.87879532598374],[-89.25321601722918,29.87856579273544],[-89.25287403938029,29.87801712649526],[-89.25345252837212,29.877421383814866],[-89.25364326316482,29.875643734040338],[-89.2560102835143,29.874606135636718],[-89.25659357310299,29.874562113550862],[-89.25779881397362,29.87497234660432],[-89.25852259558118,29.875039314573613],[-89.26061787555719,29.87456291742246],[-89.26305232435021,29.875486109805216],[-89.26371406830425,29.875452998698194],[-89.26402821634562,29.87503975467559],[-89.26400207626918,29.874606135636718],[-89.2627922530923,29.872935949089275],[-89.26260914858963,29.872268377483937],[-89.2621366886491,29.871905329317787],[-89.26221679771118,29.87153530416349],[-89.26282277155745,29.871350942290857],[-89.26397480970535,29.87050598639209],[-89.26487507882523,29.870460209797656],[-89.26602711787146,29.870779993515526],[-89.26777549902747,29.871697000074494],[-89.26818298562013,29.871516229548444],[-89.26857533560025,29.870853123649407],[-89.26897206486738,29.86979645266052],[-89.26894592479094,29.869200708397734],[-89.26878761468842,29.869017602614242],[-89.26734375163393,29.8686285032664],[-89.26408162208759,29.86729782471887],[-89.26269202356448,29.86624457565833],[-89.26150917050737,29.86596965865602],[-89.25790943970422,29.866359410276928],[-89.25514759810928,29.867091180186804],[-89.25443043528873,29.867158589688803],[-89.25334994166498,29.86699723619474],[-89.25170292550732,29.867774011181865],[-89.25143983321512,29.868208988885083],[-89.25167622218719,29.868395808056725],[-89.25359120040422,29.86812180061683],[-89.2555138107079,29.868212701574908],[-89.25588192773492,29.86851024836604],[-89.2565666658653,29.8700196129946],[-89.25724758974897,29.871054651886467],[-89.25711598206826,29.872061732341933],[-89.2565895540404,29.87302368776774],[-89.25535359258372,29.873916326831026],[-89.25389232826387,29.874189358690995],[-89.25276406313164,29.87412258488822],[-89.25209202448443,29.87441921592696],[-89.25175251700257,29.874807058841967],[-89.25119557140789,29.875976263200965],[-89.25004734750667,29.87747478909844],[-89.2494942161587,29.877843559189216],[-89.24929585107597,29.877715765645753],[-89.24940131059537,29.877120069458478],[-89.24904492826091,29.876960833620686],[-89.24812855324633,29.877050101684866],[-89.24670864915879,29.87670868074059],[-89.24636302325152,29.876708035008846],[-89.24564136975287,29.87716644977917],[-89.24460750408227,29.8774411926038],[-89.24297554907866,29.877033406185657],[-89.24221577197767,29.877277075761253],[-89.24214576177599,29.87677669987585],[-89.2431433058647,29.875975612790853],[-89.24328063491545,29.875552181651305],[-89.24307026295064,29.875335394512785],[-89.24317382343153,29.874808315277726],[-89.24276746691949,29.874445851997272],[-89.24241413526374,29.874740302589526],[-89.24162067852612,29.87628143984173],[-89.24049152765501,29.877307594004005],[-89.2386757315302,29.878108029341046],[-89.23657383276716,29.87937069435711],[-89.23660053518897,29.879600227310586],[-89.23707355747487,29.879850090690926],[-89.23816362354627,29.88090301072116],[-89.23894276023995,29.880904853588675],[-89.23894276023995,29.88120049317523],[-89.23849262612919,29.88186615825132],[-89.23878254301411,29.882552152403353],[-89.2381798884428,29.885233935659116],[-89.2383648335935,29.885371214661465],[-89.23841633221213,29.886310281275826],[-89.2380749167086,29.886858947057743],[-89.23723377649738,29.8875500581317],[-89.23708118956152,29.887891473109892],[-89.23765530016465,29.88867092890067]]],[[[-89.33205000701356,29.84796809695918],[-89.33373229013097,29.847990984574075],[-89.33592793078884,29.84860896533465],[-89.3362829782268,29.848357195828005],[-89.33609987372411,29.847666735731362],[-89.33499666080854,29.846728959501164],[-89.33389060023349,29.846545865470837],[-89.33337988284164,29.84613493896744],[-89.33206717471694,29.84636085202015],[-89.33136526888318,29.846248319424188],[-89.33015848111364,29.845446581295636],[-89.32989279538522,29.845103909163694],[-89.32952658458323,29.84382217083867],[-89.32963339696546,29.842769314545848],[-89.33012930652816,29.841870953383737],[-89.33073640686179,29.84123133992175],[-89.33141923786881,29.840750688190077],[-89.33354783905368,29.839789384021234],[-89.33438898106154,29.839537614096884],[-89.33551945874432,29.83951522791994],[-89.33706824322736,29.839926713086797],[-89.3384625156849,29.840567581640595],[-89.33897449071813,29.84061168573446],[-89.34077231514739,29.839854884959745],[-89.34140840860681,29.83978792376905],[-89.34185568966824,29.840173411686592],[-89.34235160012926,29.84152888611163],[-89.34265487675907,29.841573133154316],[-89.34290091723055,29.84134452413176],[-89.34305978967846,29.839167586600148],[-89.34287668427744,29.838732712208316],[-89.342192199472,29.838251378315995],[-89.34119440205836,29.837840073263184],[-89.33811728503638,29.837085413873787],[-89.33646170613741,29.835895227734017],[-89.3359644508984,29.834883681917077],[-89.33554483345615,29.832961074529102],[-89.33446280371328,29.831634209680015],[-89.33414999865325,29.830783532705233],[-89.33359742965062,29.82998179435043],[-89.33170533960872,29.828997602134603],[-89.33065438977805,29.827647200104813],[-89.33007590078621,29.827327416150762],[-89.32894540603546,29.827029219015905],[-89.32815767066785,29.826594343222137],[-89.32781625516435,29.826159467874],[-89.32781625516435,29.82565592805308],[-89.32860342549162,29.824531242221227],[-89.32860342549162,29.824142143280802],[-89.3282521357065,29.823822242120745],[-89.327579050522,29.82395304277945],[-89.32755057033422,29.823753044384215],[-89.3278938929611,29.823455337702505],[-89.3278938929611,29.82315713369031],[-89.3275132013167,29.823044426099067],[-89.3270260494297,29.82322596554682],[-89.32590262082698,29.824508354686134],[-89.32505766457243,29.82496928172975],[-89.32408682470215,29.82595221838158],[-89.32311216878855,29.826502790264357],[-89.32311216878855,29.82677744888609],[-89.32348410185891,29.827256844571746],[-89.32363859861304,29.829024305656556],[-89.32429663252496,29.82959651102493],[-89.32453123654456,29.830260268170885],[-89.32458464228651,29.831519118476287],[-89.32414023044412,29.83369796278403],[-89.32453695881291,29.834201502602163],[-89.32579581024137,29.834703134600474],[-89.32611052242476,29.835001937692294],[-89.32629362692742,29.836100570829707],[-89.32692496021417,29.83729075608143],[-89.32697836595612,29.83786551985868],[-89.32632033024757,29.8384389805777],[-89.32513968075786,29.838805843226325],[-89.32477346995589,29.83949248875173],[-89.32343069701527,29.840659134957296],[-89.32285276947049,29.841464036126826],[-89.32264486877102,29.842652966083666],[-89.32311789195523,29.843614269962444],[-89.32343069701527,29.845541949640364],[-89.32332769977803,29.846571917596098],[-89.32290617611075,29.846983905076264],[-89.32218937441294,29.84723168797411],[-89.32110522913756,29.846893194376893],[-89.32082907264619,29.84709899716215],[-89.32082907264619,29.847350116127984],[-89.32106749270912,29.84771632661568],[-89.32211844074315,29.84840297243245],[-89.32273642147152,29.84842460395894],[-89.3240892959675,29.848036762125588],[-89.32527128843856,29.848036762125588],[-89.32665249130702,29.848494524799346],[-89.32707132452005,29.848494524799346],[-89.32952905584858,29.847098344226296],[-89.33029061880036,29.847076217645995],[-89.33134238160638,29.847807879612173],[-89.33205000701356,29.84796809695918]]],[[[-89.87081152912093,29.47746442932857],[-89.87081152912093,29.47693800128983],[-89.86981398682883,29.474828472772753],[-89.86957746760105,29.473775608480707],[-89.86991889029109,29.47320340292873],[-89.8707295138338,29.47269986334429],[-89.8707562153573,29.471830111599285],[-89.87104422601718,29.471807223500562],[-89.87222106036187,29.472493869690332],[-89.87321670541206,29.47274563991572],[-89.87363484602399,29.472791255361308],[-89.87413223241704,29.472604496007417],[-89.8747654719288,29.471185427913113],[-89.87554748502804,29.47068569485686],[-89.87667282165245,29.468465540046846],[-89.87806137902814,29.46690913440476],[-89.87871750671502,29.46583338993469],[-89.87900506103075,29.464923891172987],[-89.87874198850147,29.46471220896082],[-89.87769516912446,29.465856277035613],[-89.87738235508128,29.465879167259786],[-89.87806137812983,29.46425029126447],[-89.87892731543617,29.46420832921645],[-89.8796861250516,29.464574388078084],[-89.8811741816248,29.464391435069967],[-89.88141069366607,29.464116774601486],[-89.88128099221039,29.463384346438236],[-89.88041886286256,29.46196146304952],[-89.88052376812144,29.461343482652193],[-89.88002785586377,29.461137489392563],[-89.87999924542031,29.46074838987184],[-89.8803654571206,29.460199071924706],[-89.88021096216309,29.459581090957904],[-89.87963684976333,29.458848662110263],[-89.87973984700055,29.458345121640473],[-89.88019730507581,29.45802074132803],[-89.8797332740276,29.45759792567917],[-89.87895592587964,29.45809335164152],[-89.87832839965309,29.45815820036434],[-89.8777790834501,29.45765466116032],[-89.87756546048229,29.456784909436564],[-89.87791275096775,29.455939101814234],[-89.8743078422753,29.45474330275167],[-89.8758528511392,29.45967581196014],[-89.87465124215727,29.461843011460388],[-89.87181884238836,29.46266511945249],[-89.86838553437303,29.462067218698937],[-89.86692642600988,29.459601111268793],[-89.86760772628766,29.456700403455987],[-89.86827822612078,29.455878303439075],[-89.86899712628309,29.45558410333511],[-89.86910442734884,29.45532720464836],[-89.86893812673188,29.45512160356892],[-89.86899172650992,29.454575103157893],[-89.86939943408814,29.454220103034903],[-89.86960863464982,29.4534773947529],[-89.8699948347635,29.453379295058635],[-89.8699948347635,29.452800095597144],[-89.87018263476018,29.452449795885403],[-89.87003783352289,29.452136795278715],[-89.86820312606471,29.452921593529872],[-89.86811192640212,29.453346593835754],[-89.86732872573009,29.45387910400557],[-89.8668084260091,29.45401930247257],[-89.86524201747851,29.455598102304943],[-89.86490401736971,29.45541590357089],[-89.86463581815511,29.455719503805835],[-89.86523661770534,29.45613990327005],[-89.8654458173687,29.456835904121117],[-89.86544582545352,29.45980661019226],[-89.86486652618132,29.46298272018878],[-89.86443731832509,29.463505819180728],[-89.86433001905598,29.46473881923414],[-89.86370781804243,29.465467426343434],[-89.86370781804243,29.46604662699918],[-89.86428712539947,29.46638282674988],[-89.8638365268597,29.471165335591774],[-89.86204151325897,29.47256634920394],[-89.86251262842151,29.472703678254888],[-89.86405568165304,29.472589237131338],[-89.86484150989729,29.472749453260455],[-89.86581044354253,29.473230106385124],[-89.8668308838912,29.474054089711142],[-89.8671455960746,29.474832287603206],[-89.86717420741638,29.475953808695863],[-89.86688428873485,29.47675489541423],[-89.86691480719999,29.47746442932857],[-89.86714721843198,29.477624452412524],[-89.86840444660473,29.477555982057858],[-89.87041703306558,29.477716073033513],[-89.87081152912093,29.47746442932857]]],[[[-89.45424432539451,29.668126708818193],[-89.4539257962695,29.66920371008802],[-89.45397729578643,29.66991705850194],[-89.45413751211397,29.670741684727293],[-89.45474023495723,29.671863205599337],[-89.45479364069918,29.67250407496322],[-89.45408410637202,29.675162268741392],[-89.4517266225376,29.675964006188387],[-89.45172280918922,29.676329565940456],[-89.45327539085096,29.67768062039244],[-89.4536644907264,29.678411135267236],[-89.45364160255127,29.679189333694392],[-89.45290918004899,29.680682788314687],[-89.45303506635963,29.680956794757996],[-89.45337648186316,29.681025459756906],[-89.45342988670679,29.68139166995087],[-89.45282525584187,29.682628284538588],[-89.4527489619248,29.683335910784432],[-89.45298547486438,29.68358958753799],[-89.45379419128375,29.683770785830607],[-89.45489907237081,29.68441679800522],[-89.45689172611384,29.684686313856847],[-89.46122522329894,29.686223637280325],[-89.46208734456195,29.686429629927403],[-89.463636111977,29.686246525199614],[-89.46381916797064,29.685923609796077],[-89.46376581253433,29.685329089993527],[-89.46195573688124,29.68178077008838],[-89.46148271459536,29.679167701500035],[-89.46148271459536,29.67703909953642],[-89.46169061529481,29.675959540995798],[-89.46218652575584,29.674562104701998],[-89.4631592745461,29.67328162211177],[-89.46318595361171,29.672595564174124],[-89.46292276250482,29.671332311666955],[-89.46410150397287,29.669433242862866],[-89.4640767086744,29.669043492360174],[-89.46331567662693,29.668876297071105],[-89.46300096354524,29.66830344056567],[-89.46331567662693,29.668126708818193],[-89.46331567662693,29.667758591028164],[-89.46299524127689,29.667186385388145],[-89.46352167020306,29.66526377813276],[-89.46352166930474,29.664554244196147],[-89.46310205365911,29.664325362220755],[-89.46289415385797,29.66372961798008],[-89.46245122872736,29.663337455211227],[-89.46147889945034,29.663523624098207],[-89.46114129819352,29.663867598268823],[-89.4611947048338,29.664165145308672],[-89.4617669092119,29.66457522540812],[-89.46227044906463,29.665446883607753],[-89.46227044906463,29.665950423116215],[-89.46192712643777,29.666682845822333],[-89.46208162139527,29.667368839499925],[-89.46166009772799,29.667647963645802],[-89.4614006984099,29.667509983859233],[-89.46129388602768,29.66709864809384],[-89.461033339561,29.66688879342618],[-89.46056146442372,29.66686976566336],[-89.46024675313866,29.666338871911496],[-89.45877618676404,29.66521735032205],[-89.4588562940295,29.66494269213843],[-89.45959062365512,29.664324711215393],[-89.45956201321167,29.66402781643534],[-89.45932550117038,29.663890487374484],[-89.45562905954037,29.664164494302334],[-89.45531478932811,29.66451237464816],[-89.45552606320146,29.665309554142468],[-89.45541925081923,29.666022902855005],[-89.45432061841328,29.667075759718102],[-89.45361108408612,29.667281753350988],[-89.45353479016906,29.667716629147314],[-89.45424432539451,29.668126708818193]]],[[[-89.277349143251,29.88299912193754],[-89.27650418789476,29.883868222201386],[-89.2757946535676,29.884234433428013],[-89.27555814242466,29.884486203547535],[-89.27555814242466,29.884806637821256],[-89.27575296634853,29.8849425325914],[-89.27611183701632,29.88487530256399],[-89.27747749813206,29.883868222201386],[-89.28200068357256,29.88279186190405],[-89.28244558050521,29.882472693850893],[-89.28276467017899,29.881991390946894],[-89.28242134755212,29.88137340971593],[-89.2824499570973,29.88112163952528],[-89.28320851967604,29.88048142156829],[-89.28402514935475,29.880110870536225],[-89.28494802188378,29.88020676345168],[-89.28431487759343,29.881122119324036],[-89.28439298341242,29.88151073843049],[-89.28456256467683,29.881623228929854],[-89.28552460375225,29.881442073707397],[-89.28577962647826,29.880874335667833],[-89.28619425557575,29.881027869199148],[-89.28644338355687,29.88093727745756],[-89.28718209067287,29.880251888306415],[-89.28854775268694,29.879908565336322],[-89.28854775268694,29.879519465631862],[-89.28817963476159,29.879267696212683],[-89.28641915150207,29.879012111054],[-89.28668011748199,29.87855652287874],[-89.28767163567178,29.87871710758263],[-89.28946462536818,29.87823456365256],[-89.29004636626135,29.878329280651464],[-89.29004636626135,29.87869167685267],[-89.28923002134859,29.879336360875243],[-89.28938833145111,29.880183875435904],[-89.28883901524813,29.880664526559137],[-89.28900685737412,29.880892510426204],[-89.28983712168221,29.880869869477824],[-89.29054665421275,29.880343441054546],[-89.29183411608467,29.880137446668847],[-89.29209674843948,29.879954745739855],[-89.29207062722764,29.879633907199725],[-89.2911779883978,29.878439906901477],[-89.29109731519371,29.877914129289657],[-89.29091420979272,29.877708135338207],[-89.29108834102402,29.875975611232956],[-89.29123464424445,29.875615774096897],[-89.29268097766598,29.874979974784303],[-89.29289022404173,29.874772724567965],[-89.29291749060553,29.87447643497996],[-89.29199758431356,29.87411087495075],[-89.29194417857161,29.87328308568014],[-89.29112783365885,29.87268799241783],[-89.29031586533814,29.870581628146873],[-89.28989624879421,29.870261194124737],[-89.28826546429542,29.869616509866383],[-89.28671041226664,29.86972969461272],[-89.28564992592091,29.869617161096976],[-89.2844292223493,29.87000625970474],[-89.27898946336654,29.872985539882258],[-89.27843251687355,29.87319153268223],[-89.27747884291004,29.873258290750183],[-89.27292409246708,29.872386631824305],[-89.26930801861397,29.87268280220742],[-89.26760640375164,29.87247818478207],[-89.2644919266953,29.871055395026428],[-89.26374020658409,29.87123775704704],[-89.26345028969916,29.87220287600097],[-89.26355519405975,29.872591975428847],[-89.26400532817051,29.873004613437367],[-89.26555409558556,29.87362259433763],[-89.2658974182124,29.873897252671345],[-89.26608052361341,29.87465256386311],[-89.26528706597746,29.87664765011064],[-89.26462521692052,29.877589229118133],[-89.26349415892606,29.878252987366416],[-89.26217999463232,29.87831783681821],[-89.26173367566655,29.878523830289193],[-89.26173367566655,29.878981594890632],[-89.26199834270545,29.879145998682507],[-89.2635481270134,29.879076961569943],[-89.26438679865421,29.878780066312245],[-89.2650203561696,29.878276070554488],[-89.26559852715782,29.877333645110227],[-89.26614918903711,29.876830755909232],[-89.26767553090939,29.87631133991742],[-89.2682320138717,29.87553185059888],[-89.26891731524574,29.87509060241265],[-89.2711260254927,29.874426844149244],[-89.27242818200605,29.874267278411445],[-89.27338948536128,29.87433594340093],[-89.27477803555044,29.875227931210755],[-89.27542081427221,29.875975611232956],[-89.27712520223382,29.87745022888735],[-89.27756053390534,29.877363364160196],[-89.27798103888311,29.876811030344346],[-89.27913442091068,29.876674352573687],[-89.27940582711084,29.87543392405344],[-89.27998566267728,29.87465572637827],[-89.28056302518173,29.87463283786743],[-89.28177419313661,29.8753697262563],[-89.28260770485444,29.8766088516473],[-89.28286901219418,29.877341273888497],[-89.28287282644088,29.878165899789295],[-89.28236928568984,29.878623662918063],[-89.28194600940942,29.87864471772969],[-89.28038401699676,29.877982142929227],[-89.2798058082793,29.877982794105204],[-89.27897420458314,29.878760992303793],[-89.27868866518861,29.878760341132843],[-89.27778478214634,29.87825814768817],[-89.2774272248155,29.87832577475085],[-89.27742734339311,29.87882900692361],[-89.27918782755094,29.879698757311317],[-89.27945485626073,29.88013237601806],[-89.27960744409489,29.8811413642376],[-89.2795845568181,29.881831824849733],[-89.2793976362721,29.88210583201457],[-89.27897420458314,29.8822666999693],[-89.27812304007165,29.88181252944167],[-89.27784505371201,29.881922725775954],[-89.277349143251,29.88299912193754]]],[[[-89.53062221608923,29.734877550445116],[-89.53130798099397,29.73538490582476],[-89.53209291900778,29.73529279672656],[-89.53214428018414,29.73508354314321],[-89.53151485491908,29.734328885587203],[-89.53151485491908,29.733870470156024],[-89.53172466453853,29.73357292280033],[-89.53248785972919,29.733618588127804],[-89.53295681174852,29.733411450434996],[-89.53539821889173,29.730138439331235],[-89.53770992547756,29.729151687896646],[-89.5389687760077,29.729173320248734],[-89.54075405456571,29.728583297753264],[-89.54191372300363,29.729156153065343],[-89.5420148131175,29.72995658907552],[-89.54233333954758,29.73046078120473],[-89.54309055734834,29.731100999102953],[-89.54356167340922,29.73185630966844],[-89.54374668683185,29.73235984948632],[-89.54374668683185,29.73339363263892],[-89.54332516136795,29.734744687184715],[-89.54345676815032,29.73513313524375],[-89.54400799327328,29.735041582077553],[-89.54521534518481,29.73387428377991],[-89.5468652009171,29.7332798426674],[-89.54747364513038,29.732432328128088],[-89.54862949932162,29.731970750261677],[-89.55012295387137,29.732129711607943],[-89.5505978832806,29.732523881335528],[-89.55117390370204,29.7326840984674],[-89.55385182108986,29.732478103962176],[-89.55398152164723,29.732314072038136],[-89.55385214987328,29.73210860097032],[-89.55083248730021,29.731650315023526],[-89.55057118085878,29.731352768883227],[-89.55054257041532,29.730664867128883],[-89.55146382058695,29.72991081287097],[-89.55206844965522,29.729795115569882],[-89.55230496169649,29.72993435155619],[-89.55272457824044,29.730552333091147],[-89.55296108848508,29.73126186673884],[-89.55319760142466,29.731443064838114],[-89.55398342787225,29.731397289311815],[-89.55503247057959,29.73217674346856],[-89.55558369480423,29.732062302330238],[-89.55597470090468,29.731628077879602],[-89.5568444515594,29.73119129450445],[-89.56062291117148,29.731535874064754],[-89.5618035606612,29.73194786106136],[-89.56204007180413,29.731855051435844],[-89.56204007180413,29.731559412368686],[-89.56125352221274,29.73112442439978],[-89.55959866466094,29.73071255025148],[-89.55888913033378,29.729751246571944],[-89.55694744789831,29.73013969446508],[-89.55335018925881,29.7295452522852],[-89.55248615997415,29.72913261419756],[-89.55169842460654,29.72840019264357],[-89.55091259636231,29.727412185327477],[-89.55080769200174,29.72693153286995],[-89.55038616833444,29.726954422434606],[-89.55012486099473,29.727480850556443],[-89.54981014881133,29.727641718536226],[-89.54923031504153,29.727479594609292],[-89.54907581828739,29.72720619247913],[-89.54907581828739,29.72654243365537],[-89.5497796303462,29.724528924887007],[-89.5499150531719,29.72432228018365],[-89.55020687807847,29.724277154365943],[-89.5504662755999,29.724824563607264],[-89.55072670528561,29.724894253333098],[-89.55088589394047,29.724757155662328],[-89.55101559270122,29.723588601066528],[-89.55177853187202,29.722601850750593],[-89.55185482578908,29.72200550173465],[-89.5510689993415,29.720702782673335],[-89.55088589394047,29.71964992666787],[-89.55019924778846,29.71859325399531],[-89.55028317199556,29.717951733775376],[-89.55130550958611,29.715798988388723],[-89.55135883537801,29.71541172625851],[-89.55117580992707,29.715251579851603],[-89.54952023192644,29.716006889567932],[-89.54747555315205,29.716006889567932],[-89.54361698447788,29.717493969857777],[-89.5423562277227,29.718295708144733],[-89.54233333954758,29.718431130273114],[-89.54269955034957,29.718637123190312],[-89.54450962510435,29.718295057488994],[-89.54495785209177,29.718524590486744],[-89.54610989023968,29.719740827629625],[-89.54666111446433,29.720107038690685],[-89.5472378256902,29.72003747046434],[-89.54810116327211,29.719003334377476],[-89.5485512982812,29.719075814085464],[-89.54852459496107,29.719328840441687],[-89.54810307039547,29.719695051445647],[-89.54802677737669,29.719969709796906],[-89.54797337253305,29.72141166512215],[-89.54723904200911,29.72388424021662],[-89.54702732616462,29.72418495081681],[-89.54637119757942,29.724574050591546],[-89.54595158103548,29.72516914319024],[-89.54456112372294,29.726083413950278],[-89.54440281362044,29.726450882010422],[-89.54440281362044,29.726748427866394],[-89.54471752670213,29.72718330297197],[-89.5462167026219,29.727780955170665],[-89.54705593660812,29.728652613549414],[-89.54705593660812,29.729774134713264],[-89.5462929974373,29.730575221049698],[-89.54589626817018,29.73078121478187],[-89.54434940787847,29.730780564207016],[-89.54379818455214,29.730552333091147],[-89.54282734288525,29.729659042592367],[-89.54230282198075,29.72842373168319],[-89.54227611955892,29.728030166795772],[-89.54266903278274,29.727663955783655],[-89.54350826676894,29.72759403551439],[-89.54382488607565,29.727297744214983],[-89.54379818455214,29.72668041507793],[-89.54348347147047,29.725810011916487],[-89.54301235630791,29.725330011755727],[-89.54246304010493,29.725307124160878],[-89.54149029131469,29.726084671475135],[-89.54051754342275,29.726474421507394],[-89.53661129217329,29.726909296240297],[-89.53639766920547,29.72729839637258],[-89.535636637158,29.727755508661986],[-89.53474399742987,29.72947212331459],[-89.53387806102185,29.73011680718723],[-89.53335353921902,29.73027702426301],[-89.53233120162847,29.730346340449184],[-89.53133174951807,29.73018230815986],[-89.53078052619175,29.72999855148812],[-89.53022930196711,29.729563676103176],[-89.52912685531446,29.729289668071306],[-89.52876064361415,29.72890056942044],[-89.52768489758671,29.7288547935141],[-89.5267674634584,29.727915726388126],[-89.52631923647095,29.726928371142144],[-89.52605929457046,29.726817667700605],[-89.52574140504592,29.726772253589026],[-89.52458736275662,29.727206843857278],[-89.52390643977125,29.726813278877255],[-89.52359172668955,29.72715660192067],[-89.5237252414936,29.728282587852505],[-89.52348872945234,29.728875774562947],[-89.52400943700847,29.72970100590949],[-89.52403804655363,29.73020519698291],[-89.5237252414936,29.730800289727632],[-89.52314540772379,29.73137249429134],[-89.52319867512519,29.73148664057373],[-89.52400752898681,29.731649059908587],[-89.5251366807562,29.73109783594639],[-89.52626773785235,29.730845414951972],[-89.52692386553925,29.730776749685436],[-89.52778980284558,29.731005631644255],[-89.52857753821318,29.730410538557383],[-89.52959987670204,29.73038765056125],[-89.53012630562822,29.730643886454168],[-89.53065273365608,29.731170314719833],[-89.53080722861357,29.731764756631783],[-89.53059742168908,29.73192497419602],[-89.52873394029403,29.732108079893315],[-89.52807774074192,29.73185785886235],[-89.52794620492644,29.73252006688023],[-89.52666255909783,29.732635158839198],[-89.52605983625457,29.732406276697816],[-89.52574130982451,29.732542955169876],[-89.52548000248476,29.733298916358027],[-89.52841732008899,29.734441418508744],[-89.53062221608923,29.734877550445116]]],[[[-88.82532267294091,30.36829167714268],[-88.82941202869304,30.3710992956358],[-88.83289103400685,30.37268621032404],[-88.83649210868967,30.374090019253128],[-88.84192423917905,30.375493827399083],[-88.84839396873735,30.37811833943066],[-88.85132365605153,30.378911796885863],[-88.85461955596436,30.37811833943066],[-88.85260539565513,30.375676932671066],[-88.84888224980666,30.373906912558724],[-88.82880167735641,30.364934743433803],[-88.82410196936932,30.36310368880358],[-88.81989054155324,30.36212712621705],[-88.82233194869642,30.365300954431405],[-88.82532267294091,30.36829167714268]]],[[[-89.42837304284124,29.727073332320444],[-89.42811364262485,29.728788039644392],[-89.42853266897565,29.729361584155505],[-89.43039483254219,29.729636158325167],[-89.43270654092466,29.730508467544585],[-89.43301934508636,29.73032280342074],[-89.4330422332615,29.730115553613267],[-89.4327561306233,29.729819263519442],[-89.43210000383472,29.729384388137415],[-89.43173379213442,29.7289266241012],[-89.43076104244585,29.728538176191943],[-89.43073052667565,29.72782864200413],[-89.43149346584644,29.727164884957627],[-89.43254632280049,29.726934095484218],[-89.4337536738137,29.726981129000286],[-89.43430815892282,29.72743908991472],[-89.43477721963832,29.727507454790082],[-89.43524739067149,29.727393516165556],[-89.43601006843255,29.726660693427924],[-89.43692941058252,29.72631355555663],[-89.43753404054912,29.72622581761754],[-89.43994874527048,29.72654625457872],[-89.44028878904659,29.726431020677502],[-89.44039315711292,29.726107562013105],[-89.43947381496295,29.725558897558575],[-89.4387642806358,29.724895139539775],[-89.43774194124859,29.723178524596598],[-89.43740243286842,29.72180076862829],[-89.43742722996353,29.72012992981198],[-89.4375588358476,29.71967216724655],[-89.43795365709306,29.71937461991334],[-89.44099777899467,29.71774570434406],[-89.44094438043925,29.71742912452722],[-89.44052476479361,29.71719642777014],[-89.4390770847975,29.717219966317106],[-89.43865746915186,29.716853755645044],[-89.43795365709306,29.71499916112693],[-89.43732232470464,29.714793819224596],[-89.43666619611945,29.714885372141154],[-89.43630026738846,29.715250624123215],[-89.43643159209984,29.715685807291983],[-89.43708772068506,29.71623512333899],[-89.43735284137315,29.716989177378284],[-89.43721741944577,29.717658005724523],[-89.43677300760335,29.718253749420064],[-89.43617028565842,29.71868862622955],[-89.43535394164397,29.71887173111601],[-89.43467301596367,29.718665085686467],[-89.43309563900345,29.717246670012198],[-89.4323329432761,29.717128429572814],[-89.43123406652839,29.717333756557434],[-89.43049973600444,29.71703621087423],[-89.43015832050092,29.716647762968982],[-89.4301316180791,29.716189347896695],[-89.43026322486149,29.714747390885922],[-89.43057793794317,29.714358943486207],[-89.43183678847332,29.714059489989094],[-89.43548459082227,29.714747298043267],[-89.43572015154764,29.714563030169252],[-89.43579644546473,29.714175838169837],[-89.4355904509903,29.713924068204644],[-89.4351174287044,29.71374096209511],[-89.43422478987455,29.71362652177737],[-89.4331490447454,29.71371807419803],[-89.43215359552795,29.71323688959484],[-89.43168038459584,29.713168106952402],[-89.43044823738582,29.713396989282757],[-89.430234614418,29.71330227207163],[-89.42957848673112,29.712157862704583],[-89.42740220117435,29.71092124952646],[-89.42737359073087,29.71055568920993],[-89.42756051037856,29.710303268041358],[-89.42863244215931,29.709569590223417],[-89.42908257627009,29.709502182176585],[-89.42937249225668,29.709708826181725],[-89.42937249225668,29.709958688918],[-89.42892426616757,29.710417709026213],[-89.42884626814639,29.710828619411103],[-89.42934313351657,29.71092124952646],[-89.42970818639014,29.71071590708571],[-89.42992180935796,29.710372583979208],[-89.42992180935796,29.709502832889335],[-89.42716759625642,29.707553521949166],[-89.42619866350952,29.7070957589945],[-89.4245964894542,29.707828180748958],[-89.42283600709298,29.709479293313205],[-89.42283600709298,29.709731062721037],[-89.42341393463776,29.71030201265943],[-89.4259335428214,29.711836776700594],[-89.42782372484163,29.713878291708543],[-89.42824334228389,29.71463360239498],[-89.42837304194293,29.716075557919478],[-89.42758721369867,29.717429775968764],[-89.42756051127687,29.718321764018672],[-89.42771691515435,29.71896328421418],[-89.42748040311308,29.719832384615984],[-89.427587214597,29.721295972063757],[-89.42921227592913,29.721690141444356],[-89.42994851267811,29.72148414855194],[-89.43073434002405,29.72148414855194],[-89.43134087711398,29.721942563626964],[-89.43170707084798,29.722720708064738],[-89.4321515006567,29.723017657262925],[-89.43210381897973,29.72342838813315],[-89.43173188411275,29.724162066081256],[-89.43147057767133,29.724368711114526],[-89.43068284230375,29.724162066081256],[-89.42944878707208,29.722606320891565],[-89.42808503218137,29.7231549858868],[-89.42769402608091,29.723590513144757],[-89.42756432642187,29.724071165223314],[-89.42756432642187,29.72523846290519],[-89.42837304284124,29.727073332320444]]],[[[-89.31912008710695,29.83685969646823],[-89.31886069048383,29.838668465086965],[-89.32056967332812,29.838826823841654],[-89.3222481404022,29.839285844317093],[-89.32333942548746,29.839949600986266],[-89.32365287913112,29.839949600986266],[-89.32482362469482,29.8383703166043],[-89.3256113600624,29.83772563285485],[-89.3256113600624,29.8372030187176],[-89.32455984698805,29.83628432766502],[-89.32282663029234,29.835642807451762],[-89.32282663029234,29.834956161958495],[-89.32269502350995,29.834750168169492],[-89.3221693123377,29.83445302804131],[-89.32169557229788,29.834406845282945],[-89.32127595485564,29.83388041721487],[-89.32092062444838,29.833858180167955],[-89.32037602080737,29.834104568023857],[-89.32014680488285,29.833903304941217],[-89.32009339824258,29.833559981482257],[-89.32237807811478,29.831175938005604],[-89.32250753882195,29.830695795081535],[-89.32103944281438,29.82996272192564],[-89.320171599283,29.82927607558068],[-89.32022500502497,29.828539839722556],[-89.32106423990946,29.827372541535556],[-89.32135224877273,29.82496928172975],[-89.32086953815647,29.82480987774528],[-89.3200127259368,29.82496993169289],[-89.3196159984663,29.824531243000564],[-89.31966940420827,29.82391135508072],[-89.31995932019484,29.823295280550052],[-89.32082772696991,29.822768201636677],[-89.32174459965115,29.821921988938012],[-89.32230154524585,29.821899101584783],[-89.32282225190364,29.82219599613889],[-89.3231102607669,29.822173759609097],[-89.32327053368832,29.82045242583156],[-89.32147002868625,29.81981318807518],[-89.32114187770622,29.8199033629964],[-89.32087866324314,29.82017802104883],[-89.32061544788174,29.821693107376447],[-89.32040945520393,29.822013542195236],[-89.31851545803868,29.823706616643015],[-89.31457296695403,29.824580833680983],[-89.31348959243317,29.82467047980888],[-89.31307760528095,29.82453505784898],[-89.31197134168664,29.823756860041737],[-89.31102529621654,29.822492286592894],[-89.31110787654399,29.822081555737338],[-89.31194845351153,29.821166679354643],[-89.31189504776957,29.81993071738541],[-89.31220785372791,29.818803473893272],[-89.31205221252011,29.818530417592267],[-89.31152502272089,29.81869028908793],[-89.31121030963921,29.820616712481012],[-89.31065307029542,29.820953294490373],[-89.31050324657737,29.82079981740584],[-89.31032014117638,29.819651592841712],[-89.30847707848774,29.818553612014018],[-89.30800405530353,29.8180042948015],[-89.3081642734277,29.817704840754498],[-89.30845284553463,29.817568767919347],[-89.30911031799951,29.81754653036027],[-89.30966154312247,29.818003644013615],[-89.3097664456864,29.81834696714032],[-89.3101996959614,29.818415630844747],[-89.31044984083543,29.818140972626434],[-89.31084219081555,29.818027183046492],[-89.31110787654399,29.817362774919495],[-89.31158089882987,29.816767681127253],[-89.31149831940077,29.81628768019929],[-89.31077585921497,29.816015329400376],[-89.30945364062637,29.816379233161005],[-89.30892586871886,29.816103924003563],[-89.30744161022268,29.81484252726798],[-89.30676947815068,29.814933270186586],[-89.30643239971334,29.815229102051422],[-89.30635038442624,29.816012371569162],[-89.30643239971334,29.81786696600098],[-89.30685201715562,29.819581672075987],[-89.30742803757704,29.820433606441345],[-89.3099495519857,29.822058667641286],[-89.31050649847872,29.823064491953218],[-89.31100240893973,29.82476203210718],[-89.31079069489188,29.827074994484793],[-89.31060758769425,29.82753275971051],[-89.3090874307227,29.828977274067917],[-89.31326070978362,29.829207412323235],[-89.3161293637608,29.830695795081535],[-89.31651846363621,29.831496230203765],[-89.31764952073235,29.832575791002544],[-89.3185421604605,29.834475510422184],[-89.31912008710695,29.83685969646823]]],[[[-89.97748359360288,29.466462677350865],[-89.97820012760275,29.468565005551607],[-89.97971137867657,29.469977920896934],[-89.979754044161,29.471549345298094],[-89.9803804915109,29.47166866850979],[-89.98017167632646,29.47336902759192],[-89.98211784135522,29.473025376056597],[-89.9815825586336,29.471263012969594],[-89.98253786034441,29.470887099037736],[-89.98500069590038,29.472834458902614],[-89.98578345819458,29.474075422579567],[-89.98534231352485,29.475641667353766],[-89.98747231069166,29.47702077619512],[-89.98860691613316,29.47491545916194],[-89.98959162688973,29.47425011841005],[-89.98712539929522,29.473079001251342],[-89.98703960030413,29.47195819992406],[-89.98824119940458,29.471061500044613],[-89.986524599745,29.46814719940869],[-89.98703960030413,29.465456999897317],[-89.98549459952507,29.462542501428082],[-89.98309139952754,29.461795200291448],[-89.97991559987662,29.458805900794566],[-89.97811319942932,29.459478500490643],[-89.97743915753902,29.46012407674384],[-89.97746134053666,29.46328661376071],[-89.97748359360288,29.466462677350865]]],[[[-89.3353649799565,29.857657429808565],[-89.3353649799565,29.858435627630808],[-89.33476035178653,29.859927174869917],[-89.33476225890986,29.860636709448748],[-89.33532668567423,29.861115774350456],[-89.33623329330675,29.860819860995395],[-89.33752084860348,29.8587331747511],[-89.33770529878245,29.85815971371503],[-89.33770529878245,29.857772521276264],[-89.33750768199636,29.857567304545576],[-89.33665244182842,29.857612304861036],[-89.33636252584184,29.857473067223665],[-89.33636252584184,29.85720031761076],[-89.33707227756129,29.857016952185944],[-89.33768996094729,29.856542268666736],[-89.33812491532638,29.85683410607315],[-89.33827015583984,29.857359883376738],[-89.33863608546913,29.857358626721236],[-89.338915121061,29.856902119281795],[-89.33983255608763,29.85682964036501],[-89.34017587961281,29.85662364650582],[-89.34059549525843,29.85595988925897],[-89.34138323062604,29.85536479629488],[-89.34487693147956,29.85380523572416],[-89.34532572171068,29.853392596227227],[-89.34537912745263,29.852797504319632],[-89.34522025320811,29.852569273154042],[-89.34493090046522,29.852293963980486],[-89.34332816406453,29.85156219308751],[-89.34258811217052,29.85096709961853],[-89.3421957612921,29.85039424376423],[-89.34198538932728,29.849889447799562],[-89.34201265499279,29.848998064822652],[-89.34240500587123,29.847575833200768],[-89.34121481986645,29.84714095802082],[-89.34135405693885,29.848975176659437],[-89.34119956287967,29.849433591847205],[-89.3409344394966,29.849799151904087],[-89.3396984780399,29.850668902926582],[-89.34017150122412,29.851401323925366],[-89.34017722259418,29.85192649719714],[-89.33912245851678,29.85286998382674],[-89.33781211026634,29.853534391919315],[-89.33646933552912,29.853854826675942],[-89.3358589850908,29.853875808025215],[-89.33561366237323,29.85330551032224],[-89.3349434562892,29.85330551110135],[-89.33448691269888,29.85305410871365],[-89.33405081745936,29.853122404978404],[-89.33378760299628,29.85335063565855],[-89.33299986762869,29.853419299460555],[-89.33260504638321,29.85389995176395],[-89.3322884279748,29.85392349168933],[-89.33208108872239,29.853739734586622],[-89.33160615931314,29.85161113380546],[-89.3312889749661,29.851199797290565],[-89.33039633703457,29.8506962574634],[-89.33000398525783,29.849913593281524],[-89.32975220724663,29.849707835254485],[-89.32805818045351,29.84977984796312],[-89.32752013720904,29.849388439807875],[-89.32451407153611,29.85014694009178],[-89.32398382836325,29.85145091685044],[-89.32369772662337,29.85170333769457],[-89.32197348319903,29.851611784374462],[-89.3212608999898,29.851791579657625],[-89.31995072331758,29.85158906120573],[-89.3194113864991,29.851680217193465],[-89.31909719983017,29.851932219848457],[-89.3190437940882,29.852576251705035],[-89.31986013900097,29.853309324851033],[-89.32022635070126,29.854910847646142],[-89.32050075098627,29.85509224971917],[-89.32395959630846,29.85429286615856],[-89.32582442158318,29.854224201399195],[-89.32716528740045,29.854613301596945],[-89.32842795217728,29.855689696388925],[-89.32899365365104,29.85593913116775],[-89.32950369730642,29.8556439207882],[-89.32945029066614,29.855186156614657],[-89.32900453494408,29.854247089917283],[-89.32900453494408,29.85305308885443],[-89.32952658458323,29.852460554325233],[-89.32986990900672,29.852502516826316],[-89.33026663647722,29.85314338570248],[-89.33005682775611,29.854769702899432],[-89.33018652831345,29.855414387251013],[-89.33050314851849,29.8564901322165],[-89.33084647024704,29.856994323737524],[-89.33150125495257,29.856970784536255],[-89.3318154047906,29.8565365595242],[-89.3322641950217,29.856284138435754],[-89.33357779517347,29.856237105658924],[-89.3345772454872,29.856603316270593],[-89.33510367441338,29.857085876795672],[-89.3353649799565,29.857657429808565]]],[[[-89.30973593171284,29.881972315994936],[-89.31119332339549,29.88341301683219],[-89.31159015596887,29.88341427238064],[-89.31194082771309,29.883208929249516],[-89.31393972923891,29.881286321748213],[-89.31391549718411,29.881102564406874],[-89.31218171724471,29.880869868698984],[-89.31144491635375,29.880229650683336],[-89.30984139841875,29.87986278838367],[-89.30939260998429,29.879543004187045],[-89.30920950368497,29.879176792866176],[-89.30920950368497,29.8783509119229],[-89.30973649495651,29.877963068768157],[-89.31118226513433,29.877757074917795],[-89.31218171724471,29.876955988697095],[-89.3127863454147,29.876704217479794],[-89.31593939433272,29.876345942393137],[-89.31757569987725,29.87553691992573],[-89.3176004942774,29.875369073505375],[-89.3169850441032,29.87530111027275],[-89.31599693861318,29.875456477436913],[-89.31594491627676,29.875300409227126],[-89.31612936555742,29.875138934923918],[-89.31752229323698,29.87486553332855],[-89.31770539953628,29.874567986798517],[-89.31714165908478,29.87438581391866],[-89.31393209984718,29.875228580846848],[-89.3130013131605,29.875231744122658],[-89.31162039236303,29.87559288424846],[-89.30805746374043,29.87553757111766],[-89.30606293970499,29.875323297584774],[-89.30530000053419,29.87486553332855],[-89.30353761015134,29.8742475523395],[-89.30300198517158,29.874202655336674],[-89.3008820158983,29.874659540869914],[-89.3002239119178,29.874865608886022],[-89.30001607949028,29.875095066524626],[-89.3000351534187,29.876494409723765],[-89.29895750206451,29.877661706976365],[-89.29842916511669,29.877826391018516],[-89.29798531651797,29.877711299314285],[-89.29723696868231,29.877090706304994],[-89.29677549423941,29.877299310926986],[-89.29675069804262,29.87796372072319],[-89.29653898309645,29.878329280651464],[-89.29582944966761,29.8789243729699],[-89.29575124772887,29.880069433720223],[-89.2951485248856,29.8809601653004],[-89.2937317253757,29.881372488286544],[-89.29182274341319,29.88112201105778],[-89.28930513308275,29.881257787005847],[-89.28822169657813,29.88103057196416],[-89.28749624051089,29.88107651428526],[-89.286840112824,29.881351172342946],[-89.29009786398163,29.882035910577745],[-89.29443573955544,29.882178310484637],[-89.29627633277536,29.88128185635562],[-89.29782700731376,29.880755427770566],[-89.29911581306537,29.88070839484533],[-89.30084063230979,29.88018559447131],[-89.30339971785689,29.880869868698984],[-89.30563131627896,29.881169973787056],[-89.30618826187366,29.881354986578554],[-89.306806242602,29.881971059649437],[-89.3070926273112,29.881972315994936],[-89.30786672894773,29.881446539092813],[-89.3083168630585,29.88146877566564],[-89.30973593171284,29.881972315994936]]],[[[-89.45049256910256,29.684874490270847],[-89.45093438391551,29.685169033752864],[-89.45148820606794,29.685263589413506],[-89.4526421513392,29.685263588633074],[-89.45303697258467,29.685149147865097],[-89.45350427170389,29.68476069993293],[-89.45350808774722,29.6844167254256],[-89.4532982799244,29.684253345453335],[-89.45235223535262,29.684257160181676],[-89.45196122745553,29.683981850832765],[-89.45209283423792,29.681483874550974],[-89.45174951340768,29.680934558092925],[-89.45119828828473,29.680659249009338],[-89.45116967784124,29.680431017905985],[-89.45151300046811,29.67997325389763],[-89.45012445027892,29.678847266320446],[-89.44886369262544,29.677061987986086],[-89.44899529940781,29.676306678104613],[-89.45009560627346,29.676352133770823],[-89.45135278324223,29.67500079453687],[-89.45224542207208,29.67449725428997],[-89.45277185009992,29.67454303156078],[-89.45350427170389,29.673968919497163],[-89.45397729578643,29.672937043234803],[-89.45397729578643,29.671565658696352],[-89.45368737800321,29.670879013800707],[-89.4498078300739,29.665656041110893],[-89.44969720254664,29.665038710887504],[-89.44983262537235,29.664828251657745],[-89.45101327396377,29.664416264849233],[-89.45137948566406,29.66395850053034],[-89.45195550428886,29.663615827909865],[-89.45187921037177,29.663318282367534],[-89.45153588864322,29.663249616985965],[-89.45004052607182,29.663364058481946],[-89.44902009470628,29.66368384203196],[-89.44873017782139,29.66409582949835],[-89.44841546473968,29.66418803356609],[-89.44815415739996,29.663889835585753],[-89.44773644797935,29.663890487374484],[-89.44752473213488,29.66407294121995],[-89.44752473213488,29.66446204046408],[-89.44833917082262,29.664918547323214],[-89.44867867830447,29.6654500480516],[-89.44860047726402,29.665839146652445],[-89.44778985461963,29.66657222037905],[-89.4476830422374,29.667144424049045],[-89.44888848792391,29.66815085364389],[-89.44881219400683,29.670833237984073],[-89.44841737276136,29.671404791430135],[-89.44742173669431,29.672022772562805],[-89.44479913217178,29.672206529175885],[-89.44414300268826,29.672641404752053],[-89.44379968006139,29.672343207637105],[-89.44358987223859,29.671404791430135],[-89.4434052918039,29.671290521432105],[-89.44261712344833,29.67138255421349],[-89.44196481000814,29.671198796875345],[-89.44170159734169,29.671313889653764],[-89.44115228024039,29.672090180779172],[-89.44036645199616,29.674270280640656],[-89.44033784155268,29.67472739313993],[-89.44083566003535,29.674841834064644],[-89.45062036163827,29.672915411256277],[-89.45072717222386,29.67348826724869],[-89.45043725533895,29.673671372580568],[-89.44810265967966,29.67385829348249],[-89.44335878871658,29.674817882848433],[-89.4430920537559,29.674933386710656],[-89.44283084433253,29.675505822227503],[-89.44298715029365,29.675871801989235],[-89.44345709764633,29.67628276938375],[-89.44461602587248,29.67665065226503],[-89.44515771358205,29.677129396726777],[-89.44511193633349,29.678778602955717],[-89.44521874871572,29.678872713516416],[-89.44744653289109,29.678873970071603],[-89.44883889732697,29.67953772790566],[-89.44959802135277,29.680247260713905],[-89.44996614107471,29.680773690206397],[-89.45033807414507,29.68182719727633],[-89.45023126176284,29.68437160118481],[-89.45049256910256,29.684874490270847]]],[[[-89.98806099017207,29.517844692533945],[-89.98923384498005,29.517479334224276],[-89.98975730587253,29.516248121127003],[-89.99039761871884,29.516299572128677],[-89.99110412123193,29.515171721587706],[-89.9916631122905,29.51492222846047],[-89.9922035486469,29.513572255410065],[-89.99211498913293,29.51246973625747],[-89.99249304512026,29.512500133331088],[-89.99245001581814,29.51303510798058],[-89.99486243881871,29.514111508354762],[-89.99696325960339,29.514431664417195],[-89.99730249669236,29.515191722318267],[-89.9979862340995,29.51531646940832],[-89.9976251535761,29.514147101973425],[-89.99697141900113,29.513211175057393],[-89.99528418347155,29.513311774738614],[-89.99489467845594,29.51173329687462],[-89.99618293623521,29.511416364878038],[-89.99396973890343,29.50942884139859],[-89.99325270903354,29.508461726752348],[-89.99301795409696,29.507618504159662],[-89.99244422527782,29.507383749612444],[-89.99191523705142,29.506499272434834],[-89.99097937488335,29.506153653654597],[-89.99017089202597,29.506153653654597],[-89.98960795287171,29.505500247540446],[-89.98762529917444,29.504632746725186],[-89.98734356684007,29.504959745507577],[-89.98648284155902,29.504349434229468],[-89.98661982655501,29.50264371091243],[-89.98608702228528,29.5016887015864],[-89.9850349675268,29.50177318179362],[-89.98434859805587,29.502569757262922],[-89.98430596311418,29.505418399676525],[-89.98499433223492,29.506567462107263],[-89.98557769189222,29.51054491051872],[-89.98642621356015,29.51144646597888],[-89.98674440941019,29.513090477196965],[-89.98743383405142,29.51393899978937],[-89.9892369441678,29.513832934756582],[-89.98982030292677,29.514999652602626],[-89.98865358451049,29.51547694708081],[-89.98727473612638,29.517386121245305],[-89.98806099017207,29.517844692533945]]],[[[-89.44271062100141,29.661346184991267],[-89.44167439365994,29.661578374135434],[-89.441259090826,29.66178477401029],[-89.44122866758227,29.661967317540757],[-89.44188470094605,29.662402103125917],[-89.44327325113522,29.662446624457996],[-89.44429559052243,29.662013656301816],[-89.44432419916927,29.66146368784021],[-89.44463891314928,29.66121066171477],[-89.44553155287743,29.6616913140924],[-89.44660538998491,29.661601017091392],[-89.44736642203236,29.66208166916533],[-89.44778603947464,29.66203589324796],[-89.44802255061757,29.66164679320663],[-89.4487053816246,29.661990115748598],[-89.4509598682218,29.661578129025997],[-89.45295304837757,29.662173221718138],[-89.4530312503163,29.66192210282319],[-89.45248002519335,29.661417911641657],[-89.45193070899039,29.660178134669906],[-89.45208520484621,29.65967524540633],[-89.45281762645018,29.65880549422486],[-89.45279473827505,29.658324842112105],[-89.45182580642646,29.657038637596667],[-89.45006722849365,29.655596682618576],[-89.44838970015904,29.653743588278704],[-89.44772881858766,29.653789166557388],[-89.44723290812664,29.65349162005874],[-89.44686669642633,29.652137402146714],[-89.44610757150222,29.65138144059307],[-89.44330376870207,29.650832775536767],[-89.4415718949877,29.650901440023734],[-89.44017608102114,29.650649712947065],[-89.43948950224276,29.650792620132112],[-89.4391552849396,29.65108389478295],[-89.43855256119804,29.652094788911295],[-89.43682641065035,29.65536845162522],[-89.43695611120772,29.65585291805274],[-89.43734711730816,29.656058260968198],[-89.43865746645692,29.656079892668703],[-89.43936699988578,29.656285886958972],[-89.44230431838831,29.658163974746998],[-89.44288033701311,29.65836996711275],[-89.44364032791314,29.658301397493737],[-89.4440094878842,29.658003757390286],[-89.44374627431942,29.65585291805274],[-89.44366807238069,29.65561957048335],[-89.44277543265254,29.654795595484774],[-89.44269341646711,29.65431559480468],[-89.44390458352363,29.65390295603121],[-89.44469041176788,29.65394873252602],[-89.44518822935227,29.65408606110469],[-89.44531983613464,29.654292055573094],[-89.44534844747643,29.655114774719973],[-89.44453401058534,29.655985781856867],[-89.44453401058534,29.657156894107608],[-89.4446648394267,29.65724790625718],[-89.44629067780154,29.656607576695304],[-89.44742364291933,29.65647089871048],[-89.44794244245381,29.65669912954538],[-89.44975251631026,29.65811819704717],[-89.45051354925603,29.658781955262906],[-89.45064515603842,29.659079500950895],[-89.4503075547816,29.65965235768346],[-89.44949120986885,29.6601101213002],[-89.44791955427868,29.660525923418],[-89.4471032084676,29.660525923418],[-89.44479150098344,29.659906034858775],[-89.44377343488205,29.658965482362824],[-89.44364136995887,29.659033725228863],[-89.44374627431942,29.660434370927405],[-89.44340485881592,29.660891483081066],[-89.44271062100141,29.661346184991267]]],[[[-89.32185904501834,29.896678628951307],[-89.32122609656072,29.898993565009505],[-89.32163058817024,29.89908465432015],[-89.32238222024657,29.897185332133084],[-89.32351987816341,29.89622600375612],[-89.32389405432701,29.89651681935204],[-89.32411790910594,29.896494871167032],[-89.32451272945308,29.896151548839857],[-89.32580451042489,29.8959040665443],[-89.32603995257266,29.89628952850181],[-89.32548309770782,29.897250201978558],[-89.32636347363572,29.897386940322193],[-89.32706992135155,29.897275628753384],[-89.32791706680047,29.897845274810752],[-89.32821870849646,29.89773083390008],[-89.32905984960601,29.896471983775523],[-89.32911325534796,29.89603710754169],[-89.32940126510952,29.89560223252525],[-89.32934976649092,29.89468670431684],[-89.33034730968131,29.892851834573705],[-89.33071542850497,29.89262295283469],[-89.33159415332936,29.89253205154011],[-89.33309704917276,29.89282768546409],[-89.33355490879497,29.892463386619657],[-89.33355490879497,29.89152419650479],[-89.33344809641274,29.89150208211189],[-89.33360697065724,29.890769009212512],[-89.33465791869129,29.889758114502914],[-89.33510367621001,29.88861435585869],[-89.33523337586905,29.887698828106448],[-89.33644645004894,29.88581818168327],[-89.33619717025253,29.885728835014913],[-89.33566062090637,29.886047064248938],[-89.33263365862332,29.88824749325593],[-89.32958762151354,29.889301001412047],[-89.32806017112019,29.889464381941988],[-89.32766501390479,29.889781002657376],[-89.32705217692977,29.88987357626326],[-89.32610098770634,29.88957566017829],[-89.32562796542042,29.88957566017829],[-89.32510189761702,29.889820221234586],[-89.32431570465677,29.88946504083127],[-89.32388083292265,29.889579474878023],[-89.32288138260891,29.890815437701704],[-89.32277457112501,29.891844754572947],[-89.3224331556215,29.89209652494301],[-89.32185522807671,29.892165188558607],[-89.31964662562758,29.893748845865243],[-89.31967703629492,29.893886268900587],[-89.32054106557958,29.894228940952623],[-89.32143942667777,29.895030678082378],[-89.32185522897502,29.895968443478488],[-89.32185904501834,29.896678628951307]]],[[[-89.33839957612282,29.908313455658863],[-89.33831755993738,29.908682831942993],[-89.33789627252702,29.909003490548855],[-89.33890912031491,29.909117706711633],[-89.33971183239493,29.908567135011587],[-89.34194590028571,29.908404358909284],[-89.34294535149776,29.907626160081538],[-89.3433663128197,29.90680283612981],[-89.34370638444354,29.905131348102454],[-89.34418131475111,29.90396023440269],[-89.34633414799073,29.901439370697695],[-89.34731071102767,29.90072792955957],[-89.34893577235982,29.89990586156522],[-89.34935976639413,29.899470335263757],[-89.3500420350558,29.897908867055357],[-89.34977938293808,29.897063260859554],[-89.3492005220437,29.896788950589368],[-89.34711896832523,29.896810549819985],[-89.34583591179147,29.8963998661461],[-89.34436251213043,29.8962163975525],[-89.34274479811903,29.895117764946722],[-89.34216849742323,29.895118416010757],[-89.34197013234049,29.89527672569119],[-89.34173365443522,29.896193940760398],[-89.3417870269395,29.89686173300777],[-89.34192976115331,29.896993198053575],[-89.34248539161443,29.89690660890501],[-89.3432823895109,29.897088707151358],[-89.34444205794884,29.897731484168354],[-89.34507529746062,29.899974526809046],[-89.34560172548845,29.90084427805605],[-89.34538810252064,29.90187424593853],[-89.34473197393542,29.902079588776203],[-89.34428565496968,29.902953154524713],[-89.3440224414049,29.903159799497995],[-89.343549419119,29.903320016728276],[-89.34135215340878,29.903297128568305],[-89.3406820263765,29.903434199693073],[-89.34015624423733,29.903754241318627],[-89.33939875873861,29.90464754203528],[-89.33915488590192,29.904485406637257],[-89.33918405869076,29.904189116578596],[-89.33976198713387,29.90336514280102],[-89.33957888083455,29.902655608496634],[-89.33871238118284,29.90238160175098],[-89.33855220977107,29.90265617540907],[-89.33865897454258,29.90359467579531],[-89.33805243835094,29.90417004353823],[-89.33773581814592,29.904170694543144],[-89.33747507315154,29.90398693811606],[-89.33715598437608,29.903340997796512],[-89.33736960734392,29.902564706230038],[-89.33713309530266,29.90208405557338],[-89.3370402104006,29.90133088891075],[-89.3367381626661,29.90141975824599],[-89.33555571744414,29.90430737277343],[-89.33376853266111,29.905452433190177],[-89.3326622690668,29.90581864454046],[-89.3322731700897,29.906184855323247],[-89.33237426020357,29.907240875915548],[-89.33192984656452,29.908065502099046],[-89.33191486985211,29.908911711833635],[-89.33225628625394,29.908911711833635],[-89.33313776261807,29.908499726250238],[-89.33544200869548,29.908021019791036],[-89.33690955942566,29.908406770484056],[-89.33801209141828,29.90813248832934],[-89.33839957612282,29.908313455658863]]],[[[-89.26994862790433,29.855547902979243],[-89.27060475469291,29.85662239217836],[-89.27129139635335,29.85717361149355],[-89.27197479509564,29.85717296485621],[-89.27234291302098,29.856692313510045],[-89.27257942416392,29.855250357270748],[-89.27255025137508,29.854404144681585],[-89.27244781738155,29.854197499939424],[-89.27179168879633,29.853922841914567],[-89.27247430780096,29.85336985242784],[-89.27310585219179,29.852316854499346],[-89.27381538651895,29.851538656500914],[-89.2745249208461,29.85094356289168],[-89.2751289866707,29.850669555839104],[-89.27628865510866,29.850852661006954],[-89.27707448335289,29.851772003408673],[-89.27712407574646,29.852503774322017],[-89.27649476905901,29.853442021433576],[-89.27652135380151,29.85364818391309],[-89.27696767186897,29.85383128985079],[-89.27728238495065,29.854243276982544],[-89.27780881297852,29.854426381828638],[-89.27864804606641,29.855158804087214],[-89.2794643927758,29.855273244774455],[-89.28018580462762,29.855593680182157],[-89.2805289745409,29.855593680182157],[-89.28117146939503,29.85509079046982],[-89.28177419223829,29.854127579976574],[-89.28298726641817,29.853669815082203],[-89.28461518798616,29.85358097408624],[-89.28471913833592,29.854081802880387],[-89.2851406629015,29.85445308478542],[-89.28516927334499,29.855025940722577],[-89.28546900881595,29.855322835776086],[-89.2860609455876,29.855161933719128],[-89.28635048518008,29.854636190804882],[-89.28684774041908,29.85422294626245],[-89.28925219985463,29.854224202178305],[-89.28942513183503,29.854128835114516],[-89.28942513183503,29.85367107100503],[-89.28750386810597,29.85248153674668],[-89.28713765730399,29.851657561824144],[-89.28708425156202,29.851085357387433],[-89.28660138284229,29.850673443706974],[-89.28603361254844,29.850692369596345],[-89.283380179642,29.851725576222393],[-89.27988647968677,29.852343557241273],[-89.27967476294398,29.85211467525135],[-89.27983307304649,29.85195064296559],[-89.28085731955703,29.85161113536373],[-89.28117146939503,29.85105865508812],[-89.28096413193926,29.850577351774376],[-89.28030800335405,29.85002803608601],[-89.28018817887492,29.848862516113257],[-89.27818837544058,29.84920280441378],[-89.27632744526092,29.848975941779905],[-89.27497639883654,29.849248580630604],[-89.2732368966288,29.84924983660904],[-89.27271046860093,29.84941005475884],[-89.2721077457577,29.84991424619898],[-89.27158131772984,29.850967101955955],[-89.2712379960013,29.851264649523348],[-89.26950612138863,29.851745300513873],[-89.26905614358472,29.852110651872593],[-89.26916279966008,29.852477071622946],[-89.2693726074829,29.85261440038136],[-89.27009669272104,29.852393383433828],[-89.27029385765454,29.852499959762433],[-89.27034535537483,29.852957723788307],[-89.27079548858728,29.85327880939586],[-89.27079548858728,29.85353057973647],[-89.27063527315805,29.85364883446882],[-89.27031921619668,29.85364818391309],[-89.26937317072657,29.852957723788307],[-89.26841250427691,29.852592888967546],[-89.26803364789066,29.852683716809903],[-89.26803364789066,29.85291069100243],[-89.26874318311614,29.853347474026336],[-89.26934590595938,29.854106598680225],[-89.26994862790433,29.855547902979243]]],[[[-89.5633771224764,29.726496657453318],[-89.56440518413194,29.72660984274133],[-89.56503079515032,29.72647376934444],[-89.56516049391104,29.726291314109467],[-89.56513569861258,29.726107558112574],[-89.5648171721825,29.725900308179178],[-89.56342862289162,29.725604669507845],[-89.56335041915627,29.72544380138261],[-89.56348202773526,29.725259439249502],[-89.56450436622417,29.725167886434033],[-89.56599972879556,29.724620476725217],[-89.5662114428434,29.724390944406593],[-89.56623623904018,29.724185602214497],[-89.5646378819265,29.72305961477616],[-89.56458447438791,29.722899397097628],[-89.56476757978892,29.722807844469404],[-89.56608365120603,29.723403588803038],[-89.56668637315096,29.723909035527413],[-89.56728718887086,29.723933180212825],[-89.5675484953123,29.723748819205007],[-89.56744549897338,29.72328849639601],[-89.56683896098512,29.7227169423848],[-89.56644795488467,29.722075422777426],[-89.56655285924522,29.720335920022855],[-89.56610653938115,29.719855918644043],[-89.56610653938115,29.718779522600798],[-89.56686757232693,29.717356640509504],[-89.56812642106044,29.716074901788044],[-89.56896565594495,29.7154111450205],[-89.57203458033155,29.714332236682363],[-89.57232443343607,29.714079870259816],[-89.57200978503309,29.713644939155397],[-89.57103512911948,29.71318782657258],[-89.57027981844207,29.713142050521004],[-89.56833623067986,29.713625865629933],[-89.56705258395294,29.713580740464444],[-89.56647275018312,29.71383251051042],[-89.56508419909565,29.713534964592007],[-89.56442807140876,29.713740957413904],[-89.56434605522333,29.714083630022166],[-89.56518719633287,29.71591468544261],[-89.56510899529242,29.718001324981653],[-89.56479433431302,29.71937470963111],[-89.565213899653,29.72013057733524],[-89.56516240193271,29.720564802393337],[-89.56471799009029,29.721089974461602],[-89.56400845576313,29.72111476968263],[-89.563245515694,29.720817223505534],[-89.56245968744977,29.72013057733524],[-89.56214405718818,29.719490201284078],[-89.56149075470285,29.719604148882116],[-89.56096352986934,29.719260899860096],[-89.56048994164482,29.71930589920779],[-89.56017849932907,29.719581261541673],[-89.56014988798727,29.719992597048766],[-89.56075261083052,29.720290143330065],[-89.56149075470285,29.721112862238098],[-89.56169865630062,29.7220525344403],[-89.56122563311642,29.722441633901497],[-89.56070111131359,29.72248740961297],[-89.55949185227873,29.721824303755092],[-89.55883572369352,29.720473900617513],[-89.55831095036241,29.720473693098736],[-89.55815670693319,29.720748558397762],[-89.55831120278901,29.721709211877304],[-89.5576035764835,29.722853620793988],[-89.5576035764835,29.72319694412276],[-89.5580765987694,29.723521193071512],[-89.55823490887192,29.724093398581307],[-89.55907414285812,29.72436805659755],[-89.55939267018651,29.72498668870351],[-89.56043789774883,29.726083413950278],[-89.5607028747065,29.726198868239265],[-89.56216977146319,29.725968973662575],[-89.56269619949103,29.726152078528322],[-89.5633771224764,29.726496657453318]]],[[[-89.43669098872297,29.665198277750328],[-89.43697899938284,29.66551871193121],[-89.43810815025394,29.665976476175295],[-89.43876427794083,29.666640884273214],[-89.43871087219887,29.667029983731602],[-89.43842286333565,29.667441320558357],[-89.43850106437607,29.667761754618773],[-89.43931359504212,29.667738866393947],[-89.4397084162876,29.667532872136093],[-89.4400746279879,29.666754674043784],[-89.44009942238806,29.665862686304923],[-89.4398915216886,29.665198277750328],[-89.43889397759988,29.66425986200788],[-89.43889397759988,29.66368384281256],[-89.43910760056771,29.663499480503525],[-89.43944520182451,29.663523624878792],[-89.43973321158607,29.663775395468466],[-89.4399430203072,29.66432471199599],[-89.44033784155268,29.66462607315699],[-89.44091386017747,29.664420078769066],[-89.44154137831919,29.663821822383486],[-89.44196091221812,29.663133690675384],[-89.43947190514464,29.662150333002295],[-89.43944329380284,29.661943084584138],[-89.43960160390536,29.661807011007028],[-89.44049424363352,29.661692570081602],[-89.44044274501492,29.661395675339485],[-89.44004601754442,29.66089213488921],[-89.43913048964113,29.66105235233022],[-89.43886346003305,29.660777693703675],[-89.4381615559959,29.660846358430597],[-89.43789452638781,29.660663253168654],[-89.43621605931372,29.660457259253004],[-89.43579644276979,29.65981257475685],[-89.43582505321326,29.659148166836786],[-89.43559044919365,29.658919936092317],[-89.43564194691396,29.658484408694978],[-89.43606156435621,29.658049533580904],[-89.43718499116233,29.658048277546236],[-89.43821114659285,29.658575961398693],[-89.4396035101304,29.658185606775497],[-89.44091576730081,29.65971911456817],[-89.44078606854009,29.660915023110665],[-89.44099206121788,29.661166142177528],[-89.44212013141572,29.660890579916877],[-89.44311684905436,29.660387941668482],[-89.4431950500948,29.659766147552894],[-89.44287652276641,29.6592403707554],[-89.44170159644338,29.658644625286307],[-89.44119805569234,29.65809596001572],[-89.44015282813001,29.657523756400266],[-89.43818444327272,29.656722668994565],[-89.4365822701157,29.65647089949114],[-89.43616646781847,29.65628714301569],[-89.4352471256685,29.655463819081337],[-89.43469780946552,29.655391340322577],[-89.43430871048841,29.655528669274595],[-89.43215340598341,29.65669913032603],[-89.43060845281505,29.657203321734947],[-89.43044829847126,29.657477789495474],[-89.43050164133116,29.657866427912904],[-89.43094605317357,29.658324191848553],[-89.43183869380005,29.658804843964425],[-89.43221062597206,29.659263258572032],[-89.43215722023011,29.66008723289562],[-89.43249420973422,29.66045594626367],[-89.4329964542163,29.66068614144218],[-89.434539499363,29.660891483081066],[-89.43491143243332,29.661075240515224],[-89.4356438549356,29.661943084584138],[-89.4361931711386,29.663592290073336],[-89.43669098872297,29.665198277750328]]],[[[-89.46218652485753,29.654014233206343],[-89.46260232715478,29.65449804883911],[-89.46257753185628,29.655093142031333],[-89.46202630942828,29.656352642954666],[-89.46202630942828,29.65664828247402],[-89.46233911269168,29.65676272367248],[-89.4627358419588,29.6566037624793],[-89.46438379056775,29.65483820757662],[-89.4660126679432,29.653967805669026],[-89.46679468104243,29.653350475548905],[-89.46721811183308,29.652502961057834],[-89.46724479988184,29.651584142221026],[-89.4671132083708,29.65046209782411],[-89.46684808588607,29.64991343244044],[-89.46627540090928,29.649934835157193],[-89.46472711409292,29.651289886808613],[-89.46427697908385,29.651496531843115],[-89.46367425713889,29.651542309432415],[-89.46294183463661,29.651336315581293],[-89.46236795310388,29.650923841027648],[-89.46166009682966,29.650718333840373],[-89.46105546776138,29.650694795328814],[-89.45837945570027,29.65124476253653],[-89.45638818356618,29.65108454509323],[-89.45423669330788,29.65067255821836],[-89.4530312503163,29.651313427523075],[-89.45227021737054,29.65131277643357],[-89.45198030048564,29.651587434351843],[-89.45101122221163,29.651793596315713],[-89.45077485479915,29.652068086637644],[-89.45111627120096,29.6537414828278],[-89.45164152063916,29.654246279234453],[-89.45229691979237,29.65415472649477],[-89.45268983301618,29.65390295603121],[-89.45418359658638,29.653949080701427],[-89.45457811060801,29.653559633218084],[-89.45510262971588,29.653468079853752],[-89.4569909064094,29.654314942953928],[-89.45754212973574,29.654887148422095],[-89.4578301394973,29.654887148422095],[-89.45824975783786,29.654473903859294],[-89.45861596774154,29.654405240248337],[-89.45914239576939,29.654772707432574],[-89.45940179508747,29.654130582213252],[-89.45995302021042,29.65373892381096],[-89.4617897964887,29.65385336441472],[-89.46218652485753,29.654014233206343]]],[[[-89.3528725411761,29.913877193767988],[-89.35330741560514,29.9134900011955],[-89.35448997311651,29.9131695672679],[-89.35459678549874,29.912753765239668],[-89.35399271787752,29.912432678770923],[-89.35430686861383,29.911952677626555],[-89.35430686861383,29.911609355617102],[-89.35399081075418,29.91131115801188],[-89.35385673270645,29.91055649833155],[-89.35349052190445,29.910167399908833],[-89.3530556465771,29.910121623615495],[-89.3527542860538,29.910349853907345],[-89.35191314494423,29.91167736884633],[-89.35156791429571,29.911742870088798],[-89.35107200293638,29.910714809178728],[-89.35107200293638,29.9102131754025],[-89.35204531407199,29.90954876720375],[-89.35222842126961,29.90909100359497],[-89.35212351690905,29.908793457211306],[-89.35172813152158,29.90858811419607],[-89.35004641254618,29.908312805459673],[-89.34734913915891,29.906985290061915],[-89.34679954178326,29.90698594182712],[-89.34652488278346,29.90719193523695],[-89.34560172548845,29.909228984804813],[-89.3447853805757,29.910262767119093],[-89.34347312520192,29.910857860341594],[-89.3427616828531,29.91200161830195],[-89.34148948156121,29.912048046241946],[-89.34118430589288,29.912345592246616],[-89.34118430589288,29.91261834365707],[-89.34213797985639,29.91262025056588],[-89.34306349702562,29.912870895466998],[-89.34378593026196,29.912824337876653],[-89.3445467916295,29.91230311609632],[-89.34478728949567,29.91234494129515],[-89.34510200078074,29.912550935301635],[-89.34478728949567,29.913100251607347],[-89.34478728949567,29.91335202121704],[-89.34503715050208,29.913533870606614],[-89.34554832064482,29.91346520692238],[-89.3461821251969,29.913008698581045],[-89.34786384237569,29.912779817204346],[-89.35075729254963,29.913214691214538],[-89.3528725411761,29.913877193767988]]],[[[-89.68133117801897,29.662221189492907],[-89.6818270893783,29.662793393714708],[-89.68315079018711,29.662816283845384],[-89.68361236883462,29.663296934796705],[-89.68392517479295,29.664120910430704],[-89.68426468317311,29.66434979209069],[-89.68555023612508,29.664532896107065],[-89.68641235828639,29.664143797917603],[-89.68788483178437,29.662221189492907],[-89.68827393076145,29.661465878995994],[-89.68848755372929,29.660367246068077],[-89.6873584037565,29.65899013991512],[-89.68738701330167,29.65857815183673],[-89.68788483178437,29.657983059738196],[-89.68783150958572,29.657663119896004],[-89.68741180949847,29.657777065799724],[-89.68691399101579,29.657777065799724],[-89.68673136351852,29.657617265466158],[-89.68641998767811,29.657708401320093],[-89.68599655509085,29.659081692939246],[-89.68578674726803,29.65926479717643],[-89.68423797985298,29.659520383162235],[-89.6840777617288,29.659291500662988],[-89.68436767861371,29.65905880430073],[-89.68541862934269,29.658852811003293],[-89.68562653004214,29.65857815183673],[-89.68560364096872,29.65830349348173],[-89.68486953322697,29.65736543965334],[-89.68455460005801,29.65743374293287],[-89.68340065388844,29.658326383072705],[-89.6832156404658,29.658646815722904],[-89.68342926343362,29.65926479717643],[-89.68324615713432,29.66064190503443],[-89.68305923748662,29.661122557787483],[-89.68261291762254,29.661374326580116],[-89.68219330018027,29.66128277330031],[-89.6813540670924,29.660573240168024],[-89.6811709607931,29.660161252327004],[-89.68119384896822,29.659447904202803],[-89.68148376585312,29.659150357262366],[-89.68237770095192,29.659542959448142],[-89.68277122772508,29.659447904202803],[-89.68282272634367,29.65899013991512],[-89.68250610524031,29.658784145696465],[-89.68151279221658,29.658463846190315],[-89.68049003780771,29.658555263864297],[-89.67980529967735,29.65807461289807],[-89.67936273926274,29.658051818486744],[-89.67910339294528,29.659104580011352],[-89.67867996215463,29.659333462155224],[-89.67805053688957,29.659150357262366],[-89.67752470085148,29.658693108395106],[-89.67729141196546,29.658784145696465],[-89.67684509210139,29.660115477097115],[-89.67679168635942,29.660847897791406],[-89.6774726102431,29.661305661432966],[-89.67794563432564,29.66196941891654],[-89.67836334284792,29.662060971571496],[-89.67852165205211,29.661923643728766],[-89.67870666547476,29.66114544439534],[-89.67907287627675,29.660962339677642],[-89.67946578950055,29.661099668832605],[-89.68069984563054,29.66203808361073],[-89.68133117801897,29.662221189492907]]],[[[-89.52852603869624,29.723883590377223],[-89.52852603869624,29.724158248967726],[-89.5282895275533,29.724432907586557],[-89.52837154463705,29.724845545498848],[-89.52902385717891,29.724936447215576],[-89.52999469974415,29.72461601213475],[-89.52999660507086,29.7239293669912],[-89.53044292403662,29.72383781374232],[-89.53130886134296,29.724455795380855],[-89.53164836972313,29.72450157095368],[-89.53390285632031,29.72354091923914],[-89.53395613809475,29.723287832510472],[-89.53196498992816,29.722968713699743],[-89.53083583815875,29.722968713699743],[-89.53017971047186,29.72267116755817],[-89.52815792077091,29.720767633690496],[-89.52781721673311,29.720699492805625],[-89.5272671881661,29.721339186320847],[-89.5264565655217,29.72191585806065],[-89.5255334082267,29.722140925098763],[-89.52524349134181,29.72202648343555],[-89.52461788032345,29.721202508969792],[-89.52461788032345,29.720858534420135],[-89.52493068538347,29.720424310632847],[-89.52587673175191,29.719758645509774],[-89.52737209252668,29.719805678488175],[-89.5275304026292,29.719668349182076],[-89.5275017921857,29.71944011853624],[-89.52598163521415,29.717444379961204],[-89.52561542441217,29.71636863525142],[-89.5250374968674,29.715590436105636],[-89.52393504931642,29.71465202114866],[-89.52301761428978,29.71453758030904],[-89.52239009704638,29.715087548634585],[-89.52197047960412,29.716575280727614],[-89.52215358500511,29.718314782343295],[-89.52283260086712,29.71987308663835],[-89.52283260086712,29.72026344278512],[-89.52262660908764,29.720561639684774],[-89.52168056271921,29.720882074448703],[-89.52225467511899,29.72218605031682],[-89.52299281899131,29.723174708225805],[-89.52341110962189,29.723380050145963],[-89.52558681307036,29.723013839325723],[-89.52619144303696,29.723380050145963],[-89.52768680560835,29.723380050145963],[-89.52852603869624,29.723883590377223]]],[[[-90.35492700266435,29.314410706423462],[-90.35536760115839,29.314479371299488],[-90.35552781748594,29.31431915396685],[-90.35550111506411,29.313998719330165],[-90.35510820094201,29.313357850171172],[-90.35510820094201,29.31269409300489],[-90.35549730081742,29.31182434199355],[-90.35628312906167,29.311435241260934],[-90.3565959341217,29.31101943919163],[-90.3565455997197,29.310356512011026],[-90.35591840047991,29.310313999218845],[-90.35536050087438,29.30934100030462],[-90.35475970042584,29.30920999988718],[-90.35428760070972,29.308761000020947],[-90.35424766610379,29.308510308000482],[-90.35369676347602,29.309257049357715],[-90.35309403973444,29.309257049357715],[-90.35301583959233,29.308776397074176],[-90.35314553835305,29.308455963049763],[-90.35415667035876,29.307932790859514],[-90.35381559980831,29.306815000905832],[-90.35334350009221,29.30614139917726],[-90.34978150122595,29.305654899399315],[-90.34937379993593,29.305149700219737],[-90.34900899948894,29.304176699859283],[-90.34669160027913,29.30301650021553],[-90.34538270101126,29.301575701041823],[-90.34471750034001,29.301154699438293],[-90.34526469921386,29.301931199533993],[-90.345436299891,29.30275459970097],[-90.34508230078698,29.303849200339297],[-90.34513589966673,29.304101800326325],[-90.34664870033443,29.304447999384337],[-90.3472388000513,29.30486900072379],[-90.34805420083471,29.305009300433507],[-90.34837600072566,29.305430299458095],[-90.3485691995972,29.306085199567555],[-90.34948110010335,29.306422099874272],[-90.34965279959519,29.30739499971454],[-90.35074710032484,29.30746049993404],[-90.35132650020839,29.30791899951041],[-90.35143380037579,29.308274500195495],[-90.35106900082711,29.308761000020947],[-90.35071490021349,29.308779700359047],[-90.35071490021349,29.308938700485726],[-90.34874080117267,29.309247400395417],[-90.34773230033241,29.30898550020094],[-90.34748550078452,29.309144499223727],[-90.34773230033241,29.309556200419685],[-90.34826870055824,29.310117499228042],[-90.34885880117344,29.310342000340764],[-90.3496957004382,29.310987500562124],[-90.34993170043977,29.311604999849376],[-90.35018920071933,29.311333699764813],[-90.3515300144343,29.31170990066344],[-90.35186761479281,29.312419433901326],[-90.35212752255732,29.312556027638156],[-90.3526515350154,29.312396545935716],[-90.3528590332696,29.312968392620686],[-90.35346215855809,29.31283142188776],[-90.353879868877,29.31351806666333],[-90.35492700266435,29.314410706423462]]],[[[-89.64072954960876,29.717994117036106],[-89.64120078245062,29.7180394680259],[-89.64182830059234,29.717763555345424],[-89.64204192356017,29.71680225088416],[-89.64246154190074,29.716277079006563],[-89.64416671049834,29.716002420693368],[-89.6440084003958,29.715521768982622],[-89.6430121498811,29.714762486788484],[-89.64256644446466,29.714648202113047],[-89.64067626154612,29.714831959586668],[-89.63925719379012,29.714603077407073],[-89.63868308139034,29.714350656271552],[-89.63870787758712,29.71396220811694],[-89.63920378804816,29.7134357800826],[-89.63968062458075,29.71332068794877],[-89.64014983261995,29.712564121393534],[-89.64091250049952,29.71238260677019],[-89.63999698696931,29.711875619597286],[-89.63947081675794,29.712127339304523],[-89.63905119931569,29.712840687352895],[-89.63802885903017,29.713206898620907],[-89.63739752843838,29.714167550159917],[-89.6366097930708,29.7145795382465],[-89.63472064321482,29.713888935157325],[-89.63359236730281,29.71370597254023],[-89.63270354182134,29.713729511905616],[-89.6316277966922,29.71404994663451],[-89.63026213557644,29.71375240058031],[-89.62976622421712,29.713956486935967],[-89.63007903017547,29.714713703820003],[-89.63075804603747,29.715308145694802],[-89.63288283297564,29.716799693472428],[-89.63359236730281,29.716891245339813],[-89.63427519741151,29.717555654683782],[-89.63477110877083,29.717738108637107],[-89.6366097930708,29.717463450420677],[-89.6382081519811,29.71771903510915],[-89.6392586041451,29.71771903510915],[-89.63980650999308,29.717466007815514],[-89.64014983351827,29.717488897198624],[-89.64072954960876,29.717994117036106]]],[[[-89.6660058563898,29.670207619799807],[-89.66576934524686,29.670642496214487],[-89.66592574822604,29.671626687986194],[-89.6653268405278,29.672244669316363],[-89.66511321666167,29.673003793644984],[-89.66545654018684,29.673507333565365],[-89.66595245064785,29.673690439643057],[-89.66647697155237,29.673598886645888],[-89.66752410713633,29.673072458611923],[-89.66910148499487,29.67197001002866],[-89.6711709572711,29.6712604773483],[-89.67287803478865,29.671100258994333],[-89.6737954707136,29.67069208658045],[-89.67578674374603,29.668513894085457],[-89.67395377901948,29.667758584003224],[-89.67353416337387,29.667346595927032],[-89.67355895957066,29.666774391845994],[-89.67384887645555,29.666247963214744],[-89.67379546981527,29.665858863853543],[-89.67277313222472,29.665858863853543],[-89.67148895639009,29.66546637295839],[-89.67109466335401,29.665534614537094],[-89.67033363130656,29.66588175250618],[-89.668630368934,29.666087746242564],[-89.66842056111119,29.666202186851514],[-89.6683404520491,29.66654551023882],[-89.66850066837665,29.666843056382657],[-89.66923309087893,29.66723215505897],[-89.67130828632185,29.66711771406076],[-89.67219520557826,29.66743814915212],[-89.67285133236683,29.6682163474204],[-89.67295623672739,29.66908609841767],[-89.67243171582288,29.669635415603963],[-89.67175079193923,29.669955849699086],[-89.66970420604147,29.66974985685965],[-89.66902328305613,29.66938364563184],[-89.66870666285108,29.66874277589677],[-89.66812682908129,29.668079018613977],[-89.66797424034878,29.667255044179683],[-89.6676595272671,29.666957496912843],[-89.6676595272671,29.665813088093817],[-89.6672650222286,29.665580576199734],[-89.66687560794286,29.665626167850345],[-89.66608977969861,29.666202186851514],[-89.66577125237022,29.66668283879725],[-89.66674018511713,29.667754769429404],[-89.66674018511713,29.668170571172407],[-89.66611266877204,29.66849100525121],[-89.66608405832856,29.66865122385915],[-89.66666198407671,29.669063210494205],[-89.66669250254185,29.669475197783274],[-89.6660058563898,29.670207619799807]]],[[[-89.93100473834465,29.461885705795307],[-89.93418045085899,29.464015512870393],[-89.93372984243773,29.46414631410973],[-89.93441655057353,29.46476281328997],[-89.93431325240068,29.46501164706617],[-89.93564612860182,29.46584631364293],[-89.93666274572064,29.466262115321992],[-89.93731697436904,29.4661438595918],[-89.93844612524013,29.465039503965937],[-89.93872841363164,29.463511708660256],[-89.93595702653849,29.4621155295311],[-89.93548591227426,29.461749318661397],[-89.93521170692368,29.461232427162106],[-89.9344165496752,29.461287806704437],[-89.93370844277105,29.461007605651133],[-89.92995333216982,29.460204204464507],[-89.92832253329797,29.460932905940528],[-89.9273140243729,29.461138406076703],[-89.9240524149511,29.461231806132634],[-89.92270061573852,29.460391004646553],[-89.92152041630477,29.46057790460082],[-89.92008280642298,29.46029760616285],[-89.91952490681746,29.460017404720624],[-89.92008280642298,29.46106361495039],[-89.91991110693115,29.46121311502173],[-89.92029730614652,29.46203511549022],[-89.92343753161386,29.46222320127588],[-89.92415431265042,29.46158911018043],[-89.92443851355516,29.461566218987915],[-89.92496685319794,29.462184202721083],[-89.92494380512271,29.462354406848892],[-89.92529702448904,29.46237141535735],[-89.92615532431884,29.462128613270867],[-89.92834403267767,29.461997806300772],[-89.9288160335791,29.46166150597704],[-89.9298245326227,29.46164280555953],[-89.93021083334772,29.46186700620131],[-89.93100473834465,29.461885705795307]]],[[[-88.62128208815078,30.359136408768588],[-88.61688755583201,30.361882991991703],[-88.61462925498812,30.366094419031228],[-88.6193289629752,30.364507504321043],[-88.62311314395734,30.36371404699815],[-88.62421177546497,30.35852605766415],[-88.62128208815078,30.359136408768588]]],[[[-89.6463308355611,29.65656708947997],[-89.64787848008203,29.65679969792774],[-89.65010738894813,29.656822674511826],[-89.65065670874438,29.65707444469641],[-89.65110684375347,29.657486431905948],[-89.65149594273058,29.658150188824774],[-89.65212232180852,29.65847029417256],[-89.65238667533538,29.658356182780015],[-89.65259457513655,29.657967083339884],[-89.65254498453959,29.65666245658078],[-89.65288449291975,29.655792701995885],[-89.65338421852579,29.65567826203624],[-89.65377713264792,29.656273357616982],[-89.65443326392807,29.656525127614668],[-89.65458943244695,29.657119964479957],[-89.65490628531565,29.657097332225078],[-89.65566541023975,29.65666245658078],[-89.65589810713601,29.65634202229528],[-89.65592862380453,29.65593003196156],[-89.65563870781794,29.65558670981864],[-89.65574551840353,29.654991615641908],[-89.65600682574326,29.654877174771183],[-89.65708179293136,29.655151608282505],[-89.65742398907086,29.6550831691815],[-89.65836812651932,29.65444230046156],[-89.65860273053892,29.654007423492068],[-89.65855123281862,29.653732765932627],[-89.65718747433468,29.653545846665065],[-89.65333462703053,29.654072274623843],[-89.64984799052839,29.654163826657875],[-89.64840412657558,29.65384339300339],[-89.64762020635301,29.65384339300339],[-89.64685726358896,29.654118050260905],[-89.64467907180715,29.654026498185246],[-89.64465236758869,29.654301157285055],[-89.64546871339977,29.655834667289202],[-89.6463308355611,29.65656708947997]]],[[[-89.77945485269768,29.41254007751258],[-89.78057066538345,29.411194264174828],[-89.78060956243526,29.41030200202521],[-89.77964443674851,29.411959638732363],[-89.77939266772044,29.41202258172383],[-89.77901119723674,29.411795606460647],[-89.78065392573555,29.409284329532685],[-89.78082816656132,29.405287348674662],[-89.78024525157008,29.40465066374205],[-89.77828640412616,29.404170002773256],[-89.77833599562142,29.405268644133127],[-89.77904171390526,29.405360197043848],[-89.77901501148342,29.405772184904425],[-89.77791637907747,29.405867552436924],[-89.77763026745612,29.40394111609708],[-89.77653162876196,29.403643570160565],[-89.77658122025721,29.4105825324181],[-89.77731365623423,29.410696973039073],[-89.77728695471072,29.41110896118129],[-89.77655452502191,29.41120051352721],[-89.77659528787457,29.414120358125327],[-89.77945485269768,29.41254007751258]]],[[[-89.62155890137106,29.724558789220197],[-89.62203433922676,29.72457859943617],[-89.62229704614168,29.72494853971829],[-89.62276243813758,29.725221295048588],[-89.6254308217053,29.7243299073771],[-89.62544035642372,29.72030223717281],[-89.62600683943178,29.720324474486347],[-89.62626814677151,29.720690684978187],[-89.62640166067725,29.722133291497908],[-89.62666106089364,29.7222928589895],[-89.62718558000151,29.722247081629],[-89.62828993647246,29.72094245513514],[-89.62939047690007,29.72048469081452],[-89.62975859572373,29.720002782681572],[-89.62991690582625,29.719019847185645],[-89.62970518908345,29.718448293830193],[-89.62915587288049,29.71771587153074],[-89.62862944395431,29.717349660327358],[-89.62834334311273,29.71741767319802],[-89.6281106471148,29.717780721357137],[-89.62818694103187,29.718560826619292],[-89.6289193608392,29.719294505824223],[-89.62894987930437,29.719751013288043],[-89.6284234512765,29.719981802117935],[-89.62808012775132,29.719821584987056],[-89.62739729674429,29.719912485793344],[-89.62726378283857,29.719751013288043],[-89.62739348159928,29.71867336084253],[-89.62585092783108,29.71757437326614],[-89.62506651623002,29.7174793604114],[-89.62425780070897,29.717822683400207],[-89.62331175434055,29.717639577380197],[-89.62281584567617,29.71773113082198],[-89.62276243813758,29.718003881582597],[-89.62328886616542,29.71848453311093],[-89.62312871900816,29.71933309696607],[-89.62341856672279,29.72006507448201],[-89.62339186340265,29.720412212123975],[-89.62219023375948,29.721557272422213],[-89.6218717064311,29.722083049361498],[-89.62190031597625,29.722358359608634],[-89.62223982435641,29.722632367065],[-89.62331556948556,29.72233481992626],[-89.62376189024795,29.72251792596225],[-89.62365698588738,29.72338767663089],[-89.62397551321578,29.72363819026782],[-89.62397169807078,29.72393699343437],[-89.62360167212375,29.72396053196074],[-89.62168669300843,29.723296775071507],[-89.6207978693236,29.72327705041608],[-89.6207978693236,29.723616559062755],[-89.62129759403132,29.724004401150108],[-89.62155890137106,29.724558789220197]]],[[[-89.5816933956238,29.706889759561417],[-89.5816933956238,29.707643162844047],[-89.58127377907986,29.708926808435766],[-89.58161115665618,29.709063486116072],[-89.58184598345797,29.70897258484869],[-89.5819527958402,29.70860446683922],[-89.58250211204316,29.70817149773058],[-89.58260892442539,29.707414280661496],[-89.58315823973007,29.70720828656332],[-89.5832650521123,29.706746708940823],[-89.58363126201597,29.706290852375304],[-89.58397458554113,29.70624316857338],[-89.58473649254766,29.70699970239087],[-89.5853631357303,29.706975590304125],[-89.58646176903459,29.70640338552756],[-89.58680509166143,29.705993305174683],[-89.58691184385654,29.70535088126349],[-89.58688519982522,29.704367593199578],[-89.58664868868227,29.703635171175105],[-89.58559964687328,29.70333762468945],[-89.58501981220515,29.702693592011244],[-89.58436368541656,29.70276225698335],[-89.58412865110394,29.702490761651724],[-89.58386777405723,29.70249141240997],[-89.58226750802358,29.703658059029717],[-89.58171628469725,29.70390982898735],[-89.58001492854973,29.70423091537008],[-89.5784623477863,29.705008462088326],[-89.57686398797767,29.705218922250943],[-89.5760228459698,29.704916910309095],[-89.57547219127707,29.70452821108354],[-89.57502530277942,29.704528462330416],[-89.57473729391617,29.705122903645616],[-89.57418629427036,29.705699266705132],[-89.57520840907871,29.70645423396707],[-89.57565590034594,29.706384726502503],[-89.5764138529686,29.705928455536917],[-89.57694028099644,29.705926548584127],[-89.57717870016106,29.706225351415448],[-89.57764981532361,29.706294015533473],[-89.57906888487625,29.70569385247603],[-89.5798013055819,29.70564933156909],[-89.58014462731045,29.70574153575851],[-89.58051084080738,29.7062698712868],[-89.58114026427582,29.706248239460038],[-89.58140347873889,29.70650066067885],[-89.5816933956238,29.706889759561417]]],[[[-89.54627010656725,29.70402873730285],[-89.54774131254234,29.704783396432912],[-89.55143546167173,29.70439475443064],[-89.55170033083158,29.704188303141265],[-89.55170033083158,29.70395560690694],[-89.55086109594707,29.70389075673366],[-89.55054638376369,29.70370383706406],[-89.55048916377504,29.703315389075218],[-89.55075619248483,29.70292563885349],[-89.55091259546398,29.701437906607513],[-89.5511224032868,29.70109332749602],[-89.55211994737553,29.7005681553853],[-89.5522248517361,29.699950174174226],[-89.55196163727301,29.699836382960473],[-89.55083248640189,29.69992793702978],[-89.54818508388595,29.69880260062792],[-89.54734585169639,29.698665272245936],[-89.54726955777932,29.698897968251465],[-89.54792568636452,29.699281344919086],[-89.54792568636452,29.699422488952475],[-89.54779026443711,29.6995610749368],[-89.54703304753465,29.69953883848653],[-89.54671452020628,29.699721292406483],[-89.54674312975145,29.699971806577175],[-89.5475289579957,29.70015616755338],[-89.54816219750745,29.700866352260793],[-89.54813167994062,29.701438557372573],[-89.5473706487915,29.70207877546328],[-89.54461452946491,29.702651630667617],[-89.54215023234995,29.701919210174925],[-89.5409447884601,29.701964985880647],[-89.54052517101785,29.702285420698697],[-89.54055568948299,29.702655446258092],[-89.54249188770365,29.704024208594394],[-89.5434853785938,29.703725469438936],[-89.54440662786712,29.70365805981002],[-89.54553707500719,29.703910347089682],[-89.54627010656725,29.70402873730285]]],[[[-89.56237957838768,29.705836253079607],[-89.563979843523,29.706522897928583],[-89.56442807140876,29.70688785340712],[-89.5645577710678,29.70791972831365],[-89.56397984442133,29.708952860499437],[-89.56400840545747,29.709341960023433],[-89.56418965314246,29.709341960023433],[-89.5645577710678,29.70897574870256],[-89.56489727944795,29.708147959402815],[-89.56581662159793,29.707690194476477],[-89.56605122561754,29.707278208549948],[-89.56667874465758,29.70675243131282],[-89.5672852817475,29.706408457186342],[-89.57003567790741,29.705653797783363],[-89.57024929997694,29.70547004145812],[-89.57024929997694,29.705286935536773],[-89.56985638765144,29.704943612594896],[-89.56806729394843,29.704257618618495],[-89.5657098092157,29.704555164719494],[-89.5636632251146,29.704211191650053],[-89.56206486530598,29.70333762546969],[-89.56048939457081,29.702696756063006],[-89.55991146882266,29.702239643578455],[-89.55933544929955,29.700865700711724],[-89.55896542335255,29.70056880615594],[-89.55747006167947,29.7000423781336],[-89.55657833194469,29.700065199700706],[-89.55634472595335,29.70020194406256],[-89.55618832207588,29.700591693928985],[-89.55639622367366,29.700819925285344],[-89.55734036202043,29.700933109093544],[-89.55744717260602,29.701141009841542],[-89.55737087868894,29.701459537909823],[-89.55650121247585,29.702468380716923],[-89.5565545346745,29.702788308305454],[-89.55768177662561,29.702948526869797],[-89.55836460853097,29.702788308305454],[-89.55915234300024,29.702834085175695],[-89.56091092003473,29.704073862079508],[-89.56172344980246,29.70524115978451],[-89.56237957838768,29.705836253079607]]],[[[-90.87551603057878,29.23370250930541],[-90.87624721879588,29.23408960923606],[-90.87637625190497,29.23458423536127],[-90.87813970499481,29.236777798924347],[-90.87990315718635,29.23458423614519],[-90.88099993906283,29.230390658448318],[-90.87835475987721,29.231680989709055],[-90.87684937300556,29.23217561806419],[-90.87633324146748,29.231035824935425],[-90.87534398703221,29.230498186478503],[-90.87441924960063,29.229594954884444],[-90.8725912804054,29.228541184681905],[-90.872075147969,29.226584182329233],[-90.86986007944648,29.230111087863566],[-90.87108020719798,29.229911537020698],[-90.87250525773378,29.23043367014428],[-90.87355902827446,29.230412164690534],[-90.87476333759211,29.23148744125255],[-90.87540850403592,29.232584222498847],[-90.87551603057878,29.23370250930541]]],[[[-89.51209422709734,29.732649767639376],[-89.51613589668095,29.733111341601465],[-89.51666042117871,29.732928240855628],[-89.51658221923996,29.732562029780663],[-89.51610919695408,29.732058489417536],[-89.51543208731708,29.731944699491642],[-89.51492854746436,29.732035600237232],[-89.51463887851448,29.73157346046266],[-89.51416560829355,29.731414456111708],[-89.51392909625228,29.730979579843513],[-89.51408931437648,29.73040672480182],[-89.51479884780531,29.730269395961454],[-89.5156380808932,29.730589830149857],[-89.51600429169518,29.730159420111708],[-89.51650401909785,29.730158768752734],[-89.51653072062136,29.730434078685505],[-89.51595279307658,29.73093315275183],[-89.51611110407741,29.73127903434199],[-89.51692363384515,29.731188738239386],[-89.518314092056,29.73137184294024],[-89.51907131075507,29.73100628299767],[-89.51917812044236,29.730456966671],[-89.51870891240314,29.72974678142974],[-89.51739665702938,29.729330979398537],[-89.5164773148794,29.728850978919304],[-89.5151650586073,29.72871364950964],[-89.51228114674504,29.727981227237567],[-89.51170131207691,29.728004116562715],[-89.51031276278606,29.728850978919304],[-89.5095269336435,29.72905697307137],[-89.50941630791289,29.729491196949137],[-89.50965634314669,29.72972054910505],[-89.51146480183228,29.730429612013513],[-89.51141139519201,29.730933804105717],[-89.51104527242492,29.73152865149007],[-89.51115199587394,29.732009549484065],[-89.51159558665618,29.732442972729412],[-89.51209422709734,29.732649767639376]]],[[[-91.3459570102025,29.33248471558799],[-91.34658497840017,29.332576086498353],[-91.34757825728792,29.332347385751525],[-91.3483621775105,29.332484714804902],[-91.34910198955431,29.332233354317577],[-91.34946081081478,29.33186673417439],[-91.34948560701154,29.331656926118583],[-91.34914800575474,29.3313593787532],[-91.34626600101583,29.330398075766286],[-91.34640142294323,29.330008975387436],[-91.34889051356002,29.330626957095735],[-91.34956818823731,29.330992443771866],[-91.34985181691523,29.330718509796945],[-91.34988042735871,29.3300776407287],[-91.34932920403239,29.329459659607288],[-91.34676763374522,29.32852124342758],[-91.34668561845808,29.328132144502447],[-91.34608395293193,29.327648260448544],[-91.34532758493742,29.327807895308396],[-91.34210988696334,29.32925366532899],[-91.34062024755863,29.329642764673974],[-91.34072324479584,29.32994031156617],[-91.34137746535939,29.330237857590173],[-91.34333822082498,29.3301691939231],[-91.34365674725505,29.33042096360908],[-91.34433576401538,29.332210057296297],[-91.34506818561935,29.332622044456464],[-91.3459570102025,29.33248471558799]]],[[[-89.51354380882692,29.659258790296075],[-89.51440974523494,29.659165981412325],[-89.51495906143793,29.658869691223874],[-89.51632281722695,29.659098573121444],[-89.5167138233274,29.659007671152384],[-89.51684733723313,29.65825170968558],[-89.51724025135526,29.657863261669217],[-89.51726886090043,29.65747351161523],[-89.51684819063266,29.65724509284194],[-89.51428004557592,29.656970622885392],[-89.51231166071861,29.656805939927583],[-89.51110621682874,29.656875255295972],[-89.50950404277343,29.65644038025318],[-89.50800868110034,29.65561640494964],[-89.50612421955182,29.6551777148805],[-89.50596591124594,29.655268616406232],[-89.50633212114961,29.656004853052526],[-89.50722476177609,29.656920380946747],[-89.50845881610942,29.65737879477208],[-89.50987071620779,29.65840706021347],[-89.51168032833019,29.659007020112675],[-89.51354380882692,29.659258790296075]]],[[[-89.47071619197361,29.675227768878756],[-89.47124262089979,29.676484712159514],[-89.4715783177282,29.676372170472074],[-89.47176141863761,29.67614329665886],[-89.47189493344167,29.674765539348805],[-89.47302027006607,29.672910339467933],[-89.47312698453193,29.672431388374243],[-89.47302027006607,29.67220271320976],[-89.47202081795571,29.672134048429466],[-89.46982164512212,29.67103476397369],[-89.46911211079495,29.670508336566588],[-89.46879739861157,29.67007346113284],[-89.46837868038291,29.669018039554444],[-89.46803755413693,29.669089016094826],[-89.46772165348244,29.669661473172322],[-89.46748514233947,29.669661473172322],[-89.4671456339593,29.669295914156933],[-89.46683282889927,29.669387466388223],[-89.46669931409524,29.669638585379783],[-89.46685762419777,29.669936132520558],[-89.46848840689994,29.670804626039235],[-89.46924371757734,29.671378087256368],[-89.46993036372939,29.672523147710645],[-89.46990175418422,29.673621129616514],[-89.46961755866936,29.674289353053094],[-89.46861620033393,29.673602057077325],[-89.46816988046986,29.67367072085523],[-89.46782846496635,29.673922491021802],[-89.46754236322646,29.674449571009177],[-89.4672219278764,29.67449534752118],[-89.46683282889927,29.673946031123958],[-89.46606988883018,29.673328050102505],[-89.46577997194527,29.672778732792285],[-89.46559686654427,29.671836502327857],[-89.46539014263783,29.671699292421177],[-89.4649712555259,29.671767837297587],[-89.46484155676518,29.672088272403617],[-89.4649426450824,29.672705603068238],[-89.46573038134832,29.674151373012045],[-89.46578378709027,29.674540472292588],[-89.46699304612515,29.674975998077855],[-89.46743555084423,29.675456000086644],[-89.46948213584363,29.674998236060848],[-89.47011156200702,29.675021124194583],[-89.47071619197361,29.675227768878756]]],[[[-89.58424822225814,29.65854466529496],[-89.5857435875245,29.658704881009694],[-89.58728854069284,29.65863621326006],[-89.58728472554783,29.658407331091325],[-89.58563486891724,29.65719044278164],[-89.58453432399803,29.656137586288253],[-89.5839277869081,29.655107616908698],[-89.5833784698068,29.654649853953423],[-89.5829893708297,29.654649853953423],[-89.5818602208569,29.655061840941098],[-89.58091417269185,29.655038952168784],[-89.57994523904661,29.655542493807836],[-89.57716431903168,29.65623295379611],[-89.576981214529,29.656393170849753],[-89.57784715183533,29.657262921805888],[-89.57819047805545,29.657377363085974],[-89.57999673586859,29.657102704575802],[-89.58173376860762,29.657081369737632],[-89.58282915360383,29.657949567533908],[-89.58424822225814,29.65854466529496]]],[[[-89.43513460718758,29.99500181652797],[-89.43563623901863,29.99548311993717],[-89.43887110379781,29.99621489089874],[-89.440267284277,29.99701662866256],[-89.44105501964458,29.99777510186543],[-89.44237299728674,30.00017901317775],[-89.442609509328,30.000360211359183],[-89.44279261293234,30.000269914158995],[-89.44299860740679,29.999561032111004],[-89.4434239462191,29.998988176571796],[-89.44344874151756,29.998531064191287],[-89.44252939936757,29.997889542848334],[-89.44189806697915,29.996974015958163],[-89.4407631938397,29.996238429868125],[-89.44050379452163,29.99488802729474],[-89.43944903044427,29.994612716997068],[-89.43884058623095,29.994132717201893],[-89.43845148725386,29.994018276555362],[-89.43702478920783,29.9941098281495],[-89.43621225944007,29.993926072125127],[-89.4347664865673,29.992942530829737],[-89.43442316573707,29.992552781358288],[-89.43418650367715,29.99177134364617],[-89.43366022566795,29.991794307150414],[-89.43345041694681,29.992484116204484],[-89.43474359929048,29.99415369779123],[-89.43513460718758,29.99500181652797]]],[[[-89.46716852303275,29.664525634368033],[-89.4677178374391,29.66423380928479],[-89.46861238518892,29.664252231814185],[-89.4696617773409,29.663908412734024],[-89.47021265032426,29.662993381653866],[-89.47021265032426,29.662170057171213],[-89.47005243309839,29.66187251125578],[-89.46950311869205,29.66175807040485],[-89.46803445764415,29.662444064882],[-89.46732683133864,29.662444064882],[-89.46677560711402,29.662054965638696],[-89.46664209320826,29.66175807040485],[-89.46671838712535,29.660796766332926],[-89.46711492864458,29.660178702176378],[-89.46690149252633,29.660083418030897],[-89.46562166184275,29.66024679902539],[-89.46491021949393,29.659923199827546],[-89.4648873322171,29.659377048100882],[-89.46514673063686,29.65909922572184],[-89.46567316046136,29.658892580686064],[-89.46577806392361,29.658526369743168],[-89.46593255888112,29.657519940657696],[-89.46564780461415,29.65692552067636],[-89.46523065484396,29.657039288649123],[-89.46404809823092,29.65822947502553],[-89.46378869891284,29.658801678530914],[-89.46386499282993,29.65935481056702],[-89.46430940467233,29.66070456227943],[-89.46433801601414,29.66134608351263],[-89.46668166669149,29.664292658174],[-89.46716852303275,29.664525634368033]]],[[[-89.34283988479183,29.902333917110102],[-89.34339521701227,29.901904780013613],[-89.34411325030034,29.902196536873436],[-89.34441782589404,29.901808745215153],[-89.34425910436313,29.901186339792936],[-89.34336496804171,29.899973875776716],[-89.34360148008298,29.89871502517445],[-89.34349466770075,29.89811993261577],[-89.3432823895109,29.897845925078197],[-89.3427999510842,29.89764004084017],[-89.34081046480088,29.897685708390558],[-89.33984018637767,29.897250180951794],[-89.33872000967624,29.89637726610071],[-89.33851401610012,29.89637726610071],[-89.33855216305867,29.898669899331836],[-89.33823554285364,29.899172788958438],[-89.33755271184658,29.89965790654774],[-89.33739440264239,29.899973875776716],[-89.3373944035407,29.90057278322348],[-89.3379727083779,29.900573100171542],[-89.33881594076544,29.8994016704512],[-89.33949877177245,29.899241453928724],[-89.34050528913255,29.898627938338628],[-89.34065787696672,29.898944558757755],[-89.34023444527776,29.9001569807869],[-89.3417870269395,29.900546731959857],[-89.34223334770189,29.900870330020616],[-89.34247367309153,29.901328744271265],[-89.34254996790693,29.902267159041795],[-89.34283988479183,29.902333917110102]]],[[[-89.64422726593163,29.652918687658364],[-89.64501500309585,29.653426043313605],[-89.64632535134629,29.653517595935494],[-89.64656186338756,29.653357378207012],[-89.64619565168725,29.652510515636525],[-89.6461174497485,29.651682725761585],[-89.64682126180732,29.6511791851081],[-89.64753079523616,29.65097319129443],[-89.64753079523616,29.65076719705921],[-89.64650845584897,29.6503780979422],[-89.64590573390402,29.64992033377292],[-89.64551472780357,29.64914213529416],[-89.64517331140173,29.648867477729503],[-89.64362501021232,29.648268749449603],[-89.64307713400875,29.648337234561914],[-89.64299893207001,29.648749220846344],[-89.6437313545723,29.649325241222062],[-89.64375805789244,29.650080551508015],[-89.64425778260015,29.65113341047632],[-89.64436077983736,29.651980272924167],[-89.64380764848937,29.652163377592377],[-89.64333462620348,29.65156828581237],[-89.64302182114345,29.65085875131907],[-89.64291882300792,29.6501721040504],[-89.64312863172904,29.649897445392703],[-89.64291500876122,29.649325241222062],[-89.64231610106297,29.649439681379615],[-89.64139675711638,29.651064745366966],[-89.6412918527558,29.65156828581237],[-89.64289212148441,29.652781359828737],[-89.64422726593163,29.652918687658364]]],[[[-89.58856938916766,29.717810588478528],[-89.58888410314768,29.718089061529316],[-89.58878110591044,29.719051016800385],[-89.5890176170534,29.7192322151059],[-89.58977674287581,29.719141919084716],[-89.59035276150063,29.718501701339797],[-89.59197782283276,29.71728481178284],[-89.59213613293528,29.716666179792742],[-89.59184812407203,29.716140402564115],[-89.59158872385564,29.716048849231807],[-89.59129880697074,29.71625484313687],[-89.59111570067142,29.71694148851474],[-89.59066747548064,29.71726127247091],[-89.59016965609962,29.717353476919723],[-89.59009145416088,29.717123943584465],[-89.5906121608187,29.716575278387044],[-89.59077237894289,29.716002422253748],[-89.59187101224715,29.715018881167577],[-89.59271024533504,29.714580191266943],[-89.59271024533504,29.714238774906065],[-89.5925823090689,29.714144705270794],[-89.59053586779991,29.71451534093334],[-89.58990486688985,29.714446658251266],[-89.58956693325638,29.71458400640419],[-89.5894868250926,29.714812236388482],[-89.58885739982753,29.71501823049059],[-89.58843778418192,29.715430868100967],[-89.58723233939372,29.716117514433865],[-89.58709882279304,29.716666179792742],[-89.58762334459587,29.717558819047355],[-89.58856938916766,29.717810588478528]]],[[[-89.47084970677766,29.68244071188324],[-89.47071809909697,29.683264686756704],[-89.47042818221206,29.68388266835707],[-89.47043390448043,29.68443454332978],[-89.47077150573725,29.684756233570152],[-89.47116441896105,29.684573128135096],[-89.47134752436203,29.683955146877622],[-89.47218675744992,29.68319602172651],[-89.47273607455122,29.68232627102305],[-89.47376032106176,29.68191302757932],[-89.47410173656526,29.681204749786353],[-89.47389002251742,29.680244097516134],[-89.4733937940528,29.67987798226029],[-89.47286768223191,29.680038103119024],[-89.47200556096891,29.68081630143976],[-89.47179193710276,29.68074763707846],[-89.47263117019065,29.67943854416698],[-89.47263117019065,29.678660997020376],[-89.47223444182183,29.678020127873264],[-89.47147616580568,29.677356440409294],[-89.47131894715622,29.67783645212706],[-89.47142572540247,29.678750642622592],[-89.47082300345754,29.68019832049959],[-89.47074289439544,29.68083853813099],[-89.47084970677766,29.68244071188324]]],[[[-89.46587915313916,29.64008677055331],[-89.46572084213832,29.640315001062483],[-89.46577234165524,29.640566770378154],[-89.4664055802687,29.641185403132944],[-89.46624550946822,29.641737798137665],[-89.46637506360017,29.642218534930755],[-89.46666498048508,29.64251608196161],[-89.46653528082604,29.64340937204193],[-89.46711511459586,29.643821359755943],[-89.46671849941475,29.644668034666758],[-89.46679658816578,29.64498800567055],[-89.467138002771,29.645399993951163],[-89.46735162573879,29.646205545870185],[-89.46803064339746,29.646593994381924],[-89.46805734492095,29.64705175806394],[-89.46831865226068,29.647211974899946],[-89.4684731472182,29.647006631891898],[-89.46837015177762,29.644324248606097],[-89.46918251895029,29.640955798891888],[-89.46881646984505,29.640796303675984],[-89.4679753278372,29.640795652518452],[-89.46758050749004,29.64047586962901],[-89.46703119128706,29.640407205057773],[-89.46635015241903,29.639904447331965],[-89.46587915313916,29.64008677055331]]],[[[-89.60687994184335,29.70630927343971],[-89.60724615264533,29.708002999759945],[-89.61029028173346,29.70907874438179],[-89.61089544709598,29.709215985964036],[-89.61141752637954,29.709056506917776],[-89.61141752548122,29.708779942238372],[-89.61099790893726,29.708413731208548],[-89.60986875716786,29.707843432960363],[-89.60863279391452,29.706653247905937],[-89.60755705148031,29.70633281297874],[-89.60779356172496,29.70598949049129],[-89.60873960719506,29.70561946473114],[-89.60892271349438,29.7052532530994],[-89.6089760940835,29.70383417197388],[-89.60863279391452,29.703696857493323],[-89.60813688525012,29.70383418601884],[-89.60764097389081,29.704269061305162],[-89.60727476219049,29.704337725980444],[-89.60614488727728,29.703788532107676],[-89.60572218052876,29.703860240183943],[-89.60561922641068,29.7044058194506],[-89.60687994184335,29.70630927343971]]],[[[-89.32159582875863,29.874865532549595],[-89.32224170307488,29.87543615415438],[-89.32349173304723,29.874795613046714],[-89.32443587139402,29.874773981004093],[-89.32555211077953,29.87511593903009],[-89.32611629499877,29.874976757753483],[-89.32719198982227,29.87435882964301],[-89.32690645132605,29.873625756106428],[-89.32690645132605,29.87298488711571],[-89.32714296426563,29.872298241372437],[-89.32686681136751,29.87211691575531],[-89.32664267361929,29.872161562870556],[-89.32159964300534,29.874038394512084],[-89.32109610225429,29.874427493790563],[-89.32101980833721,29.87467926374452],[-89.32125542745308,29.874797072786826],[-89.32159582875863,29.874865532549595]]],[[[-89.46918323670421,29.6499460599688],[-89.46908349945316,29.65000498591553],[-89.46923799441066,29.65062231469678],[-89.46923990243234,29.653006501333817],[-89.46897673647827,29.65522680856874],[-89.46915979426856,29.65579886130955],[-89.4695016472516,29.65577482202934],[-89.46992082721432,29.654448457515862],[-89.47068185836346,29.654128022425695],[-89.47131128362854,29.653555818105875],[-89.47220201533501,29.653395600438245],[-89.47246332267476,29.652846935432564],[-89.4724099169328,29.652362467805563],[-89.47138757754561,29.65167582298862],[-89.46994562161449,29.650165202735174],[-89.46957941171081,29.64986765567165],[-89.46918323670421,29.6499460599688]]],[[[-89.60184263259943,29.710936502828577],[-89.60223745474322,29.710432963185006],[-89.60258268359512,29.710431707024515],[-89.60320829461348,29.710799173872527],[-89.60357440570247,29.710639043514533],[-89.60331129185072,29.70997519853251],[-89.60339140001446,29.709471658749454],[-89.60467313871975,29.70775188142489],[-89.60470174916323,29.707362129694378],[-89.60446532964843,29.70711045812017],[-89.60401701103287,29.706973681810723],[-89.60325788521044,29.707018808385172],[-89.60157941813635,29.70733924190371],[-89.60115980069409,29.70796103829393],[-89.60105680615183,29.708442341030082],[-89.60108160055199,29.70901389439584],[-89.60139631363369,29.709769205006403],[-89.60145353272402,29.710935246674335],[-89.60184263259943,29.710936502828577]]],[[[-90.35428889697869,29.325119648818138],[-90.35411638091827,29.324515841076337],[-90.35429948631926,29.3230929591702],[-90.35510820184032,29.322383425750107],[-90.35510820184032,29.321811220639066],[-90.35500789775232,29.32169763717818],[-90.35458940230585,29.322017215068133],[-90.35385697980357,29.322177432060634],[-90.35283464131469,29.32153656258085],[-90.35231393465688,29.32000305357289],[-90.3521324049009,29.319957671875436],[-90.35108040673627,29.3211101191858],[-90.35083290021427,29.32205419968969],[-90.35134789987507,29.322175799824002],[-90.35201310054634,29.322718400357196],[-90.35275339947701,29.32297090038097],[-90.35288210020946,29.323167399898708],[-90.35268900015261,29.323532200584918],[-90.3527641002087,29.324635999530237],[-90.35326840093447,29.325084999245917],[-90.3535044000377,29.32487919976391],[-90.35378339969697,29.324963399446908],[-90.35428889697869,29.325119648818138]]],[[[-89.53928539531442,29.719466169432202],[-89.53847286464838,29.720542565913195],[-89.53761074338536,29.721183435319954],[-89.5375573376434,29.721503869658974],[-89.53779384878636,29.721776620309313],[-89.53934452062981,29.721340402557782],[-89.54143879269608,29.72029014411023],[-89.54141018225259,29.719991341788003],[-89.54091236376992,29.719283064069803],[-89.54101917705046,29.71760841122795],[-89.54088375422474,29.717126503328434],[-89.54054615296792,29.71671577241433],[-89.54009941448892,29.716693435999236],[-89.53928539531442,29.719466169432202]]],[[[-88.90723187801385,30.422490906734172],[-88.90350873126705,30.42011053435001],[-88.90112836105415,30.422735046790187],[-88.90723187801385,30.422490906734172]]],[[[-89.60638212336066,29.709444955326976],[-89.60659193208178,29.71024604242855],[-89.60732816972909,29.71121181165911],[-89.60785459685862,29.711461674556283],[-89.6085870193609,29.71148200464032],[-89.60913633556389,29.71125377410728],[-89.60950254636587,29.710887562737174],[-89.60955595210783,29.7098118172078],[-89.60915922463731,29.70942271872432],[-89.60698484530559,29.708964954147596],[-89.6060388007338,29.708232532882107],[-89.6054894845308,29.708049427316215],[-89.60514710782995,29.708049427316215],[-89.6044919404421,29.708689645398323],[-89.60449384846376,29.709101632556226],[-89.60462354812279,29.70919318520179],[-89.60535787685012,29.708941415225567],[-89.60605478805091,29.709035729268084],[-89.60638212336066,29.709444955326976]]],[[[-89.5762078602908,29.711471212695418],[-89.57597134824952,29.711608542292694],[-89.5761029550319,29.71270652317727],[-89.57510541184149,29.71387382117887],[-89.5766007735146,29.71424003257933],[-89.5777814230043,29.714194255447154],[-89.57893727629722,29.713805156002483],[-89.57893727629722,29.713347391900836],[-89.57828114861034,29.712683635044364],[-89.57806943276586,29.711721074947057],[-89.57712338729574,29.71142543586116],[-89.5762078602908,29.711471212695418]]],[[[-89.55476925431987,29.68402762378503],[-89.55524227660577,29.684370946407125],[-89.55561039632774,29.684370946407125],[-89.55708096090571,29.683751709753736],[-89.55901882819619,29.68379748515213],[-89.55928204265928,29.68366522701883],[-89.55930868848723,29.683410192501324],[-89.55891201581396,29.68313563551415],[-89.55605671439518,29.682860326215152],[-89.55571529979,29.682586319497346],[-89.55571529979,29.681693029137836],[-89.55542538290507,29.68164790289386],[-89.5541150319597,29.683180760309806],[-89.5541150319597,29.683821630117222],[-89.55476925431987,29.68402762378503]]],[[[-89.29549566175918,29.860133170480736],[-89.2953622745159,29.860293880666536],[-89.29557551839467,29.860705700894563],[-89.29639211753066,29.860866243441222],[-89.29734582293518,29.86137230048997],[-89.29809784937193,29.86130428253701],[-89.3004648697214,29.860110280975203],[-89.30023733184981,29.85992782694281],[-89.2986198999094,29.860017472511146],[-89.29783407256346,29.859424287514358],[-89.29724660850364,29.859288865146922],[-89.29688802619503,29.85937785999179],[-89.29654661158985,29.859744069986764],[-89.29549566175918,29.860133170480736]]],[[[-89.56224679481227,29.71046397317946],[-89.55952236984554,29.712064398904],[-89.5589959418177,29.71271098985794],[-89.5606497770867,29.713419872571873],[-89.5611989306946,29.713301616702232],[-89.56140682959743,29.712501181266884],[-89.56295559791079,29.711196554497704],[-89.5631387042101,29.710828436059252],[-89.56316159148689,29.710530889820266],[-89.56295559791079,29.710395467957586],[-89.56224679481227,29.71046397317946]]],[[[-89.60213254948435,29.713000254013078],[-89.60252546360645,29.712767557132583],[-89.60249876208294,29.712445867636802],[-89.60173963626055,29.71164603628686],[-89.60063718781126,29.711120259293637],[-89.60060667114273,29.710616719011128],[-89.60087179272917,29.709723428956597],[-89.60066007598638,29.709197651258506],[-89.5999276543824,29.70887721664798],[-89.59953855450699,29.709014546672254],[-89.59953855450699,29.709518086406867],[-89.60003446586632,29.711372029268077],[-89.59998108078561,29.71274469632079],[-89.60011266780506,29.71290870171805],[-89.60045408241025,29.712862925539202],[-89.60074209217181,29.71256156465406],[-89.60126661307632,29.712538676488084],[-89.60163177554436,29.712806276396726],[-89.60213254948435,29.713000254013078]]],[[[-89.51741763628452,29.677813481123156],[-89.51710292320283,29.67868388432035],[-89.51707431365764,29.679232549680165],[-89.51885959131734,29.680197668036097],[-89.51917239637737,29.680289220487953],[-89.51993343022146,29.68008322696378],[-89.51998683596342,29.679626114619463],[-89.5198037296641,29.679305679340068],[-89.51851436156713,29.678023941277225],[-89.51788875144707,29.67687571693937],[-89.51752253974676,29.676852829227848],[-89.51736422964426,29.677103948309075],[-89.51741763628452,29.677813481123156]]],[[[-91.05755818739779,29.243457299768504],[-91.05706036891509,29.244464380332083],[-91.05706036891509,29.246093256701037],[-91.0566426594945,29.247466547669767],[-91.05674565583341,29.247626764833125],[-91.05844510485757,29.24742077162726],[-91.05909932542112,29.24696300772399],[-91.05904782680253,29.24657390840284],[-91.05820859371464,29.245864373995463],[-91.05794919349825,29.245406610183643],[-91.05784428913766,29.244853479052797],[-91.05797398969503,29.24338863575007],[-91.05755818739779,29.243457299768504]]],[[[-89.64890838148729,29.739934580014324],[-89.6494329023918,29.739687880691054],[-89.64980102121544,29.73908897342563],[-89.65067077187017,29.739228860292112],[-89.65142608254757,29.739089624726567],[-89.65124297714657,29.73753322724969],[-89.65095404122195,29.737327500887464],[-89.64977813304031,29.73789943811593],[-89.64859499970883,29.737692793650695],[-89.64846587586989,29.738082544607643],[-89.64856696598376,29.739619216797436],[-89.64890838148729,29.739934580014324]]],[[[-89.57961247701422,29.68059057985801],[-89.57872174530775,29.68118567322258],[-89.57806561672253,29.681372593422566],[-89.5780160270239,29.681533461131146],[-89.57840512510269,29.681738803912868],[-89.5788781482869,29.68169302835737],[-89.57955716414892,29.681209212404664],[-89.58102963764689,29.68056769221171],[-89.58165524776696,29.680520658808017],[-89.58241818783607,29.680865238231405],[-89.58289121012196,29.680773685523654],[-89.58289121012196,29.6804767901338],[-89.58268140229916,29.68022436908713],[-89.58136914512875,29.679675052770946],[-89.58092282526466,29.679355268555558],[-89.58047875298543,29.678714234471983],[-89.58024190317761,29.678690861726352],[-89.57961247701422,29.68059057985801]]],[[[-89.45368737800321,29.662744170236653],[-89.4554726565612,29.662104557116173],[-89.45625848480545,29.6623105507814],[-89.45738572765488,29.662150333002295],[-89.45780534419883,29.66180319542695],[-89.45772714315838,29.66143698493016],[-89.45746392869532,29.661162977598913],[-89.45560235711855,29.660567884395405],[-89.45503015094381,29.661391859743805],[-89.45363587938458,29.662424991784484],[-89.45368737800321,29.662744170236653]]],[[[-89.54564068130217,29.691794349857826],[-89.54493114787331,29.693213416906808],[-89.54411861720725,29.694197609335937],[-89.54267666127612,29.6948849065214],[-89.54257175691556,29.69518180148852],[-89.5430183040534,29.69538767744997],[-89.54377690076812,29.69534585039446],[-89.5443551283502,29.69511695111321],[-89.54503414511053,29.69419826014783],[-89.54624340414541,29.69355674014361],[-89.54608700116623,29.69282431732901],[-89.54611370448637,29.691840125494924],[-89.54587719334343,29.691679908722836],[-89.54564068130217,29.691794349857826]]],[[[-89.53249904555109,29.697219502175404],[-89.53184291786421,29.69731486896082],[-89.5317361063803,29.69761241534012],[-89.53207942990548,29.698390614138322],[-89.53244349373394,29.698709993668352],[-89.53399059297749,29.698183969473778],[-89.53467151686117,29.697497323018467],[-89.53456661339892,29.697063098859513],[-89.53430648375053,29.696925733765074],[-89.53330776197046,29.69687617896948],[-89.53286434096981,29.696670871798126],[-89.53249904555109,29.697219502175404]]],[[[-89.60178278683522,29.69485743604326],[-89.60207142721409,29.694468604248552],[-89.60199331241193,29.694033574942562],[-89.60162519358828,29.693804692960782],[-89.60083555199566,29.693645127015216],[-89.59958051571222,29.693667363989654],[-89.59800504587535,29.693874009360485],[-89.59808324691579,29.694331122456113],[-89.5984513648411,29.694537115652093],[-89.59950040665012,29.694743109206037],[-89.60086416154084,29.694628668308162],[-89.60149549482756,29.694811773370116],[-89.60178278683522,29.69485743604326]]],[[[-89.48330469727502,29.719730036572532],[-89.4840371197773,29.72027870168909],[-89.48524328052277,29.720187309721165],[-89.48550768615192,29.72000404340322],[-89.48555918387221,29.719500503210774],[-89.48531885848256,29.718883173697552],[-89.48498267207233,29.718585676296186],[-89.4845864368786,29.718722956373284],[-89.48388153785831,29.71835674494328],[-89.48348689447924,29.718378903111294],[-89.48314448004913,29.718906062757455],[-89.48330469727502,29.719730036572532]]],[[[-89.4383446613969,29.678462633958997],[-89.43816173026907,29.67866843178377],[-89.43826836747982,29.678941378377914],[-89.43955010708338,29.67997260299355],[-89.44102258147967,29.680657992476544],[-89.44144029000195,29.68045325546291],[-89.44049424363352,29.679148627671577],[-89.43878716611596,29.678367267233416],[-89.4383446613969,29.678462633958997]]],[[[-89.8153458657766,29.40855503036169],[-89.81562718039434,29.40782423360772],[-89.81356717186964,29.406665333561598],[-89.8116261137633,29.407027686300996],[-89.8153458657766,29.40855503036169]]],[[[-89.46475763255806,29.665881759531313],[-89.46399659961232,29.666544865492334],[-89.46389169615006,29.66709418172703],[-89.46585626586234,29.667665130415834],[-89.46612138744877,29.667506168495404],[-89.46614618274725,29.667184478480696],[-89.46570177000652,29.666636417105504],[-89.46549005416205,29.666064864661912],[-89.46509371835701,29.665790478089257],[-89.46475763255806,29.665881759531313]]],[[[-89.86692588073251,29.479008578279643],[-89.86689727118734,29.47919168555816],[-89.86836783846027,29.479306125484257],[-89.86954277466475,29.479786778800815],[-89.86993221949326,29.479832371527788],[-89.87016838478482,29.479626559717875],[-89.87019127385827,29.479329014235976],[-89.86961906858184,29.478917027644368],[-89.86828391335484,29.47841348672403],[-89.86692588073251,29.479008578279643]]],[[[-89.70820200251416,29.65827832522992],[-89.70859776519404,29.65788624503619],[-89.70935902541358,29.65806923981864],[-89.70982991869225,29.657840468771287],[-89.7100931313587,29.657176712931946],[-89.70982609815734,29.656902052312798],[-89.70925389377925,29.65678761127278],[-89.70812474290814,29.656787612053442],[-89.70806370777447,29.658237197790235],[-89.70820200251416,29.65827832522992]]],[[[-89.44453313742288,29.66467229594827],[-89.44374627431942,29.665198928749987],[-89.44264764101517,29.666503554876925],[-89.44264764101517,29.66675482625359],[-89.44293135054147,29.666777372035195],[-89.44350976227817,29.66643489088901],[-89.4451634349521,29.6651525009094],[-89.44518818892807,29.66478689506379],[-89.44500512484957,29.664580296836263],[-89.44453313742288,29.66467229594827]]],[[[-89.51327296497213,29.681846269035738],[-89.51295443854207,29.68248648787861],[-89.51305934290262,29.682942994864504],[-89.51437159917474,29.682370789778716],[-89.51489612007923,29.681891394410187],[-89.5148179181405,29.681456518257345],[-89.51355981141539,29.681227506952403],[-89.51324435632529,29.681525182914907],[-89.51327296497213,29.681846269035738]]],[[[-89.59003232615056,29.696006425706486],[-89.58958409916315,29.696509315095515],[-89.58958409916315,29.696715308507493],[-89.59021543155157,29.69685138088379],[-89.59066175141565,29.69733328933053],[-89.59092305785705,29.697379066345825],[-89.59197019254273,29.6971279448573],[-89.5908181534965,29.695983537669072],[-89.59003232615056,29.696006425706486]]],[[[-90.16251170640884,29.11542843036501],[-90.16246020689192,29.1162295164425],[-90.16269481180984,29.11673687136794],[-90.163894418447,29.11792694454244],[-90.16425883800831,29.117904168474517],[-90.16436374236885,29.117812616038957],[-90.16425883800831,29.117606622564796],[-90.16311252123042,29.116206628557226],[-90.16329562663144,29.11540554151669],[-90.16251170640884,29.11542843036501]]],[[[-91.30963726717107,29.308270920378913],[-91.30924091968794,29.30861557232592],[-91.30924091968794,29.30923223449334],[-91.30945416177008,29.309529770422138],[-91.3105222766092,29.309552658247373],[-91.3107816768256,29.30939244101287],[-91.3108884865129,29.308866013423803],[-91.31065197716656,29.308499802006814],[-91.30999991974622,29.3082472340531],[-91.30963726717107,29.308270920378913]]],[[[-89.46887750587703,29.666019088215414],[-89.46882410193172,29.66638339150134],[-89.46950502401877,29.6670484057489],[-89.47039766374691,29.667391728589532],[-89.47084207558933,29.667231510316938],[-89.47081537406584,29.66686595027531],[-89.4705257670997,29.66649822595928],[-89.46929702270799,29.665950440288743],[-89.46887750587703,29.666019088215414]]],[[[-89.6456320190336,29.621880820328453],[-89.64639305647093,29.622201257308124],[-89.64646935128633,29.621926595763536],[-89.64542221031246,29.620919516551286],[-89.64411186206202,29.61988954769249],[-89.64379878481247,29.619775698695516],[-89.64371894883821,29.619958212975018],[-89.6456320190336,29.621880820328453]]],[[[-89.61043333484918,29.72797741026925],[-89.61040663152906,29.728320081859025],[-89.61174559022298,29.729304273458254],[-89.61187526113592,29.728709689814302],[-89.61163921711693,29.727930575362496],[-89.6106469569187,29.72781719264167],[-89.61043333484918,29.72797741026925]]],[[[-89.86308619195064,29.47839972941975],[-89.86289927230297,29.478582836234185],[-89.86295077002326,29.479567029107866],[-89.8634524063459,29.47995421478762],[-89.86360499148512,29.479910349573085],[-89.86386820504988,29.47965858072002],[-89.86389300034836,29.478971935357],[-89.86342188608413,29.47839972941975],[-89.86308619195064,29.47839972941975]]],[[[-91.34522840284522,29.325044146710784],[-91.34514693014052,29.325433237054057],[-91.34541150914453,29.3257536804192],[-91.34611341318167,29.32584523592906],[-91.34655591790073,29.325431338582217],[-91.34647962398365,29.324950686518697],[-91.34559401806418,29.3247680272854],[-91.34522840284522,29.325044146710784]]],[[[-89.56484768795269,29.703616749620195],[-89.5653168968902,29.70382209175279],[-89.56563160817527,29.703776315332878],[-89.56550191031288,29.70320029626525],[-89.56492398186977,29.702766071009094],[-89.56429437604335,29.702605822502843],[-89.5642145760017,29.70288005163368],[-89.56484768795269,29.703616749620195]]],[[[-91.33162518844665,29.30882023589357],[-91.33154889452958,29.30939244101287],[-91.33188458776473,29.30943821671979],[-91.33282692588767,29.30859023325966],[-91.33287640778845,29.3083605645889],[-91.3325398557639,29.3082922332108],[-91.33162518844665,29.30882023589357]]],[[[-90.98514062383768,29.29174847255712],[-90.9855269030031,29.29120948364491],[-90.9860599049022,29.29082748007979],[-90.9856838889889,29.290557985507792],[-90.98480974197919,29.291260868462],[-90.98514062383768,29.29174847255712]]],[[[-90.16660869155268,29.112887840710574],[-90.16621959257557,29.113116722793595],[-90.16619073958697,29.11391760084464],[-90.16684329557229,29.113528710044612],[-90.16702067960324,29.11320827548421],[-90.16692149751103,29.1128649528667],[-90.16660869155268,29.112887840710574]]],[[[-89.7325345859701,29.611321332673217],[-89.73232859059733,29.611845856288962],[-89.7326660292591,29.612353046341095],[-89.73290079587375,29.612330322020885],[-89.73300760735768,29.612101440026535],[-89.73287600057529,29.611365202596502],[-89.73274630001795,29.611208800125354],[-89.7325345859701,29.611321332673217]]],[[[-90.16405284443218,29.11458156705457],[-90.16405284443218,29.114741783890565],[-90.16428797576285,29.114855557807264],[-90.16470134362568,29.114741783890565],[-90.16504275823088,29.11439846089669],[-90.16501796293241,29.114169579310712],[-90.16471660510403,29.114135246008676],[-90.16405284443218,29.11458156705457]]],[[[-89.64775634244106,29.737050668559586],[-89.64801754377959,29.737372299469587],[-89.64838195345942,29.737187997476862],[-89.6480691483994,29.736479720238393],[-89.64772773199759,29.73650260840458],[-89.64775634244106,29.737050668559586]]],[[[-91.30742664890248,29.264976003495907],[-91.30719204398454,29.26545665581018],[-91.30732555789028,29.265639762053553],[-91.30768414019887,29.265616873791032],[-91.30795116801033,29.26509044469074],[-91.30774196116046,29.264930686678273],[-91.30742664890248,29.264976003495907]]],[[[-91.29446239538571,29.254363514597525],[-91.29422588424276,29.25461528469453],[-91.29438610146863,29.254912830801334],[-91.2950632102073,29.254706836590962],[-91.2950632102073,29.254455066719228],[-91.29485178811193,29.254317926604312],[-91.29446239538571,29.254363514597525]]],[[[-91.30826397396868,29.261401631603533],[-91.30810757098952,29.261813619287423],[-91.30823605971955,29.26190431679296],[-91.30886478879027,29.261699178343548],[-91.30886478879027,29.26137874395978],[-91.30860530323393,29.2612650995421],[-91.30826397396868,29.261401631603533]]],[[[-91.29610652974795,29.252711750206306],[-91.29610652974795,29.252940632485366],[-91.29655284961203,29.253081775505404],[-91.29681606497343,29.25289485575702],[-91.29681606497343,29.252597309266616],[-91.2963945395095,29.252459980126755],[-91.29610652974795,29.252711750206306]]],[[[-91.30847187556647,29.2640147007091],[-91.30842419119456,29.264380911763176],[-91.30855389175191,29.26449535284039],[-91.30907268948974,29.264358022435218],[-91.30915279855184,29.26408336420618],[-91.30894299072901,29.263900259093912],[-91.30847187556647,29.2640147007091]]],[[[-91.30714245338761,29.26236293622959],[-91.3069593470883,29.262752035055147],[-91.30711358243268,29.262866285954367],[-91.30750484904458,29.262820699400073],[-91.3077146568674,29.26256892912623],[-91.30755505408918,29.262272085529084],[-91.30714245338761,29.26236293622959]]],[[[-91.29694576373414,29.254500843533133],[-91.29684276739525,29.254867054955614],[-91.29694896443151,29.254980836583293],[-91.29739017647489,29.254889943272882],[-91.29751987613392,29.254683949016353],[-91.29751987613392,29.254477955912495],[-91.29728527211431,29.25438640302746],[-91.29694576373414,29.254500843533133]]],[[[-91.29341716782339,29.2554621471902],[-91.29325885772089,29.255713916934305],[-91.29331035633948,29.255965687626137],[-91.2938825616159,29.255828358305926],[-91.2939893722015,29.255599477002075],[-91.29388255981927,29.25546214640651],[-91.29341716782339,29.2554621471902]]],[[[-91.29582042800806,29.255759693184793],[-91.29563922973041,29.256244160120808],[-91.29607982822445,29.25626704891367],[-91.29629154317061,29.25606105507933],[-91.29629154317061,29.255759693184793],[-91.29582042800806,29.255759693184793]]],[[[-90.17693889511187,29.10963771747689],[-90.17673290153576,29.109797934947895],[-90.1767803173114,29.110140899706774],[-90.17719829442994,29.11004970453123],[-90.17738139983095,29.10982082347405],[-90.17732806236096,29.109569376688864],[-90.17693889511187,29.10963771747689]]],[[[-91.30596182096588,29.264220281987473],[-91.30645962148226,29.26392314774066],[-91.30645962148226,29.263759115329766],[-91.3060171167632,29.26362178628676],[-91.30573101502331,29.264083364989805],[-91.30596182096588,29.264220281987473]]],[[[-91.29475231227062,29.257136800439035],[-91.29514141124773,29.25718257683649],[-91.29537792239067,29.256747700625496],[-91.29498882341358,29.25658748363918],[-91.29469890742698,29.256999470340073],[-91.29475231227062,29.257136800439035]]],[[[-90.2339762634537,29.091742966553],[-90.23418225702983,29.091880295818772],[-90.23459424418205,29.09183452020218],[-90.23467626036748,29.091468309041915],[-90.233972449207,29.091468309041915],[-90.2339762634537,29.091742966553]]],[[[-91.30933556349135,29.263598600560748],[-91.30982800106545,29.26337001641804],[-91.30983181441385,29.263141133967444],[-91.30944653058174,29.26304958100053],[-91.30915661369684,29.263324240439093],[-91.30933556349135,29.263598600560748]]],[[[-91.29880161483916,29.2537684214575],[-91.29895610979668,29.253402210804396],[-91.29851360417932,29.253264881177554],[-91.29820079911929,29.25367686872118],[-91.29880161483916,29.2537684214575]]],[[[-89.81314185461692,29.417468909497742],[-89.81314185461692,29.417652014385563],[-89.81336856064854,29.4177073073754],[-89.81336856064854,29.417311301765753],[-89.81314185461692,29.417468909497742]]],[[[-89.88988334111781,29.474647673260773],[-89.88986380545533,29.474731397097422],[-89.88993689238684,29.47463595894097],[-89.88988334111781,29.474647673260773]]]]},"properties":{"cwa":"LIX","wfo":"LIX","citystate":"New Orleans LA"}}]}